Word,Count
the,28292
a,13264
be,12957
to,11271
of,8042
for,7161
and,5859
that,5678
in,5517
use,4975
you,4678
PowerShell,4537
this,4210
can,3274
parameter,2969
cmdlet,2909
element,2877
or,2690
name,2660
get,2645
object,2516
if,2465
not,2448
type,2435
by,2396
on,2312
value,2215
command,2141
string,1918
new,1893
with,1850
it,1833
as,1793
specify,1739
follow,1727
Windows,1693
path,1637
from,1636
file,1619
have,1592
when,1578
set,1542
create,1511
property,1485
script,1392
example,1369
return,1364
module,1327
process,1265
method,1241
define,1239
see,1206
help,1191
user,1162
information,1140
add,1121
how,1110
run,1097
more,1093
do,1092
display,1075
update,1026
table,985
list,941
line,937
one,906
class,893
all,883
write,860
function,858
0,830
net,824
<summary>,818
</summary>,814
attribute,807
character,802
1,794
item,794
only,784
control,777
datum,769
error,764
must,761
view,752
null,742
about,740
call,720
support,707
result,702
variable,702
default,700
version,692
true,688
any,671
public,663
they,653
show,637
format,628
output,623
contain,622
row,604
array,599
which,591
provide,588
I,578
expression,575
provider,571
allow,566
at,563
so,561
</param>,559
int,557
condition,557
include,542
code,538
base,536
no,536
pipeline,536
host,536
need,535
each,531
number,528
describe,524
also,524
we,523
session,518
should,509
override,507
message,507
sample,501
then,497
argument,496
other,486
but,486
install,484
start,482
opt,480
input,471
private,470
Cmdlet,468
statement,465
change,463
's,458
work,455
20,454
make,453
key,439
will,427
section,426
exception,422
available,421
issue,419
case,417
such,413
definition,413
system,409
drive,405
block,403
throw,402
out,402
void,398
into,397
child,397
application,387
foreach,385
same,385
stop,384
test,382
its,380
2,379
want,377
c,375
selection,374
content,372
exist,372
there,367
implement,364
05,363
Microsoft,356
first,355
operator,354
remove,353
computer,353
select,351
powershell,347
i,345
location,343
access,339
match,337
may,333
current,333
alias,332
remote,330
reference,330
require,329
find,329
tablename,325
xml,324
member,322
where,315
feature,314
specific,311
read,309
like,309
open,306
text,306
package,303
single,298
two,297
build,297
collection,295
Property,294
service,291
check,291
false,288
custom,286
parent,286
convert,283
way,281
invoke,280
Format,276
end,271
pass,270
7,269
topic,268
what,267
than,265
here,265
time,264
else,264
different,263
because,262
runspace,256
common,256
load,253
implementation,253
switch,252
d,251
operation,251
article,250
some,250
description,249
multiple,247
3,243
perform,242
resource,241
within,238
represent,237
try,236
5,232
e,230
group,230
configuration,227
take,227
wide,227
local,227
New,223
prompt,223
long,223
catch,222
Module,221
copy,220
verb,217
state,217
however,217
pattern,216
assembly,216
10,215
close,214
store,214
id,213
entry,213
both,213
Formatting,212
literal,207
enable,205
source,204
x,203
bool,203
whose,203
FileLast,202
column,201
connection,201
rownumber,200
Controls,199
option,199
designate,198
thanks,198
target,197
action,197
static,195
label,195
folder,194
ElementXMLThe,193
position,193
right,192
Community,191
before,191
most,190
server,190
execute,189
release,189
EntrySelectedBy,186
indicate,185
exit,185
double,185
document,185
JEA,184
environment,180
after,178
scope,178
wildcard,178
instance,176
instead,175
param,173
ElementsAttributesChild,173
part,172
comment,172
syntax,172
while,171
up,170
job,170
accept,169
trigger,169
pane,168
<returns>,167
</returns>,167
api,166
might,165
without,165
profile,165
retrieve,165
snap,164
debug,162
documentation,162
handle,162
length,161
Command,161
language,159
through,159
continue,159
ElementsﾉExpand,158
filter,158
look,158
directory,157
fix,156
functionality,156
pr,155
ElementView,155
hashtable,155
Code,154
enter,152
runtime,151
u,150
conversion,150
ElementViewDefinitions,149
execution,149
complete,148
another,147
dash,147
many,146
declare,146
dynamic,146
break,146
good,146
keyword,146
t,145
Proc,144
order,144
doc,144
n,143
generate,143
community,143
4,142
manifest,142
Linux,142
empty,142
second,142
just,142
limit,141
note,141
simple,141
form,140
click,140
WindowsPowerShell,139
event,139
give,138
now,138
loop,138
CustomItem,137
person,137
View,136
import,136
size,136
save,135
s,134
policy,134
determine,134
5.1,134
would,133
possible,133
binary,132
link,132
operand,132
choice,132
Framework,131
search,131
own,131
ErrorRecord,130
know,130
whether,130
left,130
log,130
program,130
manage,129
quote,129
role,129
extension,129
full,128
apply,128
next,126
char,126
console,126
previous,125
request,125
component,123
color,122
Method,122
present,122
place,122
Item,122
evaluate,120
optional,120
least,119
count,119
computername,119
between,119
eq,118
sure,117
could,117
image,117
terminate,117
protect,116
setting,116
pipe,116
record,116
feedback,115
identifier,115
even,115
completion,114
credential,114
shift,114
Collection,114
preview,113
security,113
SelectionCondition,113
username,113
Alias,113
behavior,113
derive,113
#endregion,112
#region,112
replace,112
6,111
.1,111
window,111
move,111
shell,111
tool,111
export,111
download,110
separate,110
Console,110
warning,110
</propertyname>,109
<propertyname>,109
contribute,109
merge,109
ISE,108
Service,108
last,108
tab,108
index,107
delete,107
late,107
da,106
over,106
mandatory,106
learn,106
CustomControl,106
occur,106
b,105
VS,105
WriteError,105
design,105
several,105
ArgumentException,104
identify,104
processname,104
internal,104
Member,104
bind,103
directly,103
force,103
cultureinfo.currentculture,103
noun,103
2.0,103
still,103
ElementCustomControl,103
console.writeline,102
Help,101
ElementCustomEntries,101
assign,100
always,100
easy,100
date,100
system.string,100
f,99
dependency,99
account,99
until,99
Name,99
ensure,98
mode,98
otherwise,98
sql,98
v,96
step,96
menu,96
namespace,96
pull,96
validate,96
ValueRemarksSee,95
point,95
something,95
submit,95
token,95
3.0,95
side,95
refer,95
ElementCustomEntry,94
rule,94
send,94
either,94
p,93
pair,93
ChildItem,93
begin,93
env,93
valid,93
ShouldProcess,93
yes,93
connect,92
share,92
<typename>,92
appear,92
correspond,92
Import,92
registry,92
sort,92
processing,91
ofthe,91
</typename>,91
DatabaseTableInfo,91
y,90
context,90
database,90
AccessDBPSDriveInfo,90
equal,89
root,89
container,89
register,89
platform,88
every,88
already,88
configure,88
j,87
under,87
decimal,87
2025parent,87
tableName,86
clause,86
DataRow,86
via,85
basic,85
8,84
.3,84
associate,84
demonstrate,84
culture,83
IdPRs,83
encode,83
project,83
installation,82
problem,82
unary,82
repository,82
Unicode,80
press,80
scenario,80
ctrl,80
background,80
meet,79
overwrite,79
standard,79
inside,79
let,79
interactive,79
elementsﾉexpand,79
data,79
<name>,79
thank,78
cmd,78
level,78
ProcessRecord,78
join,78
string.format,78
GitHub,78
ComputerName,77
recommend,77
non-terminating,77
interface,77
ProcessName,77
node,77
9,76
.2,76
mean,76
thing,76
correct,76
native,76
mergedIssues,76
hash,76
</name>,76
main,75
PS,75
tabletext,75
system.management.automation,75
contents,75
report,75
expandable,75
caption,75
top,75
integer,75
space,75
specification,74
once,74
receive,74
consider,74
temp,74
CustomEntry,74
client,74
three,74
assignment,74
edit,73
Markdown,73
<param name="path">,73
PSSession,73
map,73
modify,73
task,72
unique,72
much,72
HelpInfo,72
05/20/2025,72
domain,72
endpoint,72
maximum,72
breakpoint,72
except,72
confirm,72
zero,72
my,71
administrator,71
WMI,71
DataSet,71
cause,71
go,70
pm,70
very,70
publish,70
NotImplementedException,70
detail,70
automatically,70
core,70
capability,70
treat,69
ExpressionBinding,69
shortcut,69
experimental,69
range,68
header,68
bit,68
recurse,68
well,68
Value,68
fully,67
leave,67
ElementCustomItem,67
nothing,67
DisplayName,67
DataTable,67
primary,67
depend,67
m,66
platyps,66
Script,66
prevent,66
verbose,66
view.configuration,66
similar,66
high,66
following,66
destination,66
generic,66
Studio,65
improve,65
network,65
typically,65
large,65
choose,65
important,65
remoting,65
string.isnullorempty,64
PowerShellThe,64
CmdletLast,64
comparison,64
month,64
moreinformation,64
Update,64
credentials,63
expand,63
additional,63
blank,63
specified,63
you!GitHub,63
12,62
addition,62
pathtype,62
accessible,62
redirect,62
Status,62
avoid,62
ignore,62
Credential,62
Directory,61
memory,61
back,61
attempt,61
30,61
DSC,61
invocation,61
product,61
often,61
updatable,61
inthe,61
compile,61
Data,61
cab,61
DatabaseRowInfo,61
necessary,61
k,60
solution,60
adapter,60
split,60
initial,60
supply,60
ElementControls,60
w32time,60
bin,60
separator,60
Force,60
executable,60
positional,60
ViewDefines,60
validation,60
pwsh,60
red,60
web,60
7.4,60
general,60
schema,60
pscustomobject,59
psobject,59
particular,59
sequence,59
blog,59
qualified,59
dimensional,59
parallel,59
guideline,59
nest,59
button,59
suggestion,59
Frame,59
constrain,59
11,58
extend,58
query,58
thecmdlet,58
engine,58
Registry,58
online,58
viewwrit,58
ElementControl,58
tag,58
stack,58
7.2,58
PSObject,58
.4,57
ElementEntrySelectedBy,57
maintain,57
restrict,57
ElementsParent,57
System.String,57
l,56
Microsoft.PowerShell.Core,56
ps,56
element.Specifies,56
body,56
numeric,56
introduce,56
lock,56
verbatim,56
obtain,56
management,56
confirmation,56
comma,55
getnamesfrompath,55
scriptblock,55
byte,55
machine,55
arg,55
handler,55
proc,55
useful,55
element.specifies,55
screen,54
UI,54
PSModulePath,54
Copy,54
ConsoleColor,54
few,54
powershell.create,54
resolve,54
proxy,54
thefollow,54
ElementDefines,54
sign,54
declaration,54
ne,53
discuss,53
NoteThe,53
buffer,53
Management,53
trap,53
<scriptblock>,53
stringcomparison.ordinalignorecase,53
bracket,53
Attribute,53
FileSystem,53
whatif,53
word,53
great,53
OdbcDataAdapter,53
.７,52
Set,52
PathIsDrive,52
approach,52
difficult,52
explain,52
</scriptblock>,52
@martingc94,52
less,52
locate,52
cursor,52
explicitly,52
enumerate,52
CimInstance,51
produce,51
regular,51
Control,51
forControls,51
thread,51
notimplementedexception,51
hold,51
ok,50
understand,50
ToString,50
2025see,50
stringimplement,50
SSH,50
dispose,50
detailed,50
PSDrive,50
constructor,50
errorcategory.invalidargument,50
Invoke,50
too,50
appropriate,50
fail,50
compare,49
03,49
insensitive,49
automatic,49
representation,49
system.object,49
pathtype.table,49
wait,49
Version,49
original,49
password,49
since,49
3.1.0.0,48
address,48
against,48
PassThru,48
page,48
element.None.SchemaSyntax,48
below,48
Kevin,48
operating,48
performance,48
Visual,48
enclose,48
mark,47
os,47
enumeration,47
element.None.None.SchemaSyntax,47
prefix,47
box,47
MemberType,47
old,47
wrap,47
writeobject,47
used.specify,47
tothe,47
K,46
across,46
di,46
lt,46
theparameter,46
pathseparator,46
become,46
predictor,46
template,46
stream,46
relate,46
come,46
clear,46
operate,46
category,46
difference,46
virtual,45
32,45
title,45
above,45
keep,45
redirection,45
review,45
ValueFromPipelineByPropertyName,45
exponent,45
cast,45
GroupBy,45
author,45
100,45
CIM,44
gt,44
down,44
software,44
belong,44
binding,44
WinRM,44
parametersetname,44
exclude,44
transcript,44
currently,44
bar,44
finally,44
identity,44
pshome,44
macos,44
expose,44
SyntaxDescription,44
matching,44
Standard,44
active,44
7.5,44
internet,44
.5,43
le,43
PSHost,43
constant,43
childitem,43
day,43
Debug,43
copyrow,43
ex,42
Modules,42
escape,42
team,42
chapter,42
sensitive,42
rather,42
TypeName,42
during,42
power,42
small,42
experience,42
PSDriveInfo,42
special,42
why,42
restart,42
external,42
authentication,42
GetProcCommand,41
verify,41
whenever,41
console.foregroundcolor,41
writeitemobject,41
lts,41
ScriptToEvaluate,41
<selectionsetname>,41
adapt,41
logic,41
ItemSelectionCondition,41
critical,40
24,40
cd,40
purpose,40
Cmdlets,40
style,40
equivalent,40
parse,40
relative,40
tell,40
ThrowTerminatingInvalidPathException,40
Properties,40
GetDataSetForTable,40
real,40
cpu,40
minimum,40
print,40
Test,40
ItemProperty,40
who,40
7.3,40
workflow,40
conflict,40
pathtype.row,40
affect,40
７,40
immediately,39
effect,39
width,39
suspend,39
parenthesis,39
stable,39
PSReadLine,39
</selectionsetname>,39
Input,39
requestsor,39
intend,39
macOS,39
secure,39
post,39
field,39
TotalMilliseconds,39
synchronously,39
status,38
16,38
kind,38
disable,38
term,38
insert,38
outside,38
measure,38
none,38
ElementSelectionCondition,38
global,38
later,38
var,38
7.0,38
</listitem>,38
Basic,38
fill,38
<param name="message">,37
notimplementexception,37
WS,37
h1,37
Forexample,37
hello,37
ViewOptional,37
cover,37
reason,37
keyboard,37
filename,37
<listitem>,37
reflect,37
Docs,37
Remoting,37
low,37
NetTypeProperty,37
sdk,37
utf,37
<param name="tablename">,37
Access,37
table.rows.count,37
related,37
defaultchoice,37
stringthe,37
backtick,37
App,36
04,36
progress,36
nameof.nettype,36
table.rows,36
omit,36
developer,36
OdbcConnection,36
List,36
icon,36
protocol,36
Language,36
ciminstance,36
collect,36
complex,36
digit,36
lot,36
terminator,36
url,36
System,36
history,36
element.defines,36
region,36
regex,36
scripting,35
15,35
he,35
string.equals,35
permission,35
terminal,35
library,35
Register,35
notice,35
expect,35
overload,35
act,35
<viewselectedby>,35
</view>,35
system.serviceprocess.servicecontroller,35
aware,35
ps1,35
</viewselectedby>,35
microsoft,35
promptdata,35
approve,35
tableRemarksSee,35
precede,35
reach,35
Error,35
rectangle,35
ge,34
four,34
practice,34
ScriptBlock,34
concept,34
InputObject,34
encoding,34
PowerShellGet,34
various,34
<remarks>,34
unconstrained,34
individual,34
AliasProperty,34
isus,34
GetAdapterForTable,34
third,34
invalid,34
</remarks>,34
easily,34
letter,34
psm1,34
this.writeline,34
transaction,34
123,34
bythe,34
CmdletBinding,34
correctly,34
NameofSelectionSet,33
21,33
psitem,33
ContributorsﾉExpand,33
Word,33
suffix,33
runspacefactory.createrunspace,33
URI,33
establish,33
<maml:para>,33
unless,33
age,33
app,33
InitialSessionState,33
big,33
cancel,33
elseif,33
able,33
tableParent,33
Hashtable,33
signature,33
<view>,33
Session,33
Filter,33
thecommand,33
actual,32
01,32
C#,32
VM,32
c#,32
3.0.0.0,32
Split,32
trust,32
SDK,32
OdbcCommand,32
Tab,32
Runspace,32
prediction,32
view.the,32
file.configuration,32
abc,32
whendefine,32
dotnet,32
switchparameterimplement,32
ets,32
editor,32
pool,32
launch,32
getdatatable,32
thecondition,32
subexpr,32
ship,32
ALC,32
r,31
Group,31
am,31
filing,31
CurrentVersion,31
exactly,31
errorcategory.invalidoperation,31
happen,31
reduce,31
Table,31
development,31
iterate,31
further,31
ElementGroupBy,31
guid,31
displayed.configuration,31
txt,31
form.controls.add,31
x86,31
startup,31
never,31
directive,31
EntrySelectedByfor,31
Formore,31
alternate,31
extended,31
normalparent,30
Configuration,30
08,30
remember,30
ability,30
Custom,30
structure,30
this.current,30
increment,30
guide,30
whitespace,30
authoring,30
ShouldContinue,30
console.backgroundcolor,30
minor,30
debugging,30
5.17.4,30
dot,30
Environment,30
system.int32,30
PSHostUserInterface,30
restore,30
listener,30
although,30
testing,30
offset,30
compatibility,30
anything,30
ref,30
helper,30
advanced,30
hand,30
thePowerShell,30
groupresult,30
conceptual,30
pssession,30
usr,30
system.drawing.size,30
7.1,30
7.6,30
2025ﾉexpand,30
visible,30
distribution,30
loading,30
itself,30
string.empty,29
MachineName,29
passthru,29
PowerShellYou,29
ui,29
early,29
actually,29
foreground,29
server01,29
mention,29
Container,29
non-windows,29
permit,29
forCustomControl,29
WMF,29
int32,29
pathchunk,29
ElementWriting,29
ElementExpressionBinding,29
turn,29
</entryselectedby>,29
MemberMember,29
<entryselectedby>,29
ArrayList,29
Time,29
requirement,29
zip,29
newline,29
carriage,29
rename,29
C,28
-1,28
lifecycle,28
SelectionSetName,28
MyHost,28
SDKLast,28
Ubuntu,28
discover,28
itemproperty,28
viewselectedby,28
Stop,28
branch,28
youcan,28
PowerShellSyntax,28
clean,28
copytablename,28
system.management.automation.runspaces,28
1.0,28
configurationwrit,28
GetType,28
pixel,28
normalizepath,28
hide,28
Dictionary,28
<int>,28
navigate,28
initialize,28
odbc,28
q,27
previously,27
quick,27
usually,27
Definition,27
visual,27
valuefrompipeline,27
entire,27
WildcardPattern,27
ConsoleColor.Black,27
</tablecolumnitem>,27
impact,27
logical,27
entryselectedby,27
Open,27
process.getprocesses,27
WinEvent,27
subset,27
<tablecolumnitem>,27
Provider,27
per,27
System.Boolean,27
combine,27
5.0,27
<string>,27
ListItem,27
everything,27
PSListenerConsoleSample,27
hklm,27
arbitrary,27
instruction,27
1024,26
creation,26
http,26
typename,26
compatible,26
system.management.automation.powershell,26
Docker,26
involve,26
this.instancelock,26
elevated,26
mechanism,26
archive,26
finish,26
Use,26
selectioncondition,26
pathtype.invalid,26
<label>,26
append,26
together,26
ElementTableControl,26
apt,26
Math,26
coordinate,26
dll,26
delimiter,26
subsystem,26
towrite,26
psd1,26
cache,26
Matches,26
str,26
deploy,26
this.currentpowershell,26
args,26
HelpUri,26
home,26
deal,26
element.Defines,25
23,25
CanPauseAndContinue,25
remain,25
disk,25
preference,25
Controlsfor,25
CategoryInfo,25
7.0.0.0,25
system.collections.objectmodel,25
ValidateSet,25
direct,25
recognize,25
Save,25
certificate,25
installer,25
optionally,25
Fabrikam,25
classname,25
ConstrainedLanguage,25
inputobject,25
implicit,25
easierto,25
ask,25
normal,25
fragment,25
SwitchParameter,25
Export,25
Processing,25
render,25
plan,25
Syntax,25
ConfigurationDefines,25
respect,25
jea,25
<param name="value">,25
metadata,25
audit,25
situation,25
theresult,25
obj,25
lexical,25
PowerShellThis,25
src,25
butcannot,25
State,25
ValidateNotNullOrEmpty,25
scalar,25
ViewSpecifies,25
explicit,25
editorial,25
amount,25
.6,24
31,24
chord,24
dc,24
calendar,24
v3,24
scale,24
NumberOfCharactersToShift,24
Core,24
printer,24
certain,24
thevalue,24
injection,24
retain,24
Run,24
thesame,24
SampleThis,24
focus,24
Gallery,24
highlight,24
listbox.items.add,24
vendor,24
Updateable,24
think,24
drive.root,24
off,24
rowcount,24
fullyqualifiederrorid,24
okbutton,24
criticalprocess,24
therefore,24
copyrownumber,24
cancelbutton,24
normalchild,24
hard,24
Microsoft.PowerShell.U,24
customize,24
h,23
notation,23
assume,23
Trace,23
13,23
<commonparameters>,23
typeﾉexpand,23
beus,23
AccessDBProvider,23
ProgramFiles,23
float,23
LastWriteTime,23
view.creating,23
WriteObject,23
Unix,23
brace,23
ValueFromPipeline,23
beginning,23
<maml:description>,23
<param name="args">,23
Json,23
converter,23
upgrade,23
you.For,23
extract,23
bug,23
multiply,23
short,23
system.drawing.point,23
candidate,23
AlsoLast,23
enum,23
abstract,23
Software,23
week,23
forthe,23
manipulate,23
live,23
restriction,23
Select,23
put,23
commonly,23
<param name="caption">,23
Center,23
ErrorAction,23
white,23
serverc,23
dataset,23
away,23
hkcu,23
skip,23
casesensitive,23
onthe,23
consist,23
myrunspace,23
LastName,22
</label>,22
ServiceName,22
writeverbose,22
10240,22
manually,22
lookup,22
AppLocker,22
onto,22
Integrated,22
bitwise,22
config,22
</maml:para>,22
around,22
origin,22
2012,22
Remote,22
FirstName,22
GetHashCode,22
usage,22
ValidatePattern,22
initiate,22
reader,22
square,22
choices.count,22
usedwhen,22
lead,22
this.processnames,22
along,22
pid,22
delimit,22
Example,22
VerbsCommon.Get,22
Microsoft.Samples.PowerShell.Host,22
green,22
presentation,22
dc01,22
NoteThis,22
processor,22
pullrequest,22
PropertyName,22
asynchronously,21
22,21
36,21
Csv,21
Guid,21
Development,21
ThreadJob,21
inline,21
splat,21
interpret,21
Key,21
though,21
guess,21
exitcode,21
Preview,21
AddCommand,21
encounter,21
interactively,21
CmdletProvider,21
console.readline,21
little,21
untrusted,21
reserve,21
ImportantThe,21
ForEach,21
Count,21
@jborean93,21
Location,21
fit,21
hit,21
thePropertyName,21
.10,21
cred,21
Microsoft.PowerShell.ManagementCmdlet,21
Clear,21
andthe,21
expansion,21
inference,21
tableText,21
notepad,21
upon,21
JSON,21
whole,21
flag,21
system.diagnostics.process,20
18,20
1x,20
ID,20
dr,20
Advanced,20
universal,20
vary,20
hyphen,20
raise,20
CustomEntries,20
pause,20
GroupByWriting,20
quotation,20
itevaluate,20
+002,20
liner,20
ElementListControl,20
running,20
process.id,20
exact,20
privilege,20
getrow,20
Content,20
result.members,20
+2015,20
+2014,20
+2013,20
iteration,20
boolean,20
prefer,20
editing,20
com,20
system.console.writeline,20
Event,20
Kerberos,20
Providers,20
typo,20
themodule,20
almost,20
characteristic,20
detect,20
ise,20
EnDash,20
Scripting,20
system.diagnostics,20
ElementsElementDescriptionSelectionCondition,20
copypath,20
ElementScriptBlock,20
EmDash,20
underlie,20
bypass,20
console.largestwindowheight,20
console.largestwindowwidth,20
serverb,20
Represents,20
horizontal,20
inherit,20
repeat,20
slow,20
processid,20
AlsoScriptBlock,20
09,19
17,19
64,19
ElementFrame,19
definingcondition,19
ElementOptional,19
discussion,19
inspect,19
ElementListEntries,19
di.connection,19
Policy,19
Wildcard,19
TableRowEntry,19
GetTables,19
colon,19
win32exception,19
blue,19
<listentry>,19
toolbar,19
benefit,19
system.management.automation.host,19
TableColumnItem,19
especially,19
navigation,19
system.globalization,19
ShouldExit,19
Verbose,19
System.Management.Automation.PowerShell,19
writer,19
System.Collections.Generic,19
</listentry>,19
this.PSDriveInfo,19
piece,19
likely,19
consistent,19
significant,19
ValueRemarksExample,19
da.update,19
system.text,19
simplify,19
InvalidOperationException,19
round,19
Class,19
say,19
3.1,19
thescriptblock,19
asjob,19
6.0,19
explorer,19
resolution,19
fast,19
canbe,19
segment,19
json,19
adcomputer,19
filesystem,19
Contributor,19
getprocpssnapin01,18
ExitCode,18
26,18
ip,18
ms,18
isdisplay,18
free,18
ConvertFrom,18
enumerator,18
supportsshouldprocess,18
Online,18
Manager,18
interrupt,18
again,18
</listcontrol>,18
ElementListEntry,18
AlsoSelectionSetName,18
powershell.invoke,18
controller,18
quickly,18
Assembly,18
normalize,18
keystroke,18
GroupByDefines,18
ProcessId,18
Shell,18
NuGet,18
ElementTypeName,18
i.e.,18
Base,18
theTypeName,18
enough,18
PIPELINE,18
<system.string>,18
HandleCount,18
foo,18
James,18
LogName,18
walk,18
accessdbpsdriveinfo,18
relativespeed,18
PSCmdlet.ShouldProcess,18
BuildHotkeysAndPlainLabels,18
handling,18
ElementTableRowEntries,18
subscript,18
valuetoconvert,18
modulemember,18
oldfg,18
Conversion,18
view.The,18
row.itemarray,18
ModuleManifest,18
ElementPropertyName,18
acmdlet,18
sb.append,18
sub-expression,18
illustrate,18
PSDataCollection,18
action?performing,18
<listcontrol>,18
V,17
o,17
14,17
40,17
admin,17
ListControl,17
sudo,17
Parameters,17
cn,17
ws,17
dynamically,17
tocreate,17
<listitems>,17
reset,17
preserve,17
ﾉExpand,17
<selectioncondition>,17
browser,17
LTS,17
sleep,17
MSI,17
Azure,17
talk,17
<process>,17
Parameter,17
stringbuilder,17
Include,17
withthe,17
tech,17
TableNameIsValid,17
examine,17
Top,17
fromthe,17
predictive,17
dialog,17
element.none.none.schemasyntax,17
RemoveItem,17
rely,17
2025child,17
SecureString,17
</selectioncondition>,17
LiteralPath,17
typeof,17
ElementWideControl,17
RunningServiceType,17
dns,17
GUID,17
production,17
System.Management.Automation.PSCredential,17
asshown,17
thedata,17
develop,17
AlsoHow,17
win32_networkadapterconfiguration,17
associated,17
Console.ForegroundColor,17
intellisense,17
AlsoTypeName,17
paragraph,17
interpreter,17
EventLog,17
10:10:11,17
xor,17
Start,17
batch,17
NoteProperty,17
7.7,17
theformatt,17
confirmpreference,17
2025text,17
site,17
ready,17
constraint,17
naming,17
aredisplay,17
combination,17
comobject,17
seedefine,17
multiplicative,17
associative.examples,17
accommodate,17
transfer,17
model,17
specifically,16
02,16
25,16
bash,16
StringBuilder,16
ConfirmImpact,16
stringget,16
ElementSelectionSetName,16
followingcommand,16
tutorial,16
technique,16
viewdefining,16
<maml:name>,16
<tablecolumnheader>,16
NPM,16
iexplore,16
light,16
substitution,16
102400,16
future,16
suppress,16
book,16
Workflow,16
formattingfor,16
Certificate,16
myobject,16
differently,16
deliver,16
row.rownumber,16
ValidateRange,16
formatting,16
</tablecolumnheader>,16
generally,16
closing,16
desire,16
scriptcomment,16
thepipeline,16
replicate,16
implicitly,16
+0060,16
NoteFor,16
CultureInfo,16
theSelectionSetName,16
executionpolicy,16
Anderson,16
hotkeysandplainlabel,16
StopProcCommand,16
WideEntry,16
GroupByOptional,16
rownumberasstr,16
Variable,16
persistent,16
iss,16
PowerShellIn,16
localhost,16
proper,16
locally,16
writeline,16
push,16
wish,16
format.ps1xml,16
</listitems>,16
System.Object,16
notcontain,16
safe,16
upload,16
ConfigurationName,16
powershell.exe,16
final,16
grant,16
ConvertTo,16
bullet,16
Target,16
caller,16
contrast,16
DataColumnCollection,16
WideItem,16
ConsoleColor.Cyan,16
datetime,16
right.specify,16
sometimes,16
2025this,16
psstyle.foreground.fromrgb,16
whenthe,16
system32,16
ordinary,16
</value>,16
normalpath,16
Support,16
PowerShellTo,16
Security,16
Desktop,16
descend,16
forselectioncondition,16
cmd.exe,16
new.directory,16
theview,16
Root,16
retval,16
procid,16
trace,16
</maml:description>,16
copyrow.itemarray,16
ServiceType,16
forexpressionbind,15
CSV,15
19,15
29,15
50,15
methoddouble,15
ab,15
sb,15
</width>,15
PSCmdlet,15
this.myrunspace,15
ServiceHandle,15
paste,15
worth,15
sync,15
hence,15
party,15
azure,15
desttablename,15
2025７,15
caution,15
presence,15
module.area,15
bottom,15
TopicHow,15
margin,15
SupportsShouldProcess,15
1.0.0.0,15
idea,15
Random,15
batchverbose,15
possibly,15
+000,15
ClassName,15
GroupBySpecifies,15
legacy,15
customobject,15
strongly,15
braced,15
entity,15
thecontrol,15
SelectionConditionfor,15
thatcan,15
replacement,15
<width>,15
consolecolor.black,15
thisdefinition,15
powershell.addcommand,15
Boolean,15
ConfigurationOptional,15
@yotsuda,15
dictionary,15
risk,15
RoleCapabilities,15
edge,15
<type>,15
@ArmaanMcleod,15
currentpowershell,15
atx,15
cmdlet.the,15
normalbasepath,15
question,15
getnextid,15
construct,15
WSManConnectionInfo,15
align,15
hop,15
ElementDefaultSettings,15
</maml:name>,15
orfile,15
employee,15
AddParameter,15
subdirectory,15
initialsessionstate.createdefault,15
MyRawUserInterface,15
ProcessById,15
Drive,15
device,15
ever,15
view.this,15
<value>,15
tableremarkssee,15
interact,15
elevate,15
Saturday,15
idnum,15
tableGitHub,15
encapsulate,15
stand,15
mergedissue,15
lose,15
oldbg,15
administrative,15
console.title,15
this.currentpowershell.invoke,15
</viewdefinitions>,15
amodule,15
dimension,15
please,15
accelerator,15
HKCU,15
WSMan,15
ElementWideEntries,15
apowershell,15
psreadline,15
PSHostRawUserInterface,15
<t>,15
filepath,15
onlyget,15
Declaration,15
<customcontrol>,15
deep,15
response,15
system.boolean,14
thetype,14
flow,14
automation,14
basepath,14
.7,14
duplicate,14
g.,14
telemetry,14
reverse,14
<viewdefinitions>,14
regardless,14
symbolic,14
variant,14
reuse,14
<wideitem>,14
ContributorsThe,14
chunk,14
driver,14
disabled,14
ElementTableRowEntry,14
HKEY_CURRENT_USER,14
forentryselectedby,14
mainstream,14
ArgumentNullException,14
PowerShellOutputYou,14
express,14
forward,14
Microsoft.PowerShell.UtilityCmdlet,14
instruct,14
<tablecontrol>,14
removedrivefrompath,14
email,14
channel,14
thanks@martingc94,14
effort,14
</customitem>,14
myfile1.txt,14
limited,14
byus,14
allocate,14
theproperty,14
tobe,14
matchingprocess,14
Operator,14
this.buffer.length,14
Administrators,14
firstname,14
grammar,14
normally,14
applicable,14
atl,14
analogous,14
erroraction,14
CenterScreen,14
discovery,14
pick,14
dir,14
splatting,14
</wideitem>,14
extra,14
uint32,14
win32_operatingsystem,14
workload,14
limitation,14
this.psdriveinfo.root,14
Verb,14
gettable,14
forcustomentry,14
Mode,14
isthe,14
this.shouldexit,14
calculate,14
Youcan,14
major,14
pwnd,14
PSSessionConfiguration,14
serialize,14
Implementationdefined,14
really,14
toc,14
writable,14
x64,14
decide,14
month.ps1,14
depth,14
logname,14
organize,14
debugger,14
currentoffset,14
unit,14
canuse,14
HKLM,14
</command:parameter>,14
quality,14
forEntrySelectedBy,14
thecurrent,14
used,14
ElementEnumerableExpansions,14
contributor,14
this.exitcode,14
contribution,14
<customitem>,14
externalhelp,14
Package,14
FormatString,14
U,13
unlike,13
FilterHashtable,13
band,13
28,13
modification,13
speed,13
formatdata,13
</formatstring>,13
temporary,13
localization,13
FullLanguage,13
Attributes,13
dd,13
en,13
gc,13
thattrigger,13
improvement,13
BIND,13
Palette,13
colvalue,13
6/2017,13
SOFTWARE,13
scroll,13
specifythe,13
evaluation,13
<formatstring>,13
troubleshoot,13
negative,13
closedThe,13
Red,13
TableColumnHeader,13
populate,13
violation,13
attack,13
pathparameter,13
guarantee,13
explore,13
groupby,13
</tablecontrol>,13
lastwritetime,13
ofobject,13
StartTime,13
codespace,13
MyHostUserInterface,13
<PSObject>,13
rest,13
programming,13
arm64,13
informationabout,13
cleanup,13
nextid,13
historical,13
ActionSynonyms,13
commoncontrol,13
activity,13
inpowershell,13
Common,13
Sqrt,13
WriteDebug,13
dangerous,13
system.management.automation.cmdlet.shouldprocess,13
ElementWideEntry,13
synopsis,13
AutoSize,13
effective,13
semantics,13
deb,13
CimSession,13
ds.tables,13
cell,13
system.int64,13
etc,13
exe,13
isnot,13
this.runspace,13
aparameter,13
this.runscript,13
lab,13
alsohow,13
PSPath,13
Office,13
mix,13
workspace,13
copytable,13
sub,13
TrueDisplayName,13
file2,13
predefined,13
types.ps1xml,13
FileInfo,13
Iterations,13
currentPowerShell,13
</alignment>,13
HKEY_LOCAL_MACHINE,13
administration,13
orscript,13
precedence,13
self,13
translate,13
sender,13
6.2,13
success,13
PSDesiredStateConfiguration,13
Artifact,13
BeginProcessing,13
theWindows,13
wildcardpattern,13
<alignment>,13
parametername,13
ElementItemSelectionCondition,13
</customcontrol>,13
resulttype,13
wsman,13
feel,13
linenumber,13
imply,13
sbyte,13
delegate,13
decrement,13
ODBC,13
Direct,13
uninstall,13
markdown,13
SessionStateCmdletEntry,13
used.configuration,13
youwant,13
suggest,13
A,12
copytable.rows.count,12
areavailable,12
OS,12
table.name,12
pl,12
pt,12
processnames,12
set.the,12
<configuration>,12
ListEntry,12
WebRequest,12
this.runspace.open,12
partial,12
pathChunks,12
minute,12
cimsession,12
popular,12
Entry,12
technology,12
graphical,12
PlatyPS,12
system.console.readkey,12
win32ownprocess,12
mapping,12
CmdletWindows,12
medium,12
PSBreakpoint,12
robust,12
English,12
accessibility,12
newitem,12
slice,12
psdrive,12
manager,12
thehelp,12
remotecomputer,12
friendly,12
palette,12
TableControl,12
hexadecimal,12
Show,12
debug.assert,12
results.add,12
forGroupByDefines,12
shouldexit,12
equality,12
countdefault,12
ofpowershell,12
AlsoPropertyName,12
enforce,12
convertto,12
center,12
system.stringsplitoptions,12
microsoft.powershell_profile,12
<tablecolumnitems>,12
Enable,12
discard,12
system.windows.forms.button,12
brief,12
reusable,12
explanation,12
GetHotkeyAndLabel,12
<param name="row">,12
ignorecase,12
ElementsElementDescriptionEntrySelectedBy,12
PathType,12
<choicedescription>,12
cda,12
copying,12
clr,12
dsc,12
<wideentry>,12
cert,12
far,12
writedebug,12
failure,12
reading,12
copytable.newrow,12
PowerShellDescription,12
path.replace,12
ascript,12
uint64,12
warn,12
answer,12
PSCredential,12
copytype,12
Keys,12
helpmessage,12
placeholder,12
writing,12
GetDataTable,12
optimize,12
notemanual,12
<widecontrol>,12
conn,12
readability,12
ExecutionPolicy,12
</tablerowentry>,12
pop,12
Rename,12
thescript,12
scriptproperty,12
numbered,12
viewcreat,12
raw,12
asystem.management.automation.runspaces.initialsessionstate,12
behind,12
copytable.rows.add,12
<tablerowentry>,12
snapshot,12
Resource,12
andthen,12
win,12
</widecontrol>,12
</tablecolumnitems>,12
Files,12
cultureinfo.invariantculture,12
NullDrive,12
5120,12
fact,12
clone,12
System.Windows.Forms.DialogResult,12
GetRows,12
serialization,12
publishing,12
plain,12
touse,12
System.Math,12
12.3.7,12
<param name="client">,12
initializer,12
Updatable,12
overview,12
PSProvider,12
trail,12
logon,12
Microsoft.PowerShell.SecurityCmdlet,12
usethe,12
</configuration>,12
recommendation,12
accessDBPSDriveInfo,12
descriptor,11
w,11
displayname,11
Regex,11
CLR,11
06,11
33,11
60,11
75,11
understanding,11
DLL,11
HH,11
trick,11
valueof,11
Store,11
mm,11
nd,11
dive,11
rc,11
v2,11
inlinescript,11
NoteManual,11
CimMethod,11
GUI,11
assemblyname,11
WebCmdlets,11
properly,11
MrPSVersion,11
malicious,11
ArgumentList,11
2025in,11
automate,11
convention,11
func,11
Noun,11
PowerShellOutputThe,11
safeconvertrownumber,11
RootModule,11
Explorer,11
drop,11
<itemselectioncondition>,11
aWindows,11
win32shareprocessstarttype,11
sysmgmt,11
summary,11
dependent,11
bnot,11
mymodule,11
procedure,11
concatenation,11
distinct,11
nothing.c,11
respond,11
attach,11
both.the,11
tend,11
December,11
inform,11
official,11
ValidateCount,11
web01,11
acommand,11
PowerShell.The,11
nullps,11
John,11
agelist,11
this.currentpowershell.dispose,11
completer,11
architecture,11
INPUT,11
int16,11
bxor,11
<listentries>,11
ps.invoke,11
enhance,11
<psobject>,11
andis,11
following.creating,11
PSCustomObject,11
DeclarationThe,11
2026,11
distinguish,11
thesystem.management.automation.cmdlet.processrecord,11
alt,11
increase,11
System.IntPtr,11
clipboard,11
bor,11
2.3.2.2,11
MappingStrings,11
successful,11
ascend,11
crl,11
distribute,11
consistency,11
intget,11
Marquette,11
aduser,11
due,11
CONTOSO,11
notoall,11
ElementsElementDescriptionFrame,11
Automatic,11
System.Double,11
fan,11
name.the,11
user1,11
outputtype,11
greeting,11
myhost,11
modulemanifest,11
tableRemarksExample,11
data.selectioncondition,11
SimpleMatch,11
psscriptroot,11
<databaserowinfo>,11
asterisk,11
PSRP,11
thedefault,11
this.currentpowershell.runspace,11
Blue,11
OutputType,11
Microsoft.ActiveDirectory,11
pwsh.exe,11
website,11
nor,11
powershell.runspace,11
npm,11
Spooler,11
Columns,11
Pattern,11
runtimeexception,11
Return,11
<command:parameters>,11
delay,11
Cache,11
<object>,11
1.1,11
ansi,11
<param name="choices">,11
<members>,11
alignment,11
</itemselectioncondition>,11
</listentries>,11
Read,11
area,11
Library,11
psreadlinekeyhandler,11
Discovery,11
8.0,11
String,11
helpful,11
ToUpper,11
ElementsNone.ElementDescriptionSelectionCondition,11
Microsoft.PowerShell.M,11
Ifyou,11
deprecate,11
capture,11
Trim,11
DCOM,11
ProviderLast,11
microsoft.samples.powershell.commands,11
track,11
outputter,11
MatchInfo,11
foregroundColor,11
EndProcessing,11
DHCP,11
delegation,11
resume,10
Alt,10
netstandard,10
console.cursorsize,10
ﾉexpand,10
business,10
NoteYou,10
PatternParameterSet,10
meaning,10
38,10
49,10
arepresent,10
thecontrol.Specify,10
Lo,10
Lu,10
view.specify,10
TO,10
ElementProvides,10
AccessAllowed,10
additive,10
p1,10
p2,10
itemtype,10
PromptForCredential,10
reference.the,10
unspecified,10
criterion,10
<param name="rectangle">,10
Foundation,10
removetable,10
state.this,10
world,10
ErrorVariable,10
matter,10
learn.during,10
server02,10
https://www.microsoft.com/download/details.aspx?id=36389that,10
mind,10
miss,10
physical,10
slash,10
us.please,10
<customcontrolname>,10
MMM,10
ScriptProperty,10
NewDrive,10
EnumerableExpansion,10
tail,10
PSRawUserInterface,10
serve,10
thename,10
ps.addcommand,10
</wideentry>,10
bound,10
parameter.c,10
stderr,10
figure,10
shouldprocess,10
</selectionset>,10
unknown,10
<wideentries>,10
PowerShellPowerShell,10
ServiceController,10
layout,10
wildcardoptions.ignorecase,10
ViewRequired,10
</customcontrolname>,10
indent,10
PowerShellFor,10
portion,10
erroredcommand,10
theexception,10
+201,10
Guide,10
batchsize,10
PowerShellOutput,10
tar.gz,10
potential,10
prerequisite,10
4.5.12,10
CimCmdlets,10
thepowershell,10
enumerable,10
customcontrol,10
getadapterfortable,10
compromise,10
controldefinition,10
getlifetimeservice,10
contoso,10
</wideentries>,10
unable,10
middle,10
utility,10
technical,10
<param name="username">,10
newtablename,10
</members>,10
thanks@armaanmcleod,10
department,10
ConsoleColor.Blue,10
Zero,10
theme,10
system.collections,10
System32,10
reflow,10
PSScriptAnalyzer,10
bad,10
stateof,10
COERCION,10
value.width,10
OpenSSH,10
ConsoleCancelEventHandler,10
int32implement,10
<param name="options">,10
typedata,10
tableSpecify,10
advantage,10
year,10
forum,10
faq,10
ItemExists,10
tosupport,10
buffercell,10
<param name="drive">,10
convenience,10
theobject,10
CustomEntryfor,10
winlogon,10
ioe,10
Power,10
Business,10
sentence,10
PowerShellIf,10
thesystem.management.automation.host.pshostuserinterface,10
foritemselectioncondition,10
cmdlet.C,10
theresource,10
someone,10
BufferCell,10
targetname,10
MicrosoftDownload,10
CanStop,10
value.height,10
object.the,10
traditional,10
ps1xml,10
inmultiple,10
compute,10
theMicrosoft,10
providersupport,10
prior,10
alpha,10
positive,10
numberof,10
Department,10
<param name="targetname">,10
unnecessary,10
csharp,10
backgroundColor,10
sln,10
ssh,10
thenumber,10
2.1,10
participate,10
3.3,10
subject,10
HostName,10
notlike,10
slightly,10
<param name="backgroundcolor">,10
by@kevinmarquette,10
parameterswrit,10
NoLanguage,10
wmi,10
TrueCanShutdown,10
seek,10
WSUS,10
framework,10
console.bufferwidth,10
myfeedbackprovider,10
alternative,10
microsoftsdk,10
<param name="fill">,10
theremote,10
fall,10
arithmetic,10
uiculture,10
AccessDB,10
CustomControlfor,10
thecollection,10
setbuffercontent,10
view.schemasyntax,10
docker,10
prepare,10
notable,10
Microsoft.PowerShell.C,10
builder,10
Pipeline,10
psbreakpoint,10
Program,10
recently,10
psreadlineoption,10
</command:parameters>,10
element.SchemaSyntax,10
Homebrew,10
chunkpath,10
<selectionset>,10
VerbsLifecycle.Stop,10
ByPropertyName,10
PSCredentialTypes,10
Desired,10
five,10
seethe,10
spam,10
span,10
this.runspace.close,10
recursively,10
<param name="name">,9
semicolon,9
PredictionClient,9
InstanceId,9
</customentry>,9
42,9
55,9
C.,9
decorate,9
system.environment,9
FieldDescription,9
f1,9
<param name="e">,9
transcription,9
ie,9
userdata,9
pi,9
rm,9
panectrl,9
deserialized,9
PSGallery,9
diagram,9
ApplicationsWindows,9
meta,9
netframework,9
<leftindent>,9
ElementRequired,9
frequently,9
ElementListItems,9
inyour,9
offer,9
beginprocessing,9
programmatically,9
StartType,9
selectionsetname,9
IoT,9
myrunspace.open,9
respectively,9
decode,9
shorthand,9
toRegister,9
Job,9
1.0.1.0,9
error.the,9
sb.tostring,9
casing,9
acommon,9
defaultsessionstate,9
lockdown,9
Alex,9
</customentries>,9
#The,9
PSCredentialUIOptions,9
series,9
forGroupByOptional,9
winget,9
bespecify,9
sucha,9
mock,9
ElementsNone.ElementDescriptionExpressionBinding,9
ViewProvides,9
6.15,9
thespecify,9
<param name="foregroundcolor">,9
setitem,9
idpr,9
DependentServices,9
localcomputer,9
theSystem.Management.Automation.Provider.NavigationCmdletProvider,9
privileged,9
Wrap,9
todisplay,9
acustom,9
process.processname,9
notin,9
data.count,9
rank,9
ancestor,9
Defender,9
thus,9
form.showdialog,9
desttype,9
standalone,9
Corporation,9
ValidateScript,9
SendGreetingCommandDynamicParameters,9
<groupby>,9
ReadKey,9
ActiveDirectory,9
commandline,9
<param name="input">,9
condition.scriptblock,9
thesystem.management.automation.cmdlet.shouldprocess,9
ormore,9
CDXML,9
HelpInfoUri,9
similarly,9
system.management.automation.cmdlet.beginprocessing,9
<expressionbinding>,9
revisit,9
complexity,9
ItemType,9
pathseparator.tochararray,9
bring,9
TableRowEntries,9
Thursday,9
HotFix,9
persist,9
powershellto,9
non-interactive,9
objects.the,9
yourprovider,9
FreeSpace,9
VerbsDiagnostic.Test,9
</expressionbinding>,9
ConfigurationSpecifies,9
2022,9
2027,9
ThrowTerminatingError,9
arm,9
Helper,9
WideControl,9
Choices,9
natural,9
myscript.ps1,9
csv,9
dda,9
inputcollection,9
system.io.filenotfoundexception,9
thestatement,9
partition,9
Exchange,9
RelativeSpeed,9
parameter.the,9
fallback,9
license,9
plug,9
ArgumentCompleter,9
intent,9
encrypt,9
control.expressionbinding,9
destrownumber,9
underscore,9
getitem,9
thesystem.management.automation.host.pshostrawuserinterface,9
port,9
city,9
<customentries>,9
differ,9
adjust,9
GridView,9
AlsoWindows,9
overhead,9
cross-platform,9
overall,9
firewall,9
theuser,9
notmatch,9
system.security.securestring,9
eliminate,9
backgroundcolor,9
system.drawing,9
DoProcessLogic,9
notification,9
alone,9
providercapabilities.none,9
7.11,9
ASCII,9
thefunction,9
this.myhost.ui.writeerrorline,9
aspect,9
<newline/>,9
rte,9
Domain,9
</leftindent>,9
win32_bios,9
both.The,9
psitem.id,9
<tablerowentries>,9
proceeds,9
TextToDisplay,9
productionworkload,9
ValidateLength,9
200,9
customization,9
XMLThe,9
FullName,9
Smith,9
FalseCanStop,9
Source,9
PowerShellWindows,9
4.0,9
deployment,9
familiar,9
desktop,9
notethe,9
usual,9
thewindow,9
refresh,9
yet,9
efficient,9
safely,9
GetChildItems,9
Topic,9
acquire,9
OutputThe,9
a27f,9
cloud,9
Progs,9
IList,9
2025powershell,9
interim,9
<customentry>,9
system.double,9
First,9
theget,9
gather,9
controlsthat,9
migrate,9
asthe,9
AlcModule,9
registry.these,9
</tablerowentries>,9
Pascal,9
Progress,9
Nano,9
analysis,9
simplified,9
03/24/2025,9
tablegithub,9
signing,9
integrate,9
relevant,9
8.10.2,9
patterns.length,9
readable,9
</groupby>,9
z,8
system.management.automation.provider,8
BOM,8
footer,8
ElementsElementDescriptionCustomItem,8
<firstlineindent>,8
Type,8
+1,8
0x,8
39,8
uniquely,8
dhcp,8
1252,8
04/08/2026,8
erroractionpreference,8
<DatabaseTableInfo>,8
Ll,8
Lm,8
Lt,8
Pi,8
SI,8
US,8
dt,8
fe,8
h3,8
gb,8
mb,8
oe,8
dt.Rows,8
s2,8
bridge,8
cmdletbinding,8
writewarning,8
Manipulation,8
rowvalues.length,8
ElementsElementDescriptionExpressionBinding,8
RunspacePool,8
repeatedly,8
HTTPS,8
thesystem.management.automation.cmdlet.endprocessing,8
condition.typename,8
tableispresent,8
system.io.directoryinfo,8
Git,8
communicate,8
mrparametervalidation,8
ProviderName,8
Alpine,8
Hat,8
system.io.fileinfo,8
Uninstall,8
regexpattern,8
<enumeratecollection/>,8
warranty,8
tabular,8
animplementation,8
Services,8
handlecount,8
FirstLineIndent,8
subfolder,8
dynamicparam,8
<command:examples>,8
newitemvalue,8
alsowrit,8
</frame>,8
console.bufferheight,8
cmdlet.for,8
confuse,8
yourcmdlet,8
pscmdlet.throwterminatingerror,8
system.collections.generic.list,8
hotkeyandlabel,8
nomaximum,8
8064,8
PSHostProcess,8
realize,8
Monad,8
</tableheaders>,8
convenient,8
StringData,8
SqlServer,8
<command:parameter>,8
StudioHow,8
shallow,8
2.0.1,8
</rightindent>,8
abbreviate,8
icer,8
setup,8
WorkingSet,8
ByValue,8
GetTable,8
</firstlineindent>,8
win32shareprocessname,8
tablenameisvalid,8
thesystem.serviceprocess.servicecontroll,8
+005,8
FeedbackItem,8
UAC,8
Process.GetProcessesByName,8
eachparameter,8
argumentlist,8
Hyper,8
simplematch,8
TrueLineNumber,8
SampleJob,8
Optional,8
includestring,8
ExpressionBindingfor,8
initially,8
usingthe,8
theselection,8
opportunity,8
Monday,8
thatimplement,8
<selectionsets>,8
thePath,8
system.management.automation.cmdlet.processrecord,8
parameterset,8
behave,8
notimplemented,8
win32ownprocessname,8
vulnerable,8
RemoveDrive,8
PSComputerName,8
pathisdrive,8
subsequent,8
microsoft.samples.powershell.runspaces,8
tableremarksexample,8
thatsupport,8
PowerShellCore,8
FirstLineHanging,8
this.currentpowershell.addscript,8
syntactic,8
icontainserrorrecord,8
overwritethe,8
ElementFirstLineHanging,8
past,8
ValidateNotNull,8
methodbool,8
<tableheaders>,8
VisualStudio,8
chartest,8
thedefinition,8
forConfigurationOptional,8
SectionSee,8
Application,8
todefine,8
<firstlinehanging>,8
ParametersThe,8
0xabc,8
rewrite,8
Intel,8
ChoiceDescription,8
diagnostic,8
4.5.2,8
system.componentmodel,8
a.length,8
Mark,8
Mars,8
care,8
cimv2,8
expressionbinding,8
essentially,8
reg.exe,8
FalseCanShutdown,8
ping,8
<DatabaseRowInfo>,8
system.management.automation.errorrecord,8
grouping,8
OdbcCommandBuilder,8
SelectionSet,8
dnf,8
</firstlinehanging>,8
submatch,8
aliased,8
System.DateTime,8
play,8
thenew,8
membertype,8
occurrence,8
plus,8
Global,8
subpart,8
uint16,8
CaseSensitive,8
system.diagnostics.eventing.reader.standardeventkey,8
filterscript,8
Forms,8
regexoptions.compiled,8
Mike,8
the.NET,8
longer,8
Microsoft.PowerShell,8
anexception,8
Opts,8
successfully,8
class.The,8
cmdlet.c,8
indentation,8
CharactersToShift,8
connection.getschema,8
spelling,8
DeclarationWriting,8
form.cancelbutton,8
system.array,8
AllUsersAllHosts,8
noteproperty,8
encourage,8
listbox,8
yourmodule,8
tablecmdlet,8
succeed,8
Level,8
German,8
dashdash,8
forViewSpecifies,8
listing,8
exceed,8
selector,8
ThrottleLimit,8
formattingbuild,8
Team,8
debian,8
building,8
internally,8
aremote,8
algorithm,8
thehost,8
ModuleMember,8
TableControlSpecifies,8
</type>,8
highly,8
</selectionsets>,8
120,8
preferred,8
element.none.schemasyntax,8
TABLE_NAME,8
PrincipalsAllowedToDelegateToAccount,8
foregroundcolor,8
System.IO.FileNotFoundException,8
surround,8
uri,8
1mb,8
continuous,8
concurrently,8
psremote,8
theSelectionCondition,8
<Name>,8
method.C,8
PathNotValid,8
vs.,8
transport,8
evaluated.the,8
5.3,8
divide,8
oldFg,8
hotfix,8
tablemembermember,8
instancelock,8
table.columns.count,8
conditional,8
disallow,8
isolation,8
MyModule,8
Crescendo,8
9.0,8
theSystem.Management.Automation.PowerShell,8
auto,8
degree,8
spacebar,8
OutVariable,8
reads,8
thecommon,8
<rightindent>,8
ApplicationLast,8
readscommand,8
goodbye,8
Confirm,8
feed,8
instanceid,8
followingexample,8
targetcommand,8
Microsoft.PowerShell_profile,8
<param name="cmd">,8
this.myhost,8
Steve,8
ManualSite,8
data.if,8
used.propertyname,8
ProcThis,8
anexample,8
system.management.automation.psobject,8
onlynew,8
rowvalue,8
ChunkPath,8
helpfile,8
HOME,8
remotely,8
file1.txt,8
path.path,8
suppose,8
utf8,8
following.declaring,8
toupdate,8
subkey,8
datatype,8
monitor,8
soon,8
method.the,8
Pipe,8
fence,8
nonletter,8
system.type,8
curly,8
simply,8
timeout,8
this.pushedrunspace,8
deny,8
RowNumber,8
Next,8
unavailable,7
D,7
F,7
â,7
updatesgithub,7
Instrumentation,7
introduction,7
thesystem.management.automation.cmdlet.writeobject,7
+2,7
this.write,7
.8,7
tilde,7
35,7
51,7
99,7
DD,7
F.,7
GA,7
theSystem.Management.Automation.Cmdlet.ProcessRecord,7
andscript,7
EXTERNALHELP,7
accessdbprovider,7
multidimensional,7
f5,7
tabctrl,7
renew,7
ItemCmdletProvider,7
Specification,7
op,7
re,7
rs,7
DESCRIPTION,7
v5,7
v6,7
command.this,7
updatesupdate,7
this.defaultcolor,7
infrastructure,7
methodthat,7
SamplesThis,7
INPUTS,7
triggersthe,7
sample.windows,7
writeerrorline,7
defaultparametersetname,7
hostapplication,7
ContributorsGitHub,7
oftype,7
</command:examples>,7
System.Int32,7
set.each,7
1809,7
stepschapter,7
aproperty,7
asingle,7
denote,7
Line,7
operational,7
TrustedHosts,7
sense,7
system.io,7
system.threading.thread.currentthread.currentculture,7
declaration.specifies,7
8.14,7
copyright,7
remind,7
cumulative,7
theEntrySelectedBy,7
SuggestionPackage,7
marked,7
Max,7
Conditions,7
SelectStr,7
orig,7
ElementEnumerableExpansion,7
Factorial,7
computer.to,7
TryGetAlias,7
reveal,7
cmatch,7
usedto,7
interested,7
jeamaintenance,7
isvalidpath,7
Overrides,7
ListItems,7
parameteris,7
isvisible,7
anarray,7
celebrate,7
aSystem.Management.Automation.PowerShell,7
uniform,7
collective,7
modulepath,7
leverage,7
TableIsPresent,7
mount,7
hyper,7
timing,7
System.Void,7
<user>,7
6.16,7
authenticate,7
checkbox,7
ScriptParameterSet,7
MSIX,7
See,7
Hero,7
TrueCanStop,7
view.propertyname,7
isoptional,7
thatis,7
this.psdriveinfo,7
ElementsAttributesElementDescriptionPropertyName,7
Specifiesthe,7
toinstall,7
reload,7
test1,7
inner,7
KindTypePurposeMaxValueStatic,7
unexpected,7
observe,7
manipulation,7
community.help,7
alsocreate,7
thatmust,7
Jobs,7
Site,7
thatcontain,7
elementsattributesnone.elementdescriptionselectioncondition,7
workspacefolder,7
file.the,7
thesystem,7
aspecific,7
results.count,7
myrunspace.close,7
inwhich,7
cmdlet.this,7
highlightdate,7
view.you,7
Notes,7
andother,7
Analytic,7
cvkey,7
Objects,7
RHEL,7
officially,7
data.length,7
WideEntryWriting,7
CustomPSSnapInTest,7
definition.configuration,7
ViewDefinitions,7
allprocess,7
translation,7
identical,7
Exclude,7
re-throw,7
info,7
pstypename,7
rhel,7
extendingexist,7
boundary,7
myModule,7
syntactically,7
wrong,7
orient,7
updatethe,7
unapproved,7
accessiblemember,7
2025remarkssee,7
Extension,7
Profile,7
a-z,7
GetNamesFromPath,7
typical,7
summarize,7
PowerShellsudo,7
patterntest,7
2019,7
11/6/2017,7
PropertySet,7
Editor,7
psversiontable,7
PowerShellLast,7
acl,7
asa,7
accessto,7
#namespace,7
TipThe,7
pssessionconfiguration,7
theGet,7
capitalization,7
Methods,7
independently,7
ceq,7
ProgressRecord,7
BUILTIN,7
errorcategory.invaliddata,7
cmdletparameter,7
file.exists,7
dev,7
ElementListItem,7
known,7
FileSystemTypes,7
Viewer,7
themselves,7
NoteWhen,7
subnet,7
copyitem,7
exp,7
experimentalfeature,7
Hashtables,7
mrparameter,7
executehelper,7
gac,7
gci,7
gcm,7
netobject,7
git,7
table2021,7
table2023,7
lack,7
errorcategory.objectnotfound,7
<modulename>,7
formatting.after,7
thatthe,7
SafeStopProcess,7
attribute.declaring,7
odbcconnection,7
Prerequisites,7
onlyremove,7
whenData,7
SetItem,7
microsoft.samples.powershell.providers,7
inwindow,7
getproccommand,7
timespan,7
corresponding,7
<maml:uri>,7
alsopropertyname,7
consolecolor.cyan,7
synchronize,7
Accounts,7
millisecond,7
win32_share,7
PowerShell.Cmdlet,7
<types>,7
plugin,7
cmd.executescalar,7
euro,7
this.writeerrorline,7
parametertype,7
Austin,7
independent,7
achieve,7
locale,7
pdf,7
pkg,7
percent,7
launch.json,7
psstyle,7
outline,7
OutBuffer,7
highlightday,7
themethod,7
restricted,7
ssl,7
sampleRequirementsThis,7
143,7
symbol,7
2147483647,7
anew,7
ntlm,7
view.scriptblock,7
consume,7
consult,7
complicated,7
MergeMyResults,7
accumulate,7
7.6.2,7
alter,7
Information,7
checklist,7
method.c,7
2025get,7
ubuntuvm1,7
</types>,7
</dynamicparameters>,7
ViewItemSelectionCondition,7
wmf,7
hover,7
wql,7
head,7
thesession,7
seem,7
Manifesto,7
yesToAll,7
PSPropertySet,7
7.8,7
schematype.source,7
fundamental,7
addcommand,7
Init,7
2025how,7
exclusive,7
setter,7
ISELast,7
errorview,7
formatter,7
ParameterSetName,7
<command:syntaxitem>,7
fourth,7
PSMethod,7
opening,7
eventlog,7
DnsAuditor,7
51200,7
SecretStore,7
thecondition.elementdescriptionentryselectedby,7
output.txt,7
whenyou,7
family,7
thecondition.selectionsetname,7
PowerShellruntime,7
Local,7
NotSupportedException,7
Baton,7
consequently,7
ds.locale,7
essential,7
<param name="recurse">,7
DefaultDisplayPropertySet,7
youneed,7
ModulesC,7
windows,7
<uiculture>,7
moduleversion,7
CanShutdown,7
hope,7
spec,7
ElementSelectionSets,7
exchange,7
psitem.tostring,7
threadjob,7
andsystem.management.automation.cmdlet.shouldcontinue,7
scheme,7
capable,7
#For,7
thatyou,7
General,7
1000,6
M,6
StatusCode,6
</command:example>,6
system.data.odbc,6
notefor,6
CommandLine,6
System.Management.Automation.Cmdlet.ProcessRecord,6
totrue,6
afunction,6
mustspecify,6
lastwritetime.tostring,6
ofwindow,6
patternindex,6
constrained,6
object.adding,6
thenext,6
2025using,6
07,6
34,6
37,6
41,6
45,6
52,6
80,6
DBQ,6
html,6
ofcommand,6
10kb,6
<param name="sender">,6
</dev:type>,6
ps1currentuserallhost,6
1234,6
endprocessing,6
powershella,6
windir,6
classic,6
nativecommand,6
OdbcConnectionStringBuilder,6
tests.getenumerator,6
ipenable,6
providername='.net,6
d2,6
ci,6
cp,6
e3,6
f2,6
fd,6
clearing,6
communication,6
EnumerableExpansionOptional,6
rd,6
t2,6
si,6
cancelbutton.size,6
vs,6
connectioninfo,6
theConsole,6
form.size,6
<command:syntax>,6
Prefix,6
AlsoCreating,6
visibility,6
Env,6
hundred,6
thecondition.scriptblock,6
WaitForStatus,6
advance,6
used.selectionsetname,6
drawing.size,6
Foo,6
xeon,6
OperationTimeout,6
destrow.itemarray,6
currentday,6
Guy,6
consolecolor.green,6
Megatrends,6
4aad,6
Jack,6
271fbf66001c,6
@ehmiiz,6
System.Windows.Forms.Label,6
4c3d,6
cancelbutton.dialogresult,6
system.data,6
somewhere,6
forConfigurationSpecifies,6
net461,6
CmdletTesting,6
Action,6
basics,6
theexecution,6
unsupported,6
truncate,6
spooler,6
mike,6
method.get,6
Duringconversion,6
app.config,6
optional.the,6
</description>,6
TableControlDefines,6
hidden,6
Inc.Name,6
initialsessionstate.create,6
stringa,6
verbs.verb,6
PipelineResultTypes.Error,6
Operation,6
OK$,6
theSystem.Management.Automation.Host.PSHost,6
december2012,6
learnhow,6
ConciseView,6
scriptTo,6
driveInfo,6
repeatcount,6
aformatt,6
cancellation,6
SetJobState,6
sameset,6
</Name>,6
valuefrompipelinebypropertyname,6
system.management.automation.provider.itemcmdletprovider,6
inputdata,6
2.000,6
<controls>,6
applied.these,6
IEEE,6
bold,6
absence,6
definition.the,6
system.management.automation.runspaces.runspace,6
IPAddress,6
system.windows.forms.dialogresult,6
profile.ps1alluserscurrenthost,6
param1,6
setof,6
used.when,6
typeprovide,6
obvious,6
<command:example>,6
concern,6
2.2.2,6
formal,6
enforcement,6
-11-01alpine,6
Str,6
NavigationCmdletProvider,6
22ba13102111,6
okbutton.dialogresult,6
defaultresult,6
label.size,6
builder.driver,6
lease,6
specificdefinition,6
system.the,6
factor,6
TotalProcessorTime,6
embed,6
rows.count,6
gain,6
test2,6
Terminal,6
iterator,6
ValidateSetAttribute,6
system.management.automation.host.pshostclass,6
beyond,6
Company,6
microsoft.powershell.management,6
ProcessNameNotFound,6
topic.the,6
1505m,6
American,6
heading,6
ilist,6
Auto,6
reside,6
forpowershell,6
XDG,6
VRTUAL,6
Contributors,6
commandindex,6
Context,6
AlsoFirstLineIndent,6
3.1.5,6
variation,6
iscall,6
element.provides,6
keybinding,6
InsertCommand,6
ElementName,6
9a7d,6
expert,6
RunAsUser,6
jeasession,6
ViewSelectedBy,6
<dynamicparameters/>,6
columns.count,6
thiscontrol,6
thati,6
Lifecycle,6
fabrikam.dll,6
availability,6
IHostSupportsInteractiveSession,6
converted,6
scriptcommand,6
b6f7,6
PowerShellWhen,6
ambiguous,6
OdbcParameter,6
inspection,6
WhatIf,6
ViewFrame,6
PSSnapIn,6
10:13:50,6
myresource,6
Home,6
echo,6
FileVersion,6
occasionally,6
thedisplay,6
cancelbutton.text,6
system.management.automation.pscredential,6
WldpCanExecuteFile,6
WmiObject,6
historicalreference.the,6
form.AcceptButton,6
investigate,6
2.80,6
anduser,6
Designing,6
okbutton.location,6
ColumnNumber,6
peer,6
profilecommand,6
manner,6
accord,6
readonly,6
accessdbpsdriveinfo.connection,6
4.2.3,6
isshift,6
2008,6
2006,6
2016,6
2029,6
prependpath,6
errorrecord,6
scopeLocal,6
process.kill,6
ElementTableHeaders,6
7.1.4.5,6
displayed.propertyname,6
aid,6
AccessDBContentWriter,6
Mary,6
Thedefault,6
cask,6
post-processing,6
DirectoryInfo,6
TimeSpan,6
d436f322,6
<param name="origin">,6
allthe,6
4.6.1,6
dscresource,6
<frame>,6
Tutorial,6
mikefrobbin,6
Selection,6
Font,6
cli,6
goto,6
PowerShell.For,6
cut,6
readline,6
090006manufacturer,6
this.buffer,6
artwork,6
string.Format,6
commit,6
skipuser,6
SourceColumn,6
driveinfo,6
WaitForPendingFinalizers,6
<param name="destination">,6
test.key,6
Menu,6
accessdbpsdriveinfo.connection.close,6
ViewScriptBlock,6
consolehost_history,6
structured,6
incomplete,6
elem,6
Friday,6
alert,6
digital,6
#Requires,6
FormattingHow,6
Binary,6
sql02,6
Syst,6
emit,6
table2025,6
table2024,6
analyze,6
builder.connectionstring,6
conn.open,6
toadd,6
unzip,6
form.topmost,6
strict,6
PropertyType,6
2025selectioncondition,6
erase,6
AlsoCmdlet,6
elementsattributesnone.elementdescriptionitemselectioncondition,6
ill,6
startvalue,6
forthis,6
writeprogress,6
ghzserialnumber,6
LanmanWorkstation,6
odbcconnectionstringbuilder,6
garbage,6
newtonsoft.json,6
</controls>,6
Microsoft.PowerShell.SDK,6
Identifier,6
definingcontrol,6
throughout,6
packagehttp,6
63613592,6
<param name="driveinfo">,6
Orig,6
System.Environment,6
prop,6
</maml:title>,6
clip,6
synonym,6
interaction,6
row.configuration,6
non-null,6
continuation,6
form.text,6
mdb,6
unregister,6
thecontribution,6
msi,6
okbutton.size,6
toprovide,6
Task,6
WarningThis,6
glossary,6
non,6
Tuesday,6
test.value,6
modern,6
displayed.for,6
toget,6
netcoreapp,6
item.The,6
label.text,6
odd,6
NoRoot,6
oht,6
concatenate,6
starting,6
solve,6
life,6
extensible,6
MicrosoftVisual,6
builder.add,6
remoteregistryvalue,6
Inthis,6
frompowershell,6
protected,6
errormessage,6
period,6
Commands,6
pin,6
unpack,6
cannotspecify,6
currentpipeline,6
flatten,6
YesToAll,6
colvalues.length,6
neither,6
thecorrespond,6
ViewCustomControlName,6
<dev:possiblevalue>,6
Lockdown,6
discoverable,6
scriptstep,6
cleansessionstate,6
toperform,6
adhere,6
NTLM,6
rpm,6
reflectthe,6
readercollection,6
aredefine,6
VisibleCmdlets,6
AlsoWriting,6
objectsreturn,6
SBOM,6
sec,6
<dev:type>,6
form.startposition,6
shl,6
shr,6
six,6
ssn,6
sum,6
3get,6
2147483648,6
165,6
hack,6
my.object,6
uppercase,6
normalparent.endswith,6
Robbins,6
tcp,6
tip,6
support.support,6
okbutton.text,6
7.5.0,6
anempty,6
byval,6
destrow,6
MoveItem,6
WinGet,6
unlabeled,6
rolecapability,6
PSStandardMembers,6
thiscmdlet,6
COMPUTERNAME,6
WideEntryOptional,6
NoToAll,6
ifthe,6
mylist,6
method.set,6
programmer,6
Strings,6
abstraction,6
appr,6
central,6
system.management.automation.cmdlet.shouldcontinue,6
howto,6
Pathand,6
iss.commands.add,6
FilePath,6
PipelineResultTypes.Output,6
500,6
methodto,6
props,6
6.1,6
script.the,6
system.datetime,6
this.include,6
ViewCustom,6
welcome,6
highernoteget,6
partexpandable,6
chain,6
non-double-quote-char,6
Graph,6
netproperty,6
inheritance,6
Overloads,6
auser,6
<dynamicparameter>,6
Block,6
samplethis,6
8.5.1,6
touch,6
numrow,6
label.location,6
type.the,6
incorrect,6
approachimpl,6
lowercase,6
total,6
SetEnd,6
nuget,6
a390,6
https://www.microsoft.com/download/details.aspx?id=36389,6
thecomplete,6
November,6
cancelbutton.location,6
sessionconfiguration,6
Windows.Forms.DialogResult,6
forConfigurationDefines,6
maintenance,6
life.support,6
applications.when,6
Names,6
propagate,6
conditionthat,6
codesigningcert,6
cmdlet.The,6
ofproperty,6
worddocument,6
capitalize,6
Completion,6
True,6
Sunday,6
externalscript,6
ListControlSpecifies,6
RelatedLinks,6
Conditionsfor,6
<T>,6
distributor.these,6
Private,6
attributedeclaration,6
12.3.5,6
toreflect,6
Case,6
console.keyavailable,6
thesystem.management.automation.provider.drivecmdletprovider.newdrive,6
thefirst,6
theerror,6
NonMatches,6
Sample,6
literalpath,6
thesystem.management.automation.runspaces.initialsessionstate,6
viewentryselectedby,6
CmdletExtending,6
primarily,6
<description>,6
isitemcontainer,6
favorite,6
MrComputerName,6
System.Diagnostics.ProcessName,6
PowerShellOutputGet,6
bythis,6
SecretManagement,6
yourself,6
theprocess,6
a9f4,6
psdefaultparametervalues,6
<maml:title>,6
ViewCustomControl,6
demo,6
helpinfouri,6
dll-help.xml,6
potentially,6
RoleDefinitions,6
1023,5
newgroup,5
marketing,5
about_language_modes,5
Computer,5
Firewall,5
whenus,5
processNames,5
initialsessionstate,5
COM,5
getservicecommandoutput,5
maml,5
27,5
53,5
System.Management.Automation.Credential,5
thesystem.diagnostics.process,5
psedit,5
GetEnvironmentVariable,5
MethodName,5
InstallDate,5
handlecontrolc,5
PR,5
writewarningline,5
ElementTableColumnItem,5
effectively,5
completely,5
valueis,5
Message,5
ai,5
diff,5
HandlecountName,5
fora,5
dn,5
ElementWideItem,5
h2,5
terminology,5
nt,5
module.The,5
qa,5
s1,5
rf,5
se,5
v1,5
tr,5
currentday.day,5
path.split,5
End,5
helptopic,5
it.If,5
<command:inputtypes>,5
content.the,5
100kb,5
CommandAst,5
DevicePath,5
helloworld,5
name.equals,5
7sudo,5
confusion,5
entry.configuration,5
aservice,5
tmp/powershell.tar.gz,5
console.write,5
ConsoleCancelEventArgs,5
console.cursortop,5
nullvalue,5
OneDrive,5
system.windows.forms.form,5
properties.you,5
TableRowEntryWriting,5
definition.specify,5
modulesshared,5
directorynew,5
system.componentmodel.win32exception,5
ccontain,5
isolate,5
ISO,5
platyps.how,5
errorcategory.notspecified,5
of.net,5
theother,5
triage,5
wildcardcharacter,5
ofparameter,5
multi-line,5
SyntaxSyntax,5
isenabled,5
Environment.Exit,5
WindowTitle,5
MyScriptModule,5
recursive,5
<itemgroup>,5
NotImplementException,5
EnumerableExpansionDefines,5
System.Obj,5
ShowCommandInfo,5
Network,5
mutable,5
Uniform,5
intthis,5
ElementCustomControlName,5
https://packages.microsoft.com/.The,5
Success,5
AccessDBContentReader,5
attributeparam,5
doesnot,5
ListImported,5
division,5
AlsoRightIndent,5
console.treatcontrolcasinput,5
textbox,5
methodname,5
height,5
PSSessionConfigurationFile,5
rangen,5
ShowWindow,5
</Label>,5
8.10,5
guid.newguid,5
Category,5
confirmimpact,5
GetRow,5
stopproccommand,5
sessiontype,5
Microsoft.PowerShell.PSResourceGet,5
ElementsElementDescriptionPropertyName,5
CurrentUICulture,5
class.the,5
markup,5
previewversion,5
this.program.shouldexit,5
Lee,5
manycharacter,5
<param name="exitcode">,5
whatever,5
redundant,5
displayed.itemselectioncondition,5
marker,5
partymethod,5
3namespace,5
SystemException,5
ReadKeyOptions,5
random,5
reporting,5
ConsoleReadLine,5
store.the,5
System.Management.Automation.PSCmdlet,5
theSystem.Management.Automation.Cmdlet.ShouldProcess,5
possiblyimplement,5
variety,5
outdir,5
connected,5
this.myRawUi,5
Static,5
learning,5
optimization,5
RestMethod,5
Displayed.For,5
Saturn,5
NaN,5
specifyboth,5
thanks@jborean93,5
ModuleLast,5
routine,5
usedby,5
SessionState,5
CategoryView,5
displayedin,5
parameterof,5
</command:parametervalue>,5
classid2e4f51ef,5
packagemanagement,5
dollar,5
mitigate,5
unrelated,5
PSData,5
thesystem.management.automation.cmdlet.beginprocessing,5
aboutus,5
Codespace,5
system.text.regularexpressions,5
CurrentCulture,5
Long,5
VERBOSE,5
Console.CursorSize,5
kill,5
docset,5
WideControlSpecifies,5
ifthey,5
win32_quickfixengineering,5
use.selection,5
2.1.0,5
defaultparameter,5
idle,5
theCustomControlName,5
modulesdefault,5
pressed,5
ForegroundColor,5
probably,5
moment,5
ScriptMethod,5
console.cancelkeypress,5
ParametersThis,5
MemberTypeName,5
Administration,5
Sat,5
sharedparam,5
backslash,5
setswrit,5
NewLine,5
intlist.add,5
<maml:alertset>,5
36028797018963968,5
deserialized.system.io.directoryinfo,5
ServiceLayer,5
whatifpreference,5
ReadLineAsSecureString,5
DestinationPath,5
profile.ps1currentusercurrenthost,5
disconnect,5
registration,5
floatthe,5
handy,5
The,5
listener.run,5
fullyqualifiedmodule,5
narrow,5
administer,5
Enterprise,5
prioritize,5
enternestedprompt,5
<command:inputtype>,5
noteif,5
Scope,5
toretrieve,5
IModuleAssemblyInitializer,5
nolonger,5
CurrentLocation,5
class.creating,5
BufferSize,5
cmdletsget,5
EscapeSingleQuotedStringContent,5
table.rowcount,5
additionally,5
Constrained,5
<command:returnvalue>,5
nettype,5
concrete,5
csplit,5
onwindow,5
authorize,5
<command:returnvalues>,5
authority,5
obsolete,5
particularly,5
nuance,5
runspace.adding,5
System.Diagnostics.Eventing.Reader.StandardEventLevel,5
Hive,5
<project sdk="microsoft.net.sdk">,5
classid2e4f51ef21dd47e99d3c952918aff9cd,5
elementspecify,5
theViewSelectedBy,5
notify,5
forget,5
thisexample,5
cmdlets.the,5
linux,5
file.txt,5
removal,5
clearly,5
3.1.1,5
partverbatim,5
manual,5
4.5.19,5
fabrikam.psd1,5
Predictive,5
contributorsﾉexpand,5
</uiculturename>,5
system.management.automation.runspaces.initialsessionstate,5
element.The,5
<param name="contents">,5
tounderstand,5
repo,5
this.originaluicultureinfo,5
MemberSet,5
ISEHow,5
securestring,5
parameterattribute,5
upper,5
Console.Title,5
MrToolkit,5
ErrorCategory.CloseError,5
console.windowleft,5
</targetframework>,5
contentgithub,5
Presentation,5
infinity,5
ElementFirstLineIndent,5
MySampleConsoleHostImplementation,5
exception.tostring,5
2006-05-18,5
nameget,5
operatingsystem,5
Sessions,5
thesystem.management.automation.parameterattribute,5
<param name="clip">,5
table.newrow,5
txtthe,5
systemroot,5
consistently,5
overlook,5
releasesee,5
synccopy,5
anchor,5
GetProcessSample,5
<autosize/>,5
Contoso,5
CommandGet,5
media,5
console.windowwidth,5
CustomItemfor,5
acollection,5
value.split,5
System.Management.Automation.ErrorRecord,5
thedirectory,5
RawUI,5
BaseProcCommand,5
myhost.setshouldexit,5
SetNotSupported,5
2namespace,5
dynamicparameter,5
scrollbuffercontent,5
minus,5
displayeddefining,5
System.ServiceProcess.ServiceCont,5
result.count,5
Inthe,5
prohibit,5
GMSA,5
WindowSize,5
designator,5
andcmdlet,5
PSScriptMethod,5
setshouldexit,5
ahashtable,5
themember,5
tree,5
PowerShell.PowerShell,5
theinput,5
System.Management.Automation,5
Folder,5
consolecolor.darkyellow,5
#for,5
ListControlOptional,5
forTableControlOptional,5
RunningHyper,5
ctrl+c,5
workstation,5
placement,5
isno,5
couple,5
ResponseTime,5
<param name="descriptions">,5
alc,5
compilation,5
anywhere,5
c2f,5
object.creating,5
edition,5
card,5
OUTPUTS,5
draft,5
iton,5
comprehensive,5
</control>,5
surface,5
angle,5
Win32OwnProcess,5
subsystemmanager.registersubsystem,5
Wednesday,5
bom,5
WinDefend,5
goal,5
Edition,5
OutputWhen,5
Four,5
<predictivesuggestion>,5
Winmgmt,5
remoterunspace,5
ElementLeftIndent,5
foo.ps1,5
TableControlWriting,5
file.schemasyntax,5
def,5
<View>,5
console.windowtop,5
object.property,5
inputprocessing,5
cript,5
dp1,5
Unrestricted,5
Minimum,5
f2c,5
host02,5
host01,5
CommandMetadata,5
controlling,5
TotalCount,5
implementationdefined,5
Microsoft.WSMan.Manage,5
psstyle.foreground.cyan,5
</uicultureversion>,5
<uiculturename>,5
Refresh,5
esc,5
AsPlainText,5
thattype,5
Debian,5
rendering,5
personally,5
low!what,5
isexecute,5
GroupByProvides,5
Thisis,5
extremely,5
recent,5
sql01,5
Antivirus,5
Helpcmdlet,5
InvalidOperation,5
processobject,5
completeness,5
table2020,5
table2022,5
Indicator,5
view.for,5
MaxPhysicalWindowSize,5
accordingly,5
file.doc,5
stats31,5
positionalparameter,5
childitem2,5
UserName,5
WildcardOptions,5
ceiling,5
vision,5
<param name="sourceid">,5
runningservicetype,5
cmdlets.To,5
ismet,5
clixml,5
MyPath,5
-05-31rhel,5
psmodulepath,5
ServiceDependentServices,5
OpenTimeout,5
system.threading.thread.currentthread.currentuiculture,5
discontinue,5
StringThis,5
nice,5
isa,5
wrapping,5
element.schemasyntax,5
CollectionSize,5
SharedParam,5
qualify,5
SetEnvironmentVariable,5
construction,5
Chapter,5
pathchunk.length,5
9.12,5
uninstallpath,5
therow,5
PowerShellPS,5
IncludeKeyDown,5
andhow,5
newerpreview,5
ofsystem.management.automation.provider.idynamicpropertycmdletprovider,5
alist,5
aliase,5
keywordimplement,5
</uiculture>,5
promptforchoice,5
System.Collections.Hashtable,5
hosting,5
myrawui,5
WindowPosition,5
2025cmdlet,5
CimClass,5
this.program,5
conflicting,5
initializelifetimeservice,5
vulnerability,5
defaultsessionstate.commands,5
onprovider,5
processbyid,5
inputpath,5
h1.firstname,5
e.cancel,5
SourcePath,5
rownum,5
signal,5
MaxWindowSize,5
article.newer,5
man,5
servicewindows,5
test02,5
timeservice.ps1,5
Wildcards,5
WinHTTP,5
PSMemberSet,5
console.windowheight,5
page.microsoft,5
wget,5
currentversion,5
datastore,5
about_profiles,5
thefollowing,5
honor,5
System.IO.StreamReader,5
leftoperand,5
System.Collections.ArrayList,5
encryption,5
PowerShellPath,5
ascii,5
consideration,5
resourcebasename,5
1.deb_amd64,5
files.encoding,5
notifybeginapplication,5
fractional,5
frame,5
System.ServiceProcess.ServiceController,5
smartcard,5
elementis,5
apipeline,5
PaneTo,5
<param name="allowedcredentialtypes">,5
ora,5
rectangular,5
SamplesLast,5
ActiveDirectoryCmdlet,5
defininga,5
listof,5
IModuleAssemblyCleanup,5
aparticular,5
filtering,5
sourceid,5
Schema,5
ihostsupportsinteractivesession,5
notifyendapplication,5
RestrictedRemoteServer,5
</itemgroup>,5
non-existent,5
outdated,5
allowedCredentialTypes,5
importing,5
propertytype,5
attribute.defining,5
CursorPosition,5
AMSI,5
LastLogonDate,5
ElementSpecifies,5
exec,5
</maml:uri>,5
theoperation,5
yestoall,5
grade,5
Inaddition,5
instantiation,5
crop,5
zipfile,5
passthrupath,5
ExitNestedPrompt,5
maintenanceupdate,5
file２,5
sdwheeler,5
chance,5
101,5
thosecommand,5
DistinguishedName,5
myprocess,5
BackgroundColor,5
sake,5
halt,5
tie,5
mustbe,5
2.4,5
USE_MU,5
</project>,5
priority,5
#RequirementsDemonstratesExamplenamespace,5
system.guid,5
console.cursorleft,5
tospecify,5
clike,5
anobject,5
FileSystemWatcher,5
<param name="record">,5
interval,5
3.5,5
matchthe,5
PrependPath,5
<fielddescription>,5
FahrenheitToCentigrade,5
logo,5
scan,5
wont,5
IntelliSense,5
loss,5
console.setbuffersize,5
deserialized.system.io.fileinfo,5
3/18/2019,5
isdesign,5
2fa,5
howit,5
scriptevaluate,5
accomplish,5
AlcModule.Cmdlets.dll,5
7.7.3,5
WScript.Shell,5
Enough,5
ProcProxy,5
this.originalcultureinfo,5
PowerShellOutputAlthough,5
module.for,5
BuildNumber,5
fileswrit,5
</propertygroup>,5
WScript.Network,5
writeverboseline,5
<operator>,5
set.selection,5
theargument,5
Grade,5
re-encode,5
skill,5
Microsoft.Samples.PowerShell.Runspaces,5
ParameterName,5
careful,5
storage,5
overflowaction,5
CreateObjRef,5
startstart,5
clever,5
server1,5
cursortop,5
winvm2,5
system.io.filesystemwatcher,5
powershellget,5
FictionalTools,5
attribute.how,5
6.4,5
underlying,5
consequence,5
basis,5
layer,5
class1.cs,5
Used.For,5
<control>,5
CursorSize,5
<uicultureversion>,5
regression,5
console.setwindowsize,5
Build,5
CliXml,5
pester,5
Stack,5
NoteAlthough,5
ProgramData,5
LocalMachine,5
Finance,5
8.3,5
8.6,5
8.7,5
8.8,5
Part,5
PARAMETER,5
8.5.2,5
modifier,5
non-terminate,5
processname.tolower,5
SQLServer,5
KeyAvailable,5
expandproperty,5
alcmodule.cmdlets,5
ErrorCategory.ObjectNotFound,5
preview.the,5
<param name="defaultchoice">,5
front,5
onlyset,5
own.microsoft,5
exearglist,5
CurrentUserCurrentHost,5
<?xml version="1.0" encoding="utf-8"?>,5
<param name="source">,5
workaround,5
Proxy,5
PowerShellcommands,5
writedebugline,5
hive,5
name.for,5
method.new,5
backwards,5
npsconsolesample,5
PSCodeMethod,5
CommandType,5
<targetframework>,5
commands.powershell,5
a470,5
Console.WriteLine,5
perfectly,5
aswhen,5
principle,5
samename,5
set.configuration,5
forListControlOptional,5
enterprise,5
typethe,5
senior,5
system.exception,5
AlsoCustomItem,5
theSystem.Management.Automation.Provider.ItemCmdletProvider,5
arraylist,5
this.program.exitcode,5
allowedconstrainedlanguage,5
getprocesssample01,5
getbuffercontent,5
destructive,5
CurrentUser,5
tableRemarksFor,5
originally,5
ProgressReport,5
microsoft.powershell.core,5
fileinto,5
criticalprocessnames.contains,5
AttributesChild,5
1supply,5
SamplePredictor,5
supportcall,5
<propertygroup>,5
ADUser,5
Cloud,5
table.rows.add,5
theSystem.Management.Automation.Cmdlet,5
unnamed,5
asset,5
oninstall,5
LocationPath,5
filethat,5
adifferent,5
Hacktoberfest,5
tableparent,5
value.y,5
value.x,5
canalso,5
onlyenable,5
console.background,5
false.the,5
ElementTableColumnItems,5
versioning,5
flexible,5
thatconversion,5
Role,5
KeyInfo,5
FlushInputBuffer,5
consolecolor.red,5
fine,5
<String>,5
</command:syntaxitem>,5
6.1.0.0,5
usethi,5
Raspberry,5
snapin,5
Encoding,5
parsed,5
StartupScript,5
contentnew,5
ViewName,5
maximize,5
Administrator,5
console.setwindowposition,5
andreturn,5
thereare,5
parametervalue,5
returntype,5
convertible,5
displayed.the,5
DateTime,5
sshd_config,5
MAML,5
8.10.7,5
8.10.5,5
WideEntryDefines,5
servicing,5
AST,5
#requirementsdemonstratesexamplenamespace,5
passThru,5
theItemSelectionCondition,5
this.rendered,5
ReferenceCmdlet,4
-7.6.2-win-arm64,4
10.6,4
10.5,4
PeakPagedMemorySize,4
g,4
AlsoAdding,4
pathnodrive,4
theRightIndent,4
CannotCreateSpecifiedObject,4
All,4
Debugmenu,4
parameter.The,4
AutomaticSite,4
avariable,4
12345,4
fordisplay,4
anitem,4
itemexists,4
ProcessByName,4
alsodefine,4
class.c,4
Navigation,4
carefully,4
PrivateMemorySize,4
.２,4
theexpressionbind,4
company,4
Console.Write,4
MaxValue,4
newitempropertysplat,4
+3,4
wscript.echo,4
credit,4
theoutput,4
operable,4
46,4
47,4
regexoption,4
56,4
22.04,4
Console.BackgroundColor,4
62,4
Options,4
objectthat,4
CopyItems,4
70,4
74,4
76,4
synchronously.extracting,4
whencreat,4
math,4
table.locale,4
3860,4
peakvirtualmemorysize64,4
AS,4
GB,4
needto,4
<cmdletsupported>,4
Forceparameter,4
powershelli,4
avalue,4
win32_logicaldisk,4
requiredgroup,4
StopProcessSample,4
ServiceRunning,4
Sy,4
system.management.automation.cmdlet,4
VisitorSafeValueContext,4
imatch,4
user.homedrive,4
cl,4
e1,4
e2,4
de,4
display.customitem,4
ds,4
ea,4
ja,4
cmdletPowerShell,4
@mawosoft,4
beaccess,4
kb,4
changes.powershell,4
ln,4
n2,4
ls,4
md,4
City,4
winevent,4
r2,4
install.powershell,4
selectstr,4
GetContentReader,4
oppose,4
t1,4
sl,4
tb,4
result.add,4
x.,4
vt,4
method.rename,4
VerbsCommunications.Send,4
ExternalScript,4
ElementSelectionSet,4
ReturnContainers,4
error.for,4
ListView,4
gettables,4
thecontrol.You,4
implementthe,4
UserProcessorTime,4
<maml:navigationlink>,4
throwterminatinginvalidpathexception,4
PowerShellUse,4
WebManagement,4
this.anchorleft,4
functionstoexport,4
Logging,4
ItemNotFoundException,4
SecurityAction.LinkDemand,4
viewexpressionbinding,4
compound,4
GetProcessCommand,4
psitem.wait,4
datetimeformat.firstdayofweek,4
WarningThe,4
PSModuleInfo,4
w32timestatus,4
microsoft.powershell.commands,4
themicrosoft.powershell.commands.management.dll-help.xml,4
fairly,4
enableremotemanagement,4
newitemvalue.tostring,4
MaxLength,4
shorten,4
adapter.fillschema,4
</linktext>,4
Dynamic,4
ModuleName,4
BuildVersion,4
thisallow,4
inotcontain,4
</maml:linktext>,4
GetCommand,4
lifetime,4
MaxWorkingSet,4
CannotAccessSpecifiedRows,4
INT,4
ObjectNotFound,4
commandstring,4
Release,4
parameterbinding,4
native.so,4
jobcount,4
i.tostring,4
wshshell,4
descriptive,4
theNewLine,4
AlcModule.Engine.dll,4
@expandable,4
CentigradeToFahrenheit,4
PSObject.AsPSObject,4
simulate,4
2025to,4
Uptime,4
queue,4
fragments.length,4
inclusion,4
scriptname,4
customentryelement,4
andsystem.windows.forms,4
TrueName,4
help.the,4
filerm,4
<param name="values">,4
Markdownlint,4
severalof,4
CloseError,4
quite,4
wildcard.IsMatch,4
peakworkingset64,4
forconfigurationprovide,4
icommandpredictor,4
parameters.the,4
shift+f,4
2026next,4
done,4
DynamicParameters,4
1003.1,4
objects.for,4
runcommand,4
EITHER,4
typeany,4
FORWARDHELPTARGETNAME,4
spoolsv,4
f2ac,4
WaitForInputIdle,4
theSystem.ServiceProcess.ServiceController,4
dpkg,4
processingmethod,4
computerobjectguid,4
pwshaliasinfo,4
OrderedDictionary,4
among,4
object.xmlcreating,4
RowCount,4
fourth.key,4
MERCHANTABILITY,4
displayed.formatstring,4
volume,4
tableelementdescriptionentryselectedby,4
ElementText,4
IEXPLORE,4
notarize,4
vendorresource,4
Assets,4
BeginInvoke,4
Log,4
Kraus,4
thepath,4
Query,4
mkdir,4
pre-requisite,4
fd.name,4
basedon,4
1line,4
thereturn,4
4.2.4.1,4
todaysdate,4
reader.read,4
World,4
forListControlDefines,4
nameof.nettypeproperty,4
MaxHashtableKeyCount,4
AliasInfo,4
icer.errorrecord,4
GivenName,4
error.otherwise,4
theSystem.Management.Automation.Provider.ContainerCmdletProvider,4
TableNameNotValid,4
2025expressionbinding,4
theValueFromPipeline,4
tempf,4
base64,4
tempc,4
Approach,4
andsystem.management.automation.provider.drivecmdletprovider.removedrive,4
dhcpenabled,4
provider.overwriting,4
parentscope,4
ListEntryWriting,4
const,4
helparticle,4
reportexception,4
variable.the,4
theyare,4
unambiguous,4
FontCache,4
consolecanceleventhandler,4
mainly,4
PRs,4
Scripts,4
theSupportsShouldProcess,4
theCustomControl,4
MANDATORY,4
control.scriptblock,4
about_aliases,4
theFirstLineIndent,4
normalpath.replace,4
membership,4
WideEntryTypeName,4
expensive,4
WindowsServer,4
modules.for,4
BackwardDeleteChar,4
support.the,4
GetNewClosure,4
Console.Out.Write,4
dependencydirpath,4
2.0.5,4
object.This,4
notespattern,4
MailMessage,4
supportedcommand,4
Protocol,4
elementwrit,4
Loop,4
Win32_PingStatus,4
srvdev03,4
PSEngine,4
anytime,4
Reflow,4
microsoft.powershell,4
assignable,4
h1.keys,4
definitionof,4
endend,4
100000,4
setto,4
salaried,4
packaging,4
convert.toint32,4
theprovider,4
hotkey,4
RPC,4
PowerShell.You,4
reinstall,4
peakpagedmemorysize64,4
efficiency,4
PowerShellAzure,4
sensitivity,4
SyntaxThe,4
view.customitem,4
<maml:introduction>,4
getdatasetfortable,4
Delegation,4
Universal,4
this.myhostuserinterface,4
Textelement.None.None.SchemaSyntax,4
concurrent,4
theSystem.Management.Automation.ErrorRecord,4
cabinet,4
PowerShellHowever,4
Eventlog,4
2.2.6,4
it.powershell,4
onlySet,4
#You,4
overwhelming,4
xref,4
shutdown.exe,4
Thiselement,4
2.3.5.6,4
Thistopic,4
Std,4
newTableName,4
specified.The,4
trueget,4
daynames,4
ModuleCmdlets,4
thatit,4
ElementNewLine,4
user.the,4
toformat,4
this.myhost.ui.write,4
Tip,4
UNC,4
defininghow,4
prod.deb,4
notea,4
<text>,4
host.reportexception,4
DriveCmdletProvider,4
PowerShellOutputIf,4
WarningAction,4
acomplete,4
both.writing,4
theLeftIndent,4
centralized,4
this.reportexception,4
donot,4
noteto,4
this.currentpowershell.addcommand,4
awayfrom,4
control.elementdescriptioncustomentry,4
rare,4
system.console,4
value.if,4
method.remove,4
tableElementDescriptionDefines,4
OutputPath,4
Declaration.The,4
parametersthat,4
reasonable,4
nullif,4
https.the,4
system.io.directoryinfo.selectioncondition,4
WarningVariable,4
myhostuserinterface,4
attribute.Add,4
seeaccessdbprovidersample03.system.management.automation.provider.containercmdletprovider,4
this.anchortop,4
AlsoNewLine,4
<command:details>,4
regexoptions.ignorecase,4
HasMoreData,4
WSH,4
getchildname,4
TableControlTableRowEntry,4
consecutive,4
fortablecontroloptional,4
<param name="rowcount">,4
AlsoEnumerateCollection,4
mrcmdletbinding,4
displayday,4
AlsoLeftIndent,4
illustrative,4
mymodule-help.xml,4
class.building,4
PowerShellThere,4
emphasis,4
connection.open,4
message.append,4
forenumerableexpansiondefine,4
2025adding,4
namedargument,4
TransactionWindows,4
control.elementdescriptioncustomitem,4
requiredservice,4
selectioncondition.scriptblock,4
this.currentpowershell.commands.commands,4
namespaceus,4
thorough,4
ilike,4
ipenabled,4
vital,4
System.Diagnostics.DataReceived,4
TableColumnItemfor,4
ElementsNone.ElementDescriptionFrame,4
varname,4
icontain,4
4.5.16,4
4.5.11,4
<relatedlinks>,4
demand,4
Processor,4
process.activity,4
Vista,4
markdownlint,4
guidance,4
methodinstall,4
margin.elementdescriptioncustomitem,4
asystem.management.automation.powershell,4
customer,4
7/14/2018,4
thesystem.management.automation.cmdletattribute,4
FormatException,4
getter,4
thefirstlinehange,4
Output.Add,4
cnotmatch,4
Commandcmdlet,4
interoperability,4
<param name="ds">,4
parameter.if,4
behalf,4
<Text>,4
displayed.child,4
Win32,4
this.HandleControlC,4
blocka,4
ensurethe,4
powershellit,4
byWindows,4
2025firstlinehanging,4
creplace,4
Publishing,4
screenshot,4
control.customcontrolname,4
native.dll,4
<param name="rownumberasstr">,4
thecontent,4
enable_mu,4
ease,4
powershell.addscript,4
Dave,4
consolecolor.yellow,4
thesystem.management.automation.cmdlet.writeerror,4
whereas,4
ListControlDefines,4
file.name,4
OutputThis,4
sessionid,4
crash,4
ElementEnumerateCollection,4
swallow,4
System.Diagnostics.ProcessModul,4
coalesce,4
ViewWriting,4
OnRemove,4
element.adds,4
packages.sudo,4
rich,4
EnableRaisingEvents,4
psModuleInfo,4
RunInstaller,4
StartMode,4
<navigationlink>,4
scriptvalue,4
HelpInfoXML,4
absolute,4
bedisplay,4
PSSnapin,4
Texas,4
tothat,4
20process,4
RowNumberNotValid,4
system.management.automation.cmdlet.endprocessing,4
specifya,4
on.the,4
GetParentPath,4
Odbc,4
aeiou,4
withother,4
CustomSnapinTest,4
semantically,4
PSSessionConfigurationWindows,4
throughthe,4
Chunks,4
BaseObject,4
inlineprediction,4
SearchValues,4
Pester,4
listbox.height,4
Displays,4
input.split,4
arrow,4
thatderive,4
working,4
commentkeyword,4
PagedMemorySize,4
AlsoEntrySelectedBy,4
VirtualMemorySize,4
SampleDefining,4
pronounced,4
ispair,4
adapter.fill,4
attribute.specifying,4
snippet,4
privatememorysize64,4
copytable.rows,4
utf8bom,4
proxycommand,4
20.5,4
listbox.size,4
2004,4
text.length,4
#requires,4
FormatPattern,4
thealia,4
parameters.for,4
ChildItems,4
theHelpContentUri,4
4.3.1,4
4.3.2,4
PeakWorkingSet,4
WideEntrySelectionSetName,4
isan,4
cnotcontain,4
anyone,4
pathnodrive.split,4
control.text,4
7.1.4.3,4
<dev:defaultvalue>,4
NoteEditor,4
WaitForExit,4
Shift,4
OutFile,4
defaulthelp,4
7.4.16,4
Settings,4
<cmdletname>,4
aka,4
gmsa,4
complement,4
onlyGet,4
11.00.18362.1,4
commandtype,4
punctuation,4
Main,4
subcontainer,4
AllScope,4
<maml:description/>,4
releasewhat,4
ElementRightIndent,4
todownload,4
</para>,4
pipelinefor,4
name.declaring,4
Deployment,4
+0009,4
pspath,4
Working,4
2288,4
Wyatt,4
non-default,4
method.clear,4
permanently,4
PaneFind,4
reviewer,4
thelist,4
whenthere,4
itsvalue,4
indirect,4
samplederive,4
ScriptToExecute,4
cat,4
cge,4
cgt,4
serious,4
Form,4
cle,4
clt,4
protection,4
cne,4
possiblevalue,4
refactor,4
userData,4
sourcing,4
worker,4
theattribute,4
cwd,4
widely,4
inputcollection.add,4
finance,4
System.Management.Automation.Cmdlet,4
4001628PSComputerName,4
ToLower,4
ElementFormatString,4
Names.The,4
theexample,4
DnsOperator,4
RSAT,4
</command:command>,4
MenuComplete,4
2.3.5.1.2,4
dayname,4
returnContainers,4
PermissionState.Unrestricted,4
interest,4
provider.getnamesfrompath,4
learn.microsoft.com,4
Cursor,4
InputPath,4
RuntimeException,4
ViewCreating,4
near,4
PowerShellConsider,4
system.io.seekorigin.begin,4
di.count,4
View.For,4
<providerhelp>,4
nameand,4
AlcModuleAssemblyLoadContext,4
parametersprovider,4
inthose,4
PSVersion,4
-7.5.6-osx-arm64,4
alsocustomentry,4
wantto,4
psstyle.foreground.yellow,4
</providerhelp>,4
expressioncommand,4
getrows,4
theEnumerateCollection,4
adpater,4
seeaccessdbprovidersample04.system.management.automation.provider.navigationcmdletprovider,4
localize,4
tablesee,4
wildcardoptions.compiled,4
results.c,4
auditing,4
PowerShellI,4
control.enumeratecollection,4
wsmaninstance,4
stats52,4
blockdata,4
stats24,4
methods.last,4
arraylist.add,4
iasyncresult,4
cmdlet.For,4
andPowerShell,4
todeclare,4
subsystemmanager.unregistersubsystem,4
criticalprocessname,4
trueps,4
str.length,4
falsethis,4
MaxVisitCount,4
TableNotAvailable,4
this.program.myrunspace,4
class.This,4
configurationname,4
sequential,4
ieq,4
system.windows.forms,4
groupingentry,4
igt,4
alcmodule.psd1,4
locations.powershell,4
ile,4
ilt,4
mymodule.dll,4
thestr,4
command.c,4
process.getprocessesbyname,4
PSRemoting,4
assembly.using,4
powerful,4
precision,4
today,4
pipelineinput,4
Manifest,4
2022this,4
aliasedcmd,4
</relatedlinks>,4
throttlelimit,4
PSInvocationState.Running,4
MainWindowTitle,4
files.autoguessencoding,4
NameOfControl,4
FileﾉExpand,4
AlsoFrame,4
system.text.encoding,4
MakePath,4
cycle,4
checkHost,4
remotekeyparams,4
InlineView,4
PSES,4
cross,4
primitive,4
wildcardOptions,4
createrunspace,4
this.myrunspace.open,4
applicationthat,4
leaf,4
this.exclude,4
<command-name>,4
callsto,4
associatedwith,4
ExitTime,4
Computers,4
Sqlcmd,4
CannotAccessSpecifiedTable,4
ServiceWindows,4
MaximumAllowed,4
pre-processing,4
newdrive,4
gridview,4
</Text>,4
ElementRepresents,4
notesPattern,4
ServiceStatus,4
classThe,4
indicatesSkipLimitCheck,4
@CarloToso,4
undefined,4
synchronously.using,4
Blog,4
hotkeyAndLabel,4
ImportantYour,4
EnvironmentPermissionAttribute,4
NameOfView,4
aspecify,4
powershell.area,4
inputcollection.complete,4
test01,4
control.Specify,4
gpscommandoutput,4
4namespace,4
system.windows.formsadd,4
PowerShellAdd,4
#requirementsdemonstratesexample,4
psrc,4
7.11.2,4
StringConvertFrom,4
matchingprocesses.add,4
Client,4
RemarksSee,4
PeakVirtualMemorySize,4
12/1/2018,4
row.you,4
nonexistent,4
attacker,4
<param name="rownumber">,4
etc.,4
tochange,4
onlycmdlet,4
#the,4
PackageProvider,4
user.title,4
<param name="program">,4
tableparam,4
youhave,4
excludestring,4
exampleshow,4
servicesdependedon,4
aPowerShell,4
logoff,4
ofa,4
clausecatch,4
offline,4
pagedsystemmemorysize64,4
workingset64,4
ValidateScriptAttribute,4
ViewPropertyName,4
-10,4
Browser,4
cool,4
System.ComponentModel.ISite,4
updateable,4
ElementsElementDescriptionTableColumnItemElementDefines,4
deviceip,4
PossibleValues,4
<Frame>,4
7.1.2,4
</maml:introduction>,4
7.1.7,4
Press,4
nonpagedsystemmemorysize64,4
<para>,4
NewName,4
dependency.library,4
</maml:navigationlink>,4
hostname,4
Statement,4
EventLogWindows,4
ahelp,4
minimal,4
formattingfile,4
therunspace,4
artifact,4
pwd,4
nonmatch,4
January.csv,4
pathtype.database,4
7.2.1,4
7.2.9,4
OperationStopped,4
aboutthe,4
MinWorkingSet,4
runtime.for,4
a-za-z,4
specialize,4
backward,4
</text>,4
whenthey,4
control.you,4
ViewTableControl,4
Dailey,4
powershell_ise.exe,4
<maml:relatedlinks>,4
file.powershellcreate,4
am11,4
BasePriority,4
WriteLine,4
Temp,4
ran,4
cnotlike,4
enumerableexpansionwrit,4
GetChildName,4
GetContentWriter,4
propertiesget,4
</navigationlink>,4
psstyle.fileinfo.extension,4
rng,4
2026see,4
expr,4
copyTableName,4
System.EventHandler,4
0.0,4
@iSazonov,4
ViewParent,4
whena,4
returnvalue,4
wscript.network,4
user.department,4
generation,4
ANSI,4
actions.add,4
INCLUDING,4
windows.forms.button,4
listbox.location,4
reject,4
ps.runspace,4
thesystem.management.automation.provider.drivecmdletprovider,4
sid,4
<databasetableinfo>,4
sig,4
removedrive,4
subexpression,4
NULL,4
1.2,4
margin.rightindent,4
System.IO.File,4
sue,4
130,4
Youmust,4
SCCM,4
displayedselectioncondition,4
runspacepool,4
Antimalware,4
scriptmodule,4
triple,4
thi,4
propose,4
toa,4
mrsupportsshouldprocess,4
7.5.7,4
<linktext>,4
direction,4
opposite,4
255,4
desired,4
element.the,4
alsoitemselectioncondition,4
system.text.stringbuilder,4
7:58:59,4
str.substring,4
ClipboardReverse,4
thesystem.serviceprocess.servicecontroller,4
overwritten,4
thatinclude,4
Rouge,4
connectionstate.open,4
OverflowException,4
thereafter,4
duration,4
PriorityBoostEnabled,4
w3c,4
NonpagedSystemMemorySize,4
PagedSystemMemorySize,4
TargetObject,4
1ps,4
threat,4
PSConfiguration,4
orthe,4
drawing.point,4
PSModulePathenvironment,4
ElementsElementDescriptionListItem,4
WinBuild,4
DefaultParameterSetName,4
Column,4
scop,4
ProductVersion,4
this.currentpowershell.invocationstateinfo.state,4
tableKeyboard,4
setsassociate,4
de-de,4
PowerShellpwsh,4
4.6,4
psobject.aspsobject,4
abouthow,4
allProcesses,4
9:44,4
FITNESS,4
cancelerrorread,4
Aliases,4
condition.if,4
Delay,4
CannotCreateSpecifiedTable,4
PSResourceGet,4
aresource,4
side2,4
side1,4
PowerShellOutputWhen,4
attention,4
Summary,4
itsown,4
simultaneously,4
commandPowerShell,4
theCustomEntry,4
<command:parameter required="true" globbing="true" pipelineinput="false" position="named">,4
ListEntryDefines,4
#defining,4
7.5side,4
excludeproperty,4
usersto,4
command.executescalar,4
message.tostring,4
UInt32,4
server2,4
servera,4
<param name="context">,4
classlib,4
SendGreetingCommand,4
openssh,4
GuidelinesWriting,4
object.C,4
AlsoCustomEntry,4
inefficient,4
PSMemberInfo,4
displayed.you,4
stdout,4
nameof,4
torun,4
pathchunks.length,4
ShellUnix,4
System.IO.Path,4
microsoft.powershell.managem,4
selectionset,4
set.schemasyntax,4
element.firstlinehanging,4
Recurse,4
sandbox,4
this.currentpowershell.stop,4
Validate,4
error.a,4
HasChildItems,4
forexample,4
toallow,4
System.Globalization.CultureInfo,4
throttle,4
this.processids,4
systemcipolicy.xml,4
aset,4
Thisinformation,4
RunningDependentServices,4
formodule,4
yum,4
RowStringFormatNotValid,4
altered,4
Console.KeyAvailable,4
psversiontable.psversion,4
toconfirm,4
indicatesthat,4
mrverboseoutput,4
withPowerShell,4
yyyy,4
theversion,4
thesystem.management.automation.provider.containercmdletprovider.getchilditems,4
safety,4
theCustomItem,4
viewdefinition,4
module.when,4
fake,4
repair,4
10.0.2,4
8.4,4
ListControlWriting,4
Runtime,4
interactiveWindows,4
definedImplementation,4
StopProc,4
backup,4
</cmdletsupported>,4
onlydisable,4
maintainer,4
PredictionSource,4
milestone,4
theSystem.Management.Automation.Cmdlet.WriteError,4
shim,4
view.customentry,4
installed.for,4
RowStringConversionToNumberFailed,4
Green,4
currentweek,4
9.4,4
PSResources,4
7.1.10,4
objectsthat,4
System.Management.Automation.Cmdlet.WriteError,4
Surname,4
SerialNumber,4
Tools,4
method.this,4
system.linq,4
255.255.255.0,4
IEnumerable,4
ps.addscript,4
ps1module,4
this.executehelper,4
specified.the,4
corrupt,4
withwindow,4
ComputerWindows,4
Technologies,4
assert,4
System.Management.Automation.Cmdlet.ThrowTerminatingError,4
</command:syntax>,4
TableRowEntryOptional,4
fd.Label,4
SessionStateVariableEntry,4
3.23,4
3.16,4
exp.ismatch,4
-4914-a46b-bfc1bebf07f9,4
labelb,4
principal,4
mutually,4
dialogresult,4
deleteme,4
theregistry,4
connection.state,4
ProcessorAffinity,4
getprocesssample02,4
PromptForChoice,4
12.0.3,4
<dev:value>,4
changelog,4
theapplication,4
credssp,4
PowerShell.This,4
allowsyou,4
row.tostring,4
MemberSets,4
bracketsto,4
mistake,4
youare,4
Authoring,4
cmdletstoexport,4
<param name="columns">,4
maybe,4
MainWindowHandle,4
left.frame,4
usable,4
PowerShell.If,4
PowerShell.In,4
14393,4
top-most,4
NameofCustomControl,4
Objects.The,4
ofsystem.management.automation.provider.containercmdletprovider,4
towork,4
127.0.0.1,4
ItemArray,4
<maml:linktext>,4
nounname,4
originalcultureinfo,4
win32_service,4
removedfrom,4
win32_biossmbiosbiosversion,4
LineNumber,4
psscript,4
both.For,4
process.status,4
defined.when,4
VerbsﾉExpand,4
32.0,4
circumstance,4
<char>,4
proceed,4
abcgh,4
theinstallation,4
implied,4
value.a,4
CimSessionOption,4
prodid,4
paneto,4
this.render,4
NameofCommonCustomControl,4
cda.update,4
right.frame,4
<dev:possiblevalues>,4
hook,4
machinery,4
module.the,4
ongoing,4
ranking,4
prepend,4
ICommandPredictor,4
IHostUISupportsMultipleChoiceSelection,4
HasExited,4
canceloutputread,4
arrange,4
tokens.count,4
versionof,4
toprocess,4
multiline,4
ObjectClass,4
1.23,4
prototype,4
idiomatic,4
silently,4
doubleget,4
CodeSigningCert,4
this.execute,4
SwitchParameterThis,4
EnvironmentPermission,4
displayed.scriptblock,4
PSHome.lnk,4
</dev:value>,4
System.Runtime.Remoting.ObjRef,4
class.overwriting,4
RemoveTable,4
<moduleguid>,4
todetermine,4
RowNotFound,4
NoteThere,4
incoming,4
ms.date,4
<command:parametervalue required="true">,4
Cert,4
cmdlet.when,4
.160101.0800,4
CouldNotStopProcess,4
ViewCustomItem,4
evaluated.if,4
２,4
flat,4
<param name="adapter">,4
tableElementDescriptionCustomEntry,3
pathsprovider,3
B,3
remoteapplog,3
flip,3
platforms.powershell,3
besides,3
sets.each,3
pssessionget,3
TableRowEntrySelectionCondition,3
ViewTypeName,3
more.com,3
sb.remove,3
chmod,3
can'tuse,3
Arm,3
initialization,3
seeInstall,3
propertyof,3
defined.for,3
MySoftwareKeyPSParentPath,3
GetFeedback,3
Components,3
unblock,3
mode.powershell,3
assure,3
sshd,3
3700,3
this.defaultColor,3
Bar,3
retrieval,3
Linux.shMicrosoft,3
sothat,3
operatordescription,3
started.new,3
CimSessions,3
ConfirmPreference,3
CLA,3
availableparameter,3
mrxsmb20,3
FilesystemManager,3
HKEY_CURRENT_USERHKLM,3
FunctionHKCU,3
networking,3
intensive,3
-3,3
namingconflict,3
respectively.for,3
.9,3
topowershell,3
userinput,3
<param name="defaultchoices">,3
keys.containskey,3
releases,3
stay,3
43,3
44,3
48,3
58,3
59,3
4k,3
61,3
68,3
71,3
79,3
classsystem.windows.forms.form,3
81,3
97,3
da.insertcommand,3
3810,3
transcriptps,3
blockquote,3
12.3,3
System.ServiceProcess.ServiceControllerName,3
property1,3
powershell７,3
theinformation,3
CA,3
thesystem.management.automation.provider.drivecmdletprovider.removedrive,3
copyextension,3
EQ,3
ExcludeProperty,3
JP,3
psboundparameters,3
powershell4,3
MM,3
MU,3
methodnumeric,3
propertya,3
CmdletWhen,3
<computer>,3
nobom,3
releaseupdate,3
alternatively,3
MicrosoftDocs,3
system.timespan,3
Markup,3
myscriptmodule.psm1,3
WU,3
FQID,3
browse,3
thechange,3
AllUsers,3
isrequire,3
anargument,3
datato,3
System.Management.Automation.Job,3
a.,3
inThis,3
webcmdlet,3
assumption,3
ad,3
modules.the,3
ch,3
system.windows.forms.listbox,3
db,3
f3,3
f9,3
forTableControlDefines,3
tooldotnet,3
gm,3
gp,3
DisplayedLabel,3
ElementsAttributesElementDescriptionCustomItem,3
ht,3
is,3
dir2,3
ll,3
lp,3
mu,3
sipolicy.p7b,3
s.,3
sh,3
sn,3
ti,3
v7,3
vm,3
Iteration,3
usethem,3
data.getupperbound,3
Model,3
session.the,3
filesreference,3
resemble,3
another.The,3
Admin,3
slowercollectionsize,3
VSCode,3
CounterWindows,3
system.collections.generic,3
Public,3
Jenkins,3
view.enumeratecollection,3
displayed.selection,3
conduct,3
thearray,3
path.lastindexof,3
interchange,3
processhelp,3
ServicePack,3
beimplement,3
microsoft.powershell.managementcmdlet,3
video,3
command.get,3
unload,3
cimclass,3
Leaf,3
thesystem.management.automation.host.ihostuisupportsmultiplechoiceselection,3
intrownumber,3
Components.The,3
pane.you,3
thedocumentation,3
fs01,3
it.To,3
appreciate,3
GPG,3
openSUSE,3
UnableToAccessProcessList,3
commandname,3
system.collections.objectmodel.collection,3
excerpt,3
cmdlet.last,3
this.currentpowershell.commands,3
GroupByCustomItem,3
</data>,3
toensure,3
United,3
about_execution_policies,3
wsmancredsspwindows,3
element.For,3
setfor,3
tracker,3
CreateShortcut,3
ciminstancewindows,3
asdescribe,3
CancellationToken,3
tricky,3
functionor,3
content.this,3
thesystem.management.automation.cmdlet.shouldcontinue,3
thesystem.management.automation.provider.itemcmdletprovider.invokedefaultaction,3
ofget,3
12:59,3
Interface,3
otherwindow,3
modulespsreadline,3
ScriptingEnvironment,3
parameterbindingexception,3
microsoft.powershell.utility,3
again.at,3
seeaccessdbprovidersample05.for,3
changelogGitHub,3
PowerShellJust,3
this.path,3
IEC,3
executecommand,3
Hex,3
characternon,3
connectivity,3
AppControl,3
tomatch,3
theformatstr,3
1while,3
declaration.c,3
entry.selectionsetname,3
placedsudo,3
isstart,3
StopProcessing,3
FunctionsToExport,3
WinHttpAutoProxySvc,3
viewa,3
about_PSModulePath,3
thelast,3
terminatingerror,3
remotemanagement,3
gpcoutput,3
Microsoft.PowerShell.CoreCmdlet,3
Jane,3
tosystem.management.automation.cmdlet.shouldcontinue,3
scene,3
PSSubsystemPluginModel,3
<param name="process">,3
2025ps,3
JIT,3
anenvironment,3
da.deletecommand.parameters,3
command.for,3
theseparameter,3
StoppedSERVICETYPE,3
butalso,3
Chord,3
standardize,3
accent,3
PowerShellengine,3
issuesupdate,3
ArgumentCompletions,3
-05-31ubuntu,3
psboundparameters.containskey,3
thatfunction,3
psprovider,3
fileto,3
outputvalue,3
ElementTableColumnHeader,3
doubleThe,3
experiment,3
BuildType,3
revert,3
maximumnumber,3
floor,3
isimplementation,3
thatinformation,3
subtraction,3
profile.ps1,3
Tosupport,3
quit,3
orsystem.management.automation.cmdlet.endprocessing,3
cmdletThe,3
coerceelementtype,3
normalizerelativepath,3
script.In,3
System.Management.Automation.Cmdlet.ShouldProcess,3
zoom,3
configurationexpressionbinding,3
TableControlOptional,3
attributeParameter,3
habit,3
ForEachParallel,3
serverb2,3
serverb1,3
HELLO,3
serverb3,3
ihostuisupportsmultiplechoiceselection,3
1.1.1,3
retry,3
PowerShellMicrosoft,3
item.the,3
<DOMAIN>,3
semantic,3
#demonstratesexamplenamespace,3
Fullhelp,3
NovemberTop,3
controlthat,3
file.powershell,3
GetItem,3
buffersize,3
existst,3
comprise,3
view.entryselectedby,3
outer,3
row.propertyname,3
labelAfor,3
<param name="newitemvalue">,3
aview,3
DeleteCommand,3
reliable,3
alsoentryselectedby,3
safestopprocess,3
theorder,3
unwrap,3
associative,3
Admins,3
doubleangle,3
terminatorstatement,3
responsible,3
1.2.0,3
endian,3
contentPowerShell,3
system.management.automation.cmdlet.processrecordmethod,3
HelpMessage,3
6/2018,3
AugustTop,3
<see cref="suggestionpackage"/>,3
passedto,3
Deserialized.System.ServiceProcess.Servi,3
psremoting,3
highernoteremove,3
FirstDayOfWeek,3
dhcpserverv4scope,3
console.readkey,3
ratherthan,3
theSystem.Management.Automation.Cmdlet.ThrowTerminatingError,3
recreate,3
PSCommand,3
testuser,3
Mac,3
archivepath,3
canfind,3
alcmodule.engine,3
Updates,3
element.none.elementdescriptionentryselectedby,3
prsmklement0,3
ListAvailable,3
20369,3
compliant,3
Thisverb,3
States,3
breaking,3
portable,3
Min,3
Installer,3
view.Specify,3
ConstrainedSessionStateEntry,3
thisset,3
parameterscript,3
expressionformat,3
linktext,3
WideItemSpecifies,3
netcore,3
MySoftwareKey,3
scriptdisplay,3
pipeline.c,3
piping,3
controlview,3
path.c,3
condition.propertyname,3
file.propertyname,3
theenvironment,3
RemoteRegistryValue,3
scriptsﾉExpand,3
integration,3
order.the,3
MaxAllowed,3
<complextype>,3
property.xmlthe,3
nostartthreadjob,3
functionfunction,3
displayedby,3
isseparator,3
ProcessRecordCode,3
FileCatalog,3
own.for,3
applied.This,3
asystem,3
MinValue,3
absolutely,3
acmdletthis,3
parameterto,3
pathseparator.length,3
binaryformatter,3
control.frame,3
infer,3
parameters７,3
DecemberTop,3
PMC,3
bytype,3
GuidelinesUse,3
Month,3
Metadata,3
perspective,3
viewﾉexpand,3
ConfigurationCustomEntry,3
runspacefactory.createrunspacepool,3
set.c,3
orprovider,3
andremove,3
accuracy,3
appendix,3
taskbar,3
file.a,3
information.for,3
this.cursor.place,3
contiguous,3
readcount,3
ofyour,3
installation.shchoose,3
accurate,3
wsmaninstancewindows,3
inotlike,3
GetDynamicParameters,3
newname,3
vice,3
cmdletNew,3
eachobject,3
window.powershellnext,3
InputData,3
UserPrincipalName,3
virtualmemorysize64,3
RAS,3
proccmdlet,3
PSEdition,3
areapplied.these,3
RCW,3
tooverwrite,3
Listing,3
expressionscript,3
RFC,3
desttable.newrow,3
ProcessMitigations,3
parameter.a,3
GuidelinesThe,3
win32_systemdriver,3
SqlServerPowerShell,3
rs.close,3
HelpContentUri,3
docfx.json,3
throwerror.ps1,3
databasetableinfo,3
6.17,3
StartValue,3
releasegithub,3
usualarithmetic,3
square1,3
square2,3
thisinformation,3
SID,3
file.you,3
Milliseconds,3
remoterunspacepool,3
catalog,3
WindowsPSChildName,3
orpowershell,3
session.get,3
Servicing,3
Comic,3
CustomControlName,3
system.management.automation.provider.itemcmdletprovider.setitem,3
applog,3
aretypically,3
unwrapped,3
PowerShellISE,3
<possiblevalue>,3
Repository７,3
retrievethe,3
<username>,3
2026what,3
command.the,3
createa,3
NoteGet,3
Digital,3
PredictionContext,3
displayedpropertyname,3
GroupByFrame,3
Sets,3
rs.open,3
Arch,3
AlsoSelectionCondition,3
StoppedServiceType,3
training,3
expectation,3
Args,3
non-terminatingerror,3
rowsread,3
2.3.5.2,3
originate,3
thatreference,3
Extended,3
usesthe,3
Sum,3
+007,3
hastwo,3
troubleshooting,3
areus,3
rapid,3
commandget,3
ReadOnly,3
pipeline.adding,3
<cmdletconfigurationentry>,3
thesystem.management.automation.provider.itemcmdletprovider.getitem,3
getchildnames,3
go_here,3
2.3.6,3
2.3.4,3
revision,3
CSName,3
ChildItemAlias,3
2601:600,3
pssessionconfigurationfile,3
parameterdescription,3
psversion,3
consolepane,3
msds,3
contentupdate,3
shouldcontinue,3
data.configuration,3
unintended,3
compose,3
comparisonoperator,3
CommandPredictor,3
argumentexception,3
sql.substring,3
activate,3
<int32>,3
time.the,3
fdphostdisplayname,3
allctrl,3
2026get,3
sqlserver,3
severity,3
profile.alluserscurrenthost,3
archivecurl,3
WindowsFeature,3
test3,3
circumference,3
ThreePS,3
distinction,3
thecolumn,3
TableHeaders,3
discoverability,3
definedget,3
visit,3
sameparameter,3
ordinarily,3
hierarchical,3
Newtonsoft.Json,3
system.management.automation.verbslifecycle,3
methodscommunity,3
ListEntryOptional,3
TutorialThis,3
autoloading,3
Uri,3
PowerShellOutputTo,3
forViewDefines,3
brand,3
behaviors.powershellsimilarly,3
processthisone,3
theprofile,3
AppData,3
thereference,3
normalparent.equals,3
psreadlinekeyhandlerset,3
SoftwarePSChildName,3
powershellcommand,3
RemoteComputerUri,3
aninteractive,3
elementsus,3
youroperate,3
helpmeasure,3
hostsall,3
youto,3
tosystem.management.automation.cmdlet.shouldprocess,3
lookuphash,3
assemblyloadcontext,3
securityupdate,3
WPF,3
ADComputer,3
Forefront,3
wecan,3
bulk,3
byimplement,3
job.processjob,3
myinvocation,3
system.io.directoryinfo.the,3
High,3
anyway,3
left.firstlineindent,3
basically,3
lnumeric,3
happy,3
30668,3
twice,3
PowerShellThese,3
da.deletecommand,3
LINKS,3
newpath,3
0x0000ff,3
getindexofentry,3
8:00,3
code.the,3
used.customitem,3
AliasC,3
aboutparameter,3
followingaccessible,3
winrm,3
RequiredServices,3
win32_printer,3
transform,3
froman,3
ExecuteCommand,3
</sequence>,3
thesample,3
don'thave,3
ratio,3
4.2.6.3,3
finding,3
destTable,3
#exampleusing,3
getchilditems,3
pscommand,3
dnsadmin,3
nonewwindow,3
profilesexist,3
3.1.4,3
3.1.3,3
cimmethod,3
thatare,3
selectstring,3
stopprocesssample02,3
ServicesDependedOn,3
areadjust,3
4.5.10,3
csproj,3
SafeGetProcessName,3
animation,3
TimeGet,3
predict,3
alsobe,3
milli,3
expressioncomparison,3
panefind,3
view.in,3
29800,3
detection,3
statically,3
accesscontrol,3
specificprovider,3
repl,3
ImportantYou,3
thetable,3
class.for,3
filelist,3
window.size,3
plaintext,3
file'sscope,3
Repository,3
<param name="feedback">,3
beginner,3
usedfor,3
JEAMaintenance,3
SystemHow,3
simpleMatch,3
haschilditems,3
view.newline,3
2025window,3
</dev:code>,3
PowerShellRemoting,3
typet,3
OSdistributor,3
Containers,3
powershelloutputto,3
isoptional.The,3
externalcommand,3
myid,3
05/20/2026,3
PowerShellWhat,3
forevery,3
assembly.load,3
powershellin,3
infinite,3
ReferenceAssemblies,3
validvalue,3
withspecific,3
frameworkclass,3
file.scriptblock,3
ViewExpressionBinding,3
successor,3
isimport,3
PSNativeCommandArgumentPassing,3
normalchild.substring,3
visiblecmdlet,3
Publish,3
AccessAllowedName,3
ScriptPane,3
person.age,3
theability,3
Gentoo,3
sourceindex,3
means,3
25.10,3
fuzzy,3
profiles.current,3
intoa,3
othercmdlet,3
automaticallydisplay,3
Data.XMLThe,3
Days,3
pscmdlet.parametersetname,3
state.c,3
discount,3
system.io.directoryinfo.entryselectedby,3
system.serviceprocess.servicecontroller.servicetype,3
HelpLast,3
PackageSource,3
Breakpoint,3
FileParent,3
powershellversion,3
glance,3
TargetPath,3
atthe,3
CmdletDefining,3
regularexpression,3
outputwrite,3
sequentially,3
@armaanmcleod,3
valuetest,3
both.Child,3
July,3
June,3
dda.update,3
results.this,3
andit,3
<uri>,3
anddo,3
significant.xmlthe,3
PowerShellInstall,3
element.firstlineindent,3
x86_64,3
fromwithin,3
CreationTime,3
andcontrol,3
therow.Specify,3
view.lists,3
utilize,3
Persist,3
startWindows,3
virtualize,3
displayed.load,3
ordering,3
2.00,3
members.the,3
Backtick,3
System.ConsoleKey,3
displayed.selectionsetname,3
4.1.2,3
microsoft.powershell.commands.filesystemcmdletproviderencoding,3
adefault,3
powershellwe,3
Twitter,3
JEA.The,3
ofeach,3
ground,3
comdnshostname,3
CALLING,3
script.scripts,3
123.456,3
tableNew,3
theus,3
andpress,3
2/27/2020,3
strange,3
1111p2222q3333,3
italics,3
iscreat,3
groupof,3
a-l,3
a-t,3
#err,3
starttimeproperty.xmlcreating,3
conditionally,3
errorget,3
decimaldouble,3
user.for,3
anunconstrain,3
it.I,3
listbox.selectionmode,3
2032,3
2028,3
onyour,3
thatPowerShell,3
2035,3
sb.length,3
2025topic,3
name5.1noteget,3
Flow,3
destinationindex,3
ParameterSet,3
andinstall,3
@stevenebutler,3
result.line,3
4.3.8,3
4.3.6,3
4.3.3,3
withinthe,3
foundindex,3
agree,3
topicThis,3
path.in,3
PowerShellNew,3
7.1.4.1,3
vague,3
thevariable,3
forwideentrydefine,3
LocalizedData,3
AddArgument,3
4.5.1,3
dscresourceinvoke,3
PredictiveSuggestion,3
thought,3
allowable,3
coexist,3
attributeﾉExpand,3
MoveNotSupported,3
ata,3
pathset,3
aliasesget,3
PSSubsystem,3
arunspace,3
Constructor,3
post-increment-expression,3
increate,3
myaction,3
bak,3
Disable,3
greatly,3
about_commonparameters,3
myfunction,3
+0027,3
methodslast,3
+0022,3
PSFeedbackProvider,3
itto,3
system.idisposable.dispose,3
practical,3
non-zero,3
JEA_Lev1,3
becamemainstream,3
a.invoke,3
</complextype>,3
ElementTypes,3
closely,3
morning,3
theshell,3
PowerShellmodule,3
4.5.5,3
microsoft.samples.powershell.host.hostutilities.getprofilecommands,3
system.management.automation.runspaces.wsmanconnectioninfo,3
<param name="table">,3
canacceptfeedback,3
StackTrace,3
Itedits,3
2026ﾉexpand,3
MeetsIncludeExcludeCriteria,3
cin,3
238m,3
questing,3
subsection,3
Microsoft.PowerShell.Security,3
PSInvalidCastException,3
subtree,3
system.management.automation.cmdlet.writeverbose,3
pathtoformattingfile.this,3
function.the,3
non-existing,3
<?xml version="1.0" encoding="utf-8" ?>,3
thesystem.management.automation.runspaces.runspace,3
tofind,3
0xfel,3
ulong,3
</dev:defaultvalue>,3
tablethe,3
commandnotfoundexception,3
anumber,3
hostall,3
msiexec.exe,3
areseveral,3
GroupByRequired,3
#Example,3
whosevalue,3
dds,3
del,3
icontentreader,3
acomputer,3
Contentarea,3
Reporting,3
dim,3
WriteVerbose,3
publicly,3
control.configuration,3
CmdletSee,3
ampersand,3
DoubleStrLen,3
String.Format,3
byPowerShell,3
JEA_DNS_ADMINS,3
workwith,3
</columnnumber>,3
updatesadd,3
relationship,3
runspace.c,3
2.3.5.1.3,3
classinclude,3
canspecify,3
apple,3
retrievesprocess,3
separated,3
ReadLines,3
NOTEPAD,3
formula,3
relational,3
foundation,3
EnvironmentFunction,3
theconversion,3
#writing,3
AlsoFormatting,3
profilefile,3
<uri/>,3
thecondition.elementdescriptionexpressionbinding,3
<param name="returncontainers">,3
useto,3
Launch,3
thebase,3
specifiedfor,3
alphabetical,3
settest,3
thesystem.management.automation.provider.itemcmdletprovider.getitemdynamicparameters,3
</possiblevalue>,3
AlcModule.Engine,3
othertype,3
@mikefrobbins,3
grep,3
fax,3
ReadAllText,3
-06-10install,3
ISEThe,3
processnametomatch,3
<typeconfigurationentry>,3
system.byte,3
#In,3
StudioCode,3
Lifecyclepolicies,3
ViewControl,3
proficient,3
view.common,3
system.management.automation.subsystem,3
sufficient,3
forcontrol,3
mandatoryparameter,3
class.You,3
itempropertynew,3
keyfilepath,3
7PowerShell,3
EnumerableExpansionWriting,3
createdefault2,3
ListControlCreating,3
ambiguity,3
gap,3
sql03,3
formethod,3
gbp,3
CompletionPredictor,3
executioncontext.invokecommand.expandstring,3
01.2,3
collectioninformation,3
Whenyou,3
subtle,3
#if,3
forwindow,3
testlab,3
objects.customcontrol,3
ascriptStep,3
IsNullOrEmpty,3
PowerShell７,3
Methodprotected,3
stats49,3
theset,3
stats51,3
stats44,3
rhelreach,3
accidentally,3
#to,3
objectThis,3
stats22,3
IFeedbackProvider,3
theprevious,3
considerus,3
ExpandProperty,3
smart,3
objectsare,3
IsValidPath,3
onlyclear,3
reproducible,3
DateTimeImplement,3
cmdlet.cmdlets,3
Enforce,3
statementkey,3
themavailable,3
<cmdlet-name>,3
coefficient.index,3
4/19/2021,3
RunningName,3
a.2.5,3
ige,3
viewdefinition.typename,3
iis,3
system.management.automation.cmdlet.writeobject,3
theavailable,3
ina,3
PowerShellBecause,3
ine,3
Response,3
defaultdisplaypropertyset,3
poor,3
userspecify,3
themicrosoft.powershell.security,3
win32_computersystem,3
WorksHow,3
changethe,3
PowerShell.I,3
techdoc,3
ViewSelectionSetName,3
element.XMLA,3
deliberately,3
unsigned,3
pmc.installing,3
PowerShellEditorial,3
mrpsversion,3
5/17/2024,3
TutorialSee,3
pssnapinwindow,3
forListControlSpecifies,3
viathe,3
ConfigurationRequired,3
trueif,3
iterm2,3
thecontrol.elementdescriptioncustomentry,3
helptopicThis,3
defineshow,3
currentday.dayofweek,3
differentiate,3
system.management.automation.powershell.invoke,3
modulesand,3
excludename,3
RemoteServer,3
PowerShellIt,3
n1.n2.n3.n4,3
bundle,3
rownumber.tostring,3
beregister,3
subtract,3
SYNOPSIS,3
providerwindow,3
tableactionkeyboard,3
transmit,3
thatapply,3
raspberry,3
moveitem,3
InvalidArgument,3
informational,3
CmdletsToExport,3
PipelineVariable,3
beset,3
non-negative,3
agiven,3
0xfe,3
cmdletshould,3
notinclude,3
BigEndianUnicode,3
method.overwriting,3
commandsthat,3
theimport,3
Blah,3
Frameelement.None.SchemaSyntax,3
Codespaces,3
configuration.the,3
debianhttp,3
object.this,3
doublehyperbolic,3
fromone,3
@hash,3
forTableControlRequired,3
lnk,3
Microsoftpackage,3
da.insertcommand.parameters.add,3
entryhash,3
LanguageMode,3
copyTable,3
October,3
system.management.automation.powershellobject.running,3
integratedterminal,3
ServiceGet,3
radius,3
NoteActive,3
GuidelinesAdvisory,3
theBefore,3
<maml:alert>,3
tableElementDescriptionSpecifies,3
objectlist.add,3
1.2345e,3
cmdletis,3
SetDefaultPrinter,3
VisibleFunctions,3
<system.int32>,3
used.scriptblock,3
thesystem.management.automation.cmdlet.writeverbose,3
thepsmodulepath,3
CTRL+C,3
path.contains,3
defaultresults.add,3
view.selectioncondition,3
.100,3
7.11.1,3
flexibility,3
Interactive,3
enginesrc,3
MultiExtended,3
ProcessNotFound,3
provider.the,3
System.Console.WriteLine,3
desttable.rows,3
AlsoName,3
.10000,3
itemget,3
MemberGet,3
manufacturer,3
propertyname,3
PowerShellOutputListing,3
resultis,3
AliasesToExport,3
professional,3
cmdlets.For,3
orfunction,3
merging,3
<system.management.automation.switchparameter>,3
invalidoperationexception,3
.254,3
organization,3
frameelement.firstlinehanging,3
this.eventname,3
AuthenticodeSignature,3
RunAsCredential,3
SomethingElse,3
EnumOnly,3
ViewWide,3
preprocessing,3
ElementViewSelectedBy,3
inotmatch,3
significantly,3
RightArrow,3
tomention,3
property.for,3
theDisplayName,3
shell.creating,3
notacommand,3
okt,3
github,3
predictorfeedbackkind,3
columnd,3
-43,3
mathematical,3
magic,3
onedocumentation,3
da.deletecommand.parameters.add,3
pscmdlet.shouldcontinue,3
wins,3
ahead,3
7.1.3,3
PowerShellﾉExpand,3
7.1.6,3
2.15.0.10,3
pay,3
ofPowerShell,3
WinFormsExampleUpdatesWindows,3
concise,3
recordswrit,3
Project,3
specified.For,3
Usethe,3
safeguard,3
pow,3
areprovide,3
UnableToAccessProcessByName,3
PSItem,3
pro,3
intrinsic,3
onlineversion,3
continually,3
7.12,3
GalleryPSDesiredStateConfiguration,3
deserialize,3
JanuaryTop,3
duplication,3
assemblyloadcontext.default.resolving,3
OnCommandLineAccepted,3
#Exampleusing,3
dedicated,3
Gallery.The,3
startpos,3
10.0.0.2,3
toonly,3
cmdlet.to,3
fortablerowentrydefine,3
complicate,3
defined.a,3
gzx64,3
inclusive.type,3
CurrentVersionPSParentPath,3
subsystemkind.commandpredictor,3
cancellationToken,3
CmdletGet,3
predictionclient,3
calling,3
res,3
forGroupBySpecifies,3
exempt,3
AggregateString,3
Tokenizer,3
cross-reference,3
HelpThis,3
forconfigurationspecify,3
computer.you,3
andfunction,3
0..,3
thestatic,3
005,3
CurrentVersionPSDrive,3
pagedmemorysize64,3
ofprocess,3
010,3
method.copy,3
<param name="copypath">,3
hostps3,3
thefile,3
commandsin,3
theDebug,3
madeavailable,3
Win32OwnProcessSee,3
command.if,3
containment,3
DeepClone,3
permissionssudo,3
sit,3
oneof,3
SimpleTest,3
#you,3
normalpath.substring,3
finalizer,3
ViewTableColumnHeader,3
nature,3
sql01'if,3
ContainerCmdletProvider,3
sb.appendformat,3
138,3
147,3
155,3
View.The,3
HelpSupporting,3
expressionpre,3
formatdataget,3
cmdlet.In,3
tester,3
rowof,3
tar,3
satisfy,3
half,3
onlyshow,3
ter,3
breakstatement,3
forTableRowEntryDefines,3
sale,3
2025ets,3
HelpFile,3
pwshsudo,3
multi-factor,3
binarymodule,3
to1,3
transparency,3
isautomatically,3
2.3,3
<command:parameter required="true" globbing="true"           pipelineinput="false" position="named">,3
Docsrepository,3
12/08/2025,3
thecontrol.expressionbinding,3
contentupdated,3
result.ignorecase,3
230,3
stats,3
system.io.directoryinfo.each,3
243,3
tempmode,3
cmdletthat,3
watch,3
propertyset,3
ServerC.Name,3
IAsyncResult,3
object.running,3
ubi,3
EnumerationThis,3
destTableName,3
cmdletsupport,3
pseudo,3
Nameparameter,3
displayedwrit,3
advent,3
latin,3
3.2,3
7.6.3,3
toyour,3
MySoftwareKeyPSProvider,3
wasus,3
tablewhat,3
theclass,3
PowerShellsession,3
11/20/2025,3
tangent,3
ofsystem.management.automation.provider.itemcmdletprovider,3
37m,3
about_splatting,3
tstotal,3
expressiondash,3
<param name="history">,3
replication,3
canhelp,3
views.The,3
CmsMessage,3
unused,3
ti.name,3
mostcase,3
4.5,3
newly,3
file.to,3
displayed.typename,3
@kilasuit,3
parameters.powershelluse,3
cannotbe,3
8.1.1,3
InjectionHunter,3
updatespowershell,3
PowerShellversion,3
onlyway,3
<command:command>,3
sessionstateentryvisibility.private,3
AlsoLabel,3
-7.6.2-win-x64,3
outputget,3
10:10:15,3
allowsthe,3
methods７,3
Backspace,3
wasexportedmodulenameinstanceproperty,3
1this,3
Quokka,3
tohandle,3
requestconfirmationtemplate1,3
powershellinstall,3
picker,3
objects.when,3
control.when,3
https://packages.microsoft.com/.powershell,3
OutputYou,3
singular,3
System.Management.Automation.Tracing.PowerShellTraceKeywords,3
toanother,3
-08-09debian,3
platforms.because,3
tableVerb,3
sound,3
PowerShellExplained.com.What,3
psrcpath,3
object.c,3
removeitem,3
object.a,3
tsshutdn.exe,3
class.In,3
isdefine,3
setb,3
6.8,3
605,3
Report,3
devcontainer,3
ImplementationdefinedThe,3
xxx,3
colorize,3
elevation,3
ReadNext,3
view.frame,3
tableget,3
ListEntries,3
7.8.4.6,3
addthe,3
centigradetofahrenheit,3
property.typenameofvalue,3
KindTypePurposeCommandTypeInstanceproperty,3
starttype,3
yml,3
modulespecification,3
arerequire,3
RegexMatch,3
aformat,3
selectstringcommand,3
5kb,3
AllUsersCurrentHost,3
7.x,3
GetSuggestion,3
UseWindowsPowerShell,3
TestNetwork,3
path.substring,3
da.insertcommand.parameters,3
PSHostProcessInfo,3
Debugging,3
8.4.4,3
<named-data>,3
credentialobject,3
NoExit,3
unhandled,3
magnitude,3
Pack,3
pointer,3
10.0.0.254,3
ConfigurationSelectionSetName,3
face,3
thesystem.collections.icollection,3
ireadonlylist,3
ConfirmAre,3
collectionSpecifies,3
astostring,3
colored,3
8.1,3
TickCount,3
setsthat,3
Profiles,3
InstrumentationRunning,3
runsthe,3
undo,3
afile,3
zxf,3
Info,3
Objects.For,3
activex,3
White,3
Unregister,3
arm64macos,3
you!ﾉExpand,3
moreabout,3
atop,3
re-thrown,3
releasehttp,3
displayeddata.for,3
powershell_telemetry_optout,3
helpfor,3
thebeginning,3
ElementCreating,3
onnon,3
seehow,3
breakpointsctrl,3
mrerrorhandle,3
shut,3
wrapper,3
this.moveright,3
9.9,3
ViewEntrySelectedBy,3
</element>,3
PropertyPrivate,3
ShortcutUse,3
file.The,3
psresourceget,3
iscomplete,3
psstyle.background.fromrgb,3
onlyinvoke,3
RemoteSigned,3
falsethe,3
null.the,3
interesting,3
<see cref="PredictionContext"/>,3
syntaxtest,3
element.specified,3
sql.length,3
willbe,3
DefinitionInstanceproperty,3
Resources,3
theunderly,3
ProxyCommand,3
environmentvariable,3
tasks.json,3
discourage,3
hasbeen,3
System.ComponentModel.IContainer,3
rebuild,3
characterb,3
inaccessible,3
arrayget,3
oddnumber,3
eventlogwindows,3
fullyqualify,3
TrueServiceType,3
microsoft.powershell.commands.getchilditemcommand,3
s.length,3
subnetmask,3
3.15,3
3.14,3
commandto,3
3.22,3
3.21,3
3.20,3
thanks@yotsuda,3
theright,3
labelc,3
tall.startingposition,3
separation,3
OnImport,3
Wallpaper,3
hardware,3
StartingPosition,3
xmlcreat,3
theassembly,3
them.PowerShellThe,3
raised.description,3
isetheme,3
WSMAN,3
ProviderOverview.The,3
FAQModern,3
system.management.automation.cmdlet.writedebug,3
highernotestart,3
path.combine,3
macos.the,3
user01,3
PowerShellAlthough,3
type.if,3
5584,3
system.serviceprocess.servicecontrollerobject,3
hostsimplement,3
readnext,3
setinstead,3
providesthe,3
aprovider,3
users.the,3
system.management.automation.subsystem.prediction,3
ViewTableColumnItem,3
supportinterim,3
da.fillschema,3
ElementParent,3
powershell.last,3
CannotRemoveSpecifiedTable,3
thecustomentry,3
datarow,3
aswell,3
it.PowerShellIf,3
Object.In,3
outdeps,3
ifeedbackprovider,3
noforeachparallel,3
pager,3
statementswitch,3
3052,3
ElementsElementDescriptionView,3
thesystem.management.automation.cmdlet.writewarning,3
CustomPSSnapinTest,3
Endpoint,3
collectionthe,3
<columnnumber>,3
type.an,3
DC01,3
required.The,3
OpenError,3
-05-01alpine,3
thisfeature,3
formore,3
OperatorMeaningExample,3
eventno,3
originaluicultureinfo,3
referenceassembly,3
QuickStart,3
system.text.regularexpressions.regexoptions,3
<paramref name="name"/>,3
<param name="cancellationtoken">,3
12.3.1,3
parameterthat,3
PowerShell.Create,3
module.psd1,3
context.inputast.extent.text,3
FormatData,3
anoperation,3
trivial,3
currentsession,3
AlsoTypes,3
outputto,3
parametersfunction,3
DataGridView,3
dark,3
ViewDefining,3
DontShow,3
24.04,3
exposure,3
secs.verbose,3
DefaultHelp,3
ipconfig.exe,3
2004-08-04,3
declaration.define,3
appears.adding,3
release.The,3
foldersudo,3
GUIDEManaging,3
overloaded,3
ServiceSet,3
view.rightindent,3
thedetail,3
GroupByPropertyName,3
insidethe,3
filethis,3
normalpath.contains,3
manifestfile,3
userexperience,3
EditorFile,3
theconfiguration,3
TableColumnItems,3
fullname,3
forviewdefine,3
connectionInfo,3
labelsﾉExpand,3
ParametersRemarksSee,3
StoppedName,3
MyCmdlet,3
system.management.automation.pipelinestoppedexception,3
descriptionresource,3
defined.selection,3
normalbasepath.length,3
JEAConfiguration,3
thelat,3
normalchild.startswith,3
AllSQLDatabases,3
ProcHandles,3
parametersstart,3
lexically,3
hyperlink,3
displayed.schemasyntax,3
ModuleHow,3
EventLogGet,3
<dev:code>,3
oftypename,3
SetsSelectionSet,3
hour,3
publicproperty,3
intentional,3
assembly.loadfile,3
table７,3
arehost,3
pkgx64,3
value.powershellwhen,3
PSStyle,3
locationget,3
encodedcommand,3
forcustomcontrol,3
environments.keys,3
startpowershell,3
unchanged,3
copy'ps,3
MinimumVersion,3
TableControlTableColumnItems,3
scriptctrl,3
</command:inputtypes>,3
modulemanif,3
view.XMLFor,3
parser,3
1name,3
system.diagnostics.eventlog,3
1.03,3
SamAccountName,3
inthat,3
NoteTo,3
speak,3
defaultselect,3
highernoteadd,3
Keyboard,3
typestring,3
192.168.1.1,3
malware,3
class.syntax,3
batches.count,3
displayedscriptblock,3
provider.getrows,3
thanks@justingrote,3
viewus,3
control.typename,3
atable,3
acolumn,3
test.ps1,3
parallelism,3
GetProc,3
<sequence>,3
commanddetails,3
drivetype,3
userto,3
oneparameter,3
8.10.1,3
ClearContentDynamicParameters,3
method.psmemberinfo.name,3
differentfrom,3
migration,3
thatallow,3
thebehavior,3
ImplementationdefinedShould,3
recall,3
ViewCustomEntry,3
argumentof,3
definition.selectioncondition,3
err.tostring,2
10.4,2
10.0,2
P,2
Q,2
10/2,2
W,2
servicecontroller,2
ofan,2
keyssudo,2
1033,2
ã,2
pkgpowershell,2
error1.txt,2
theinjection,2
membernameprevent,2
methodstringcreate,2
charactersignature,2
forceparameter,2
instantiate,2
theCommand,2
InvalidRegularExpression,2
thesystem.management.automation.provider.itemcmdletprovider.invokedefaultactiondynamicparameters,2
updatescatch,2
NounName,2
bename,2
improvementsadd,2
Snover,2
getprocesssample01.dll,2
PowerShell.When,2
Art,2
dependson,2
Microsoft.PowerShell.ThreadJob,2
MainModule,2
singleassembly,2
System.Diagnostics.Eventing.Reader.StandardEventKey,2
75988,2
<clear />,2
xscript,2
ssce,2
PaneDelete,2
ssh1,2
ElementDefining,2
sshs,2
DynamicParameter,2
comments.a,2
compact,2
PowerShell.What,2
isstill,2
selectstrsnapin,2
thiscase,2
files.if,2
f...set,2
packageversion,2
crescendo,2
11.7,2
ipaddr,2
Docsteam,2
this.input,2
powershell.powershelldefaultversion,2
psobject.properties.add,2
-10-14includedwindows,2
GetCommandName,2
showtodaycircle,2
<pssession-variable>,2
blockname,2
System.Text.Encoding,2
topic.for,2
thedifference,2
theNew,2
you'reus,2
PowerShellMany,2
clearcopycpcopy,2
shell.the,2
<datetime>,2
allowspowershell,2
regedit.exe,2
historyﾉexpand,2
asmall,2
CurrentDirectory,2
instancetype,2
delegationset,2
thataccept,2
astring,2
-5,2
notesome,2
asystem.management.automation.parameterattribute,2
7７,2
.0,2
eachrow,2
ofargument,2
computer.getprocesssample02,2
data.tables.columns,2
00,2
you'llget,2
hiding,2
SelectStringCommand,2
0f,2
<powershell>,2
1d,2
seclogon,2
Bus,2
performone,2
SOFTWA,2
cmdletwithout,2
VerbVerb,2
xaml,2
2d,2
ExpressionInvoke,2
57,2
10.20,2
thesystem.management.automation.provider.icontentcmdletprovider.clearcontent,2
expressionadditive,2
22.09,2
22.01,2
63,2
ServiceNameRequiredServices,2
prod.rpm,2
datagridview,2
5l,2
mask,2
78,2
PaneReplace,2
84,2
10do,2
theneed,2
90,2
WmiMethod,2
Parameterattribute,2
called.When,2
:d,2
8/18/2016,2
PowerShell.Microsoft,2
theproblem,2
<param name="token">,2
CreateRunspace,2
issuesNew,2
1too,2
NameLastWriteTime,2
typeYou,2
ModuleInfo,2
12.5,2
spend,2
allowunencryptedauthentication,2
ICollection,2
modulepublish,2
scriptget,2
system.io.seekorigin.end,2
BigMul,2
1235,2
Az,2
console.out.write,2
system.management.automation.pscmdlet,2
characterize,2
severe,2
about_Objects,2
objectget,2
communityadded,2
Cr,2
TableRowEntrySelectionSetName,2
Cim,2
it.The,2
F5,2
bothoperand,2
SynchronizingObject,2
ConfigurationItemSelectionCondition,2
ObjectsDefining,2
packagesdownload,2
H2,2
HP,2
IO,2
IP,2
eachone,2
findthe,2
ScriptLConsole,2
System.ComponentModel.IContaine,2
Io,2
binarymodulecmdlet2,2
binarymodulecmdlet3,2
Cos,2
binarymodulecmdlet1,2
content.in,2
forlistentrydefine,2
system.management.automation.pscmdlet.host,2
0.0.1,2
runspacemode.currentrunspace,2
MS,2
reorg,2
articulate,2
NT,2
0.002,2
No,2
aliases.for,2
OR,2
errors.the,2
content.an,2
<enumerableexpansions>,2
aruntimeexception,2
majorver,2
thendefine,2
control.selection,2
launchctl,2
binarymilog,2
forlistcontrolspecify,2
codePage,2
hascomplete,2
FDResPubDisplayName,2
datain,2
views.for,2
strcomputer,2
UN,2
reconstruct,2
VC,2
it.This,2
wouldapply,2
<providerconfigurationentry>,2
parameters.keys,2
types.last,2
conditiondefined.selection,2
sort.exe,2
itshould,2
Zp,2
themicrosoft,2
finalize,2
stuff,2
samplesformatt,2
Assistance,2
pre-decrement-expression,2
LocationpushdrenmvRename,2
policyTo,2
redirectionredirection,2
Dev,2
extent,2
A-Za-z,2
Generating,2
onlyimport,2
ae,2
intermediate,2
az,2
ansystem.management.automation.provider.icontentwriter,2
SystemDirectory,2
ba,2
bd,2
PowerShelllanguage,2
panel,2
cb,2
ce,2
cf,2
Dim,2
stack.push,2
cr,2
https://learn.microsoft.com/en-us/powershell/module/?term=,2
inctrl,2
f#,2
cimsessionwindows,2
stopwatch,2
thesystem.diagnostics.process.processname,2
font,2
ctrl+tab,2
equivalentto,2
em,2
et,2
ev,2
ExecutionPolicycmdlet,2
fi,2
vscript,2
powershell_invocationstatechanged,2
h.,2
h4,2
fr,2
ga,2
multiplecommand,2
PowerShellAlternatively,2
fork,2
set.value,2
process.with,2
Shared.Dependency.dll,2
SyntaxNote,2
https,2
pwshaliasinfo.referencedcommand.name,2
iv,2
modulecompatibility,2
supplement,2
jq,2
howPowerShell,2
WildcardOptions.Compiled,2
Tokenstoken,2
mt,2
Acos,2
np,2
runget,2
ob,2
ou,2
ov,2
operand.examples,2
pc,2
pq,2
onresource,2
cmdlets.add,2
SnapinName,2
January,2
friendlyname,2
pressenter.step,2
adopt,2
IntegratedScripting,2
rt,2
ru,2
Loading,2
sp,2
files.there,2
OfficeRemove,2
modules.writing,2
sr,2
stringrepresentation,2
sv,2
decision,2
sy,2
th,2
asfollow,2
ts,2
tx,2
allowed.maxrange,2
PrivilegedProcessorTime,2
debianreach,2
OutOConsole,2
vb,2
thatscript,2
patternItem,2
computerstop,2
Internet,2
myjeaendpoint,2
canconnect,2
xl,2
xz,2
ISE.The,2
ErrorDataReceived,2
thesystem.management.automation.provider.cmdletproviderattribute,2
zh,2
zl,2
14.6,2
theSystem.Management.Automation.Provider.DriveCmdletProvider,2
process.powershellthe,2
errorswhen,2
samplejob,2
type.for,2
BeginErrorReadLine,2
theremoval,2
filesthere,2
fileand,2
therole,2
actionpreferenceenumeration.data,2
orunf5run,2
copy.nameps,2
scriptremove,2
filehow,2
folder.the,2
PowerShellmodules,2
stringThis,2
theleft,2
outputobject,2
ofControls,2
exprverbatim,2
system.diagnostics.eventing.reader.standardeventlevel,2
contributors2020,2
thegetprocesssample02,2
charactercolon,2
cmdletsRemoves,2
inject,2
24896,2
VariableWSMan,2
importantfile.txt,2
Organization,2
Windows.Install,2
iexplore.exe,2
ofinstallation,2
debuggershift,2
theevent,2
ElementDescriptionCharacterother,2
wmiclass,2
packageproviderget,2
installrsat,2
2026in,2
functionsyou,2
Exp,2
thesystem.management.automation.powershell.addstatement,2
HelpMessageBaseName,2
atransaction,2
circle,2
values.this,2
modulesc,2
valuefor,2
thesystem.management.automation.provider.navigationcmdletprovider.makepath,2
ImportantFor,2
FilesThe,2
anymore,2
aliasedCmd,2
advanceddeployment,2
MakeCab.exe,2
updated,2
<param name="basepath">,2
SetDNSDomain,2
aka.ms,2
a.2.11,2
engineer,2
cmdlet.how,2
FebruaryTop,2
providerthis,2
andwindow,2
DependentServi,2
confusing,2
modulein,2
modules７,2
h1.dept,2
AlsoListControl,2
IDispatch,2
Heartbeat,2
actions.count,2
<param name="consolemodifiers">,2
https://learn.microsoft.com/powershell/module/microsoft,2
set.membertype,2
isdisplayed.You,2
types.blocking,2
CustomControlDefines,2
childelement,2
element.consider,2
command.powershellget,2
class.text,2
arerunn,2
thrown.runspace05,2
thetranscript,2
unmatched,2
row.scriptblock,2
chargeneric,2
currentday.adddays,2
toevaluate,2
thecontroll,2
profileif,2
describesthe,2
hotfixid,2
IntoSConsole,2
connection.remoterunspacepool01,2
Determine,2
thepredictor,2
Microsoft.PowerShell.Comma,2
parameter.however,2
10/22/2019,2
generalize,2
initializelifetimes,2
AdminMenu,2
tableElementDescriptionControl,2
downloading,2
ElementsElementDescriptionEntrySelectedByElementDefines,2
acondition,2
processbasepriority,2
Optionally,2
element.None.Syntax,2
error.If,2
filespowershell,2
conventional,2
PSObject.Properties.Add,2
decimalthe,2
StandardError,2
26932870,2
argumentswhose,2
guidehow,2
snippetsctrl,2
ofsupportyeswindow,2
erroridentifier,2
functionin,2
HRESULT,2
combinationof,2
Guidelines,2
Prio,2
OutputFor,2
1607,2
Element.None.SchemaSyntax,2
scenariossupport,2
PfxCertificate,2
Fields,2
pwdLastSet,2
ExpressionBindingelements,2
psextend,2
system.iformatprovider,2
exception.when,2
authenticodesignature,2
1.1.0.1,2
row.TableColumnItems,2
System.SByte,2
wildcardPattern,2
yscript,2
#define,2
downloadfolder,2
resultobject,2
parameterswitch,2
AgentServiceType,2
runspace.defaultrunspace,2
data.count4ps,2
ookbook,2
therunn,2
system.io.seekorigin,2
searching,2
placethe,2
Component,2
setsentryselectedby,2
codeguideline,2
12:28,2
Get...Get,2
ProcessJob,2
partgeneric,2
atan2,2
logpropertieswindows,2
functions.C,2
cryptic,2
table.configuration,2
mergenot,2
certfile,2
VariablesToExport,2
outshift,2
applications.you,2
viewand,2
previewthe,2
tableElementDescriptionGroupBy,2
predictorfeedbackkind.commandlineaccepted,2
module.c,2
worry,2
SubsystemType,2
module.a,2
andonly,2
CodeIntegrity,2
PowerShellSee,2
PowerShellSet,2
<icommandpredictor>,2
syntaxdiagram,2
pagecount,2
loadedinto,2
alcmodule.engine.dll,2
non-ampersand-character,2
ViewEnumerateCollection,2
guard,2
wasintroduce,2
order.examples,2
Concat,2
corrupted,2
anelement,2
byreference,2
Microsoft.Management.Infrastructure.CimInstance,2
dowhatif,2
systemresource,2
FaxDisplayName,2
view.customcontrolname,2
Entra,2
CommandInvocation,2
BIOS,2
</defaultsettings>,2
@chadmando,2
processing.the,2
powershellmodule,2
blockif,2
val2,2
val1,2
System.Int64,2
theModuleVersion,2
characterdollar,2
OKStarted,2
noprofile,2
kali,2
Panel,2
tableWindows,2
definedcollectionget,2
echomdmkdirnew,2
moduleinstall,2
TotalVirtualMemorySize,2
var2,2
var1,2
nonterminating,2
agelist.add,2
pssessionnew,2
elementfor,2
pset1,2
mayhave,2
ableto,2
ClearPropertyDynamicParameters,2
methodsmicrosoft,2
NonpagedSystemMemorySize64PM,2
regexOptions,2
vast,2
StateSession,2
unusual,2
somethingthat,2
stepsSee,2
dependencyapi.use,2
1848,2
inclusive,2
AlsoParameter,2
UBIinformation,2
registryentry,2
paren,2
ObjectImplement,2
tocall,2
Reference,2
filesstep,2
InternetExplorer,2
erroroccurr,2
therelease,2
both.propertyname,2
thesyntax,2
VerbsCommon.Select,2
control.schemasyntax,2
DSCResource,2
OutputDataReceived,2
ResourceConfirmAre,2
theexpect,2
10646,2
1.0.0,2
thatgroup,2
onimport,2
filesc,2
digitssign,2
themicrosoft.powershell.commands.objecteventregistrationbase,2
sessionpowershell,2
supportthi,2
2025new,2
you'vedescribe,2
below.otherwise,2
tstotals,2
system.threading,2
UserInteractive,2
preview5,2
files.this,2
dataexecutionprevention_32bitapplications,2
forEnumerableExpansion,2
lengthy,2
scriptBlock,2
declaration.otherwise,2
NullSearchPattern,2
andprovide,2
powershell.runspace.sessionstateproxy.invokecommand.getcommand,2
viewsthat,2
promote,2
authenticity,2
contextmenu,2
cmdlets.for,2
megabyte,2
help.txt,2
ofrunn,2
object.The,2
<formatconfigurationentry>,2
cmdlet.powershell,2
projectfolder,2
customcontrols.creating,2
tenant,2
BatchSize,2
isdeclare,2
manualinstallation,2
operatorassignment,2
Toinstall,2
propertiesproperty,2
openingbracket,2
runtime.This,2
candefine,2
mvpopdpopdpop,2
names.for,2
<space>,2
Codes,2
scriptStep,2
System.Runtime.InteropServices.Sa,2
apossibly,2
apartment,2
highernotecompress,2
object.here,2
thelegacy,2
adult,2
sample.ps1,2
Frame.There,2
totype,2
TrueValueFromPipelineByPropertyName,2
processstart,2
this.buffer.tostring,2
cmdlets.optionsinstanceproperty,2
theScriptBlock,2
article.when,2
defaultsessionstate.commands.add,2
noenumerate,2
classification,2
moduleauthor,2
ofhow,2
literalsstring,2
batching,2
Adapter,2
backgrounded,2
@fflaten,2
textbox.size,2
system.to,2
f11script,2
weekday,2
tempshare,2
patch,2
right-most,2
characterslimit,2
flong,2
pipeline.the,2
Elements,2
augment,2
RemoteMachine,2
sensitive.a,2
path.powershellthe,2
ChildItemCommandType,2
fileby,2
allowed.maxlength,2
myinputobject,2
TableColumnHeaderDefines,2
VerbNames.The,2
ElementExpressionBindingPropertyName,2
synced,2
<Verb>,2
templateletter.txt,2
spdx_2.2,2
permissive,2
sto...wait,2
abcabc,2
<enumerableexpansion>,2
CoreOnly,2
ElementLabel,2
well.You,2
cmdlet.PowerShellTo,2
WindowsMode,2
issuesThe,2
customizable,2
refuse,2
mode.When,2
2026７,2
9cabb9ad,2
documentation.for,2
systemthe,2
Modulecmdlet,2
forEnumerableExpansionSpecifies,2
thelistentry,2
CSDVersion,2
ClrVersion,2
functions.When,2
FAQWhen,2
MAC,2
only.a,2
LiteralPathparameter,2
runpowershell,2
providedby,2
2025a,2
getprocesssample02.dll,2
root.length,2
parameter.there,2
querystring,2
correctformat,2
#creating,2
NoteUbuntu,2
ChildItemGet,2
XML７,2
DayOfTheWeek,2
Bitwise,2
System.IO.StreamWriter,2
theSyntax,2
Alc.Engine.dll,2
onlytest,2
research,2
invocationinfo.mycommand,2
hkey_current_userget,2
deb...get,2
Thisapproach,2
SerializationVersion,2
delivery,2
cmdlets.how,2
webpage,2
Controls.The,2
29/2018,2
ElementsElementDescriptionConfiguration,2
system.management.automation.aliasattribute,2
script.last,2
<errorrecord>,2
orSystem.Management.Automation.Cmdlet.ThrowTerminatingError,2
Reflection.Assembly,2
parameterargument,2
2026referencesnext,2
WorkItem,2
bodyofproxyfunction,2
VendorName,2
pre-increment-expression,2
19320,2
2.0.0.0,2
thecomparison,2
column.for,2
thanthe,2
eitherthe,2
testalcmodulecommand.cs,2
beinginvoke,2
DateEnd-of-support.NET,2
</enumerableexpansions>,2
ps1length,2
towhich,2
drag,2
Objectsfor,2
aboutwindows,2
comment.the,2
May,2
System.Management.Automation.VerbsCommon,2
theLabel,2
sourcecode,2
delegatedproperty,2
AclWindows,2
CertificateProviderDynamicParameters,2
jea_dns_auditors,2
maxselectioncount,2
decemberﾉexpand,2
conditions.the,2
string3,2
20371,2
used.For,2
ViewXMLThe,2
script.powershellthe,2
periodically,2
CommonMark,2
PSReadLineOption,2
ProcessCommand,2
thecomputer,2
ConsoleKeyInfo,2
PSBreakpointEnable,2
ALIASES,2
PowerShellwinget,2
misconception,2
<random-8dot3-name>,2
command.adding,2
4.2.4.2,2
theupdate,2
ptestname,2
help.xml,2
7/2018,2
SendGreeting,2
MrAutoStoppedService,2
NotSpecified,2
enduser,2
PowerShelland,2
zero.A,2
nospecial,2
scenario4.log,2
blob,2
visitor,2
double.otherwise,2
nologo７,2
<aliasproperty>,2
cmdletsNew,2
used.if,2
powershell.powerShellAdditionalExePaths,2
cmdlet.get,2
FileNotFoundException,2
items.the,2
non-breaking,2
base.c,2
Ubuntu.PowerShell,2
console.host04,2
Sequoia,2
rulepath,2
commentsingle,2
signing.cer,2
typeget,2
Thefunction,2
scripter,2
runningpowershell,2
onlyEnable,2
Quick,2
FormatOptional,2
arm64apple,2
judgment,2
CmdletCreating,2
System.Management.Automation.Provider.ItemCmdletProvider,2
input.this,2
license11,2
tabcompletion,2
file.don't,2
contosomaintenance,2
myplaintextpassword,2
distribution.for,2
whichallow,2
ScriptCommand,2
OMI,2
arraysps,2
Shortcuts,2
pasting,2
@splat,2
copy.name,2
2025set,2
installedby,2
insufficient,2
DecodedCommand,2
you!Top,2
xml3,2
automaticallywhen,2
Toggle,2
folderwhere,2
InformationGet,2
msgpath,2
stringvalue,2
argumentsdash,2
letsyou,2
platyps.helpinfo,2
RegexOptions,2
theStop,2
paneselect,2
@param,2
cmdlet.PowerShellThe,2
file.In,2
specify.in,2
knowledge,2
remoterunspacepool01,2
ECMAScript,2
non-string,2
ProcessThe,2
Paths,2
Hall,2
fromthis,2
openpublishing.build.ps111,2
thecase,2
processids,2
Exampleusing,2
bedefine,2
set.name,2
RemoteAppLog,2
WriteErrorLine,2
ofvalue,2
NullReferenceException,2
PKG,2
formultiple,2
utf8str,2
powershell.streams.error,2
BeginProcessingCALLING,2
equation,2
thesystem.management.automation.powershell.begininvoke,2
srvqa02,2
scenario3.log,2
type.xmllast,2
theparagraph,2
Ctrl,2
line.c,2
ViewText,2
methoddecimal,2
processesbase,2
catchblock,2
anaction,2
septemberﾉexpand,2
easyresource,2
keysYou,2
multipleelement,2
coerce,2
topic.when,2
hasMoreData,2
compress,2
powershellpath,2
Out,2
set.C,2
line.powershellthe,2
charactervariable,2
BillingFact,2
thesystem.management.automation.pscommand.addparameter,2
script.using,2
element.none.elementdescriptioncustomentries,2
system.management.automation.confirmimpact,2
2comparison,2
serial,2
command.powershell,2
gethelp,2
CreateDefault,2
ViewView,2
this.invokeprovider.content.getreader,2
dashdecimal,2
Consortium,2
red123,2
runtime.C,2
HKEY_LOCAL_MACHINEVariable,2
seeprovider,2
includeStrings.Length,2
cmdletclass,2
theentire,2
2.0.0,2
ofthose,2
stopwatch.elapsed.totalseconds,2
RunningDisplayName,2
package.beginning,2
anyrestriction,2
isevaluate,2
InitializeLifetim,2
result.indexof,2
InputObjectparameter,2
panepastectrl,2
Width,2
todelete,2
Guest,2
consolemodifier,2
article.powershell,2
runson,2
isused.configuration,2
theinstaller,2
theXML,2
class.accessdbprovidersample05,2
powershellcommandresult,2
class.accessdbprovidersample04,2
class.accessdbprovidersample03,2
codebase,2
Pro,2
mouse,2
shift+ds,2
subexprgeneric,2
displayed.selectioncondition,2
both.In,2
boot,2
2025what,2
srvdev12,2
ifnecessary,2
Seconds,2
doesn'tneed,2
<maml:inputTypes>,2
enableraisingevent,2
truly,2
PSConsoleSample,2
literalfinally,2
Jill,2
typesystem.collections.objectmodel.readonlycollection,2
string.the,2
participation,2
GetRange,2
Overflow,2
EnumerableExpansionSpecifies,2
thismethod,2
eachmodule,2
ofone,2
bestpractice,2
StackKConsole,2
AliasCommandType,2
andeverythe,2
characterinput,2
sizeof,2
panesavectrl,2
Incontrast,2
article.the,2
runspacesthat,2
way.you,2
tersely,2
personal,2
FeedbackContext,2
globb,2
idisposabl,2
servicecommandexception,2
<language-name>,2
shipping,2
<param name="command">,2
parameter.C,2
Color,2
NoHeader,2
dotnetproperty1,2
cmsmessagesupport,2
objectfrom,2
RunningPowerShell,2
psparser.tokenize,2
atleast,2
data.ElementDescriptionCustomEntries,2
markdownthe,2
debugmessage,2
system.environmentnew,2
param2,2
updates2025,2
state.the,2
enumeration.the,2
charcount,2
useonly,2
idlestop,2
operation.value,2
FileMode,2
6.18,2
filesystemwatcher,2
Account,2
cursorposition,2
AllowEmptyCollection,2
thevaluefrompipeline,2
yessubsystem,2
SafeGetProcessesByName,2
candidates.count,2
andover,2
CloseMainWindow,2
opened_by,2
this.myrunspace.connectioninfo.computername,2
synce,2
processget,2
filenew,2
CodeProperty,2
tokenization,2
code.This,2
theappropriate,2
capabilitiesthat,2
lastlogoff,2
thepattern,2
splitformat,2
MSDN,2
condition.the,2
unchecked,2
ms.totalmilliseconds,2
System.Management.Automation.Cmdlet.WriteErrorWindows,2
19896,2
20220606101038,2
struct,2
namedata,2
command.powershellwhen,2
profilescript,2
giveyou,2
argument.the,2
publicmember,2
startrange,2
statsﾉexpand,2
2025further,2
later.requires,2
jagged,2
JobState.NotStarted,2
Rng,2
predictionsource,2
class.data,2
usingPowerShell,2
2026how,2
isubsystem.functionstodefine,2
begenerate,2
maxlength,2
programfiles,2
changesthe,2
PSScriptPolicyTest,2
elementsattributesnone.none.elementdescriptionitemselectioncondition,2
Help.PowerShellThe,2
<Noun>,2
MSRC,2
informationget,2
consolecolor.darkcyan,2
class.declare,2
whoseparameter,2
reflection,2
logfile,2
file.selectionsetname,2
Cmdlet.C,2
commandswith,2
IDictionary,2
ClearProperty,2
PSTypeConverter,2
2.2.4,2
2.2.3,2
asynchronously.events,2
forcibly,2
NumberOfCharacters,2
thesystem.management.automation.provider.containercmdletprovider.removeitem,2
loaded.powershelloutput,2
POBox,2
specified.c,2
hashhash,2
elsewhere,2
toregister,2
multi-threaded,2
session.for,2
code11,2
type.The,2
psserializejsonlongenumasnumber,2
acomprehensive,2
formthat,2
clauseswitch,2
forimplement,2
thesource,2
PropName,2
-1-5-21-2989741381-570885089-3319121794-1001userprincipalname,2
thischapter,2
jeaconfig.pssc,2
session.in,2
output.complete,2
xmlelement,2
msDS,2
topic.creating,2
StartInfo,2
NamesUse,2
areference,2
<defaultsettings>,2
thefunctionality,2
schedule,2
everyversion,2
fingerprint,2
adminrole,2
closemainwindow,2
familiarity,2
thatus,2
exponentially,2
can'tspecify,2
StartTimeproperty.XMLThe,2
threadpool.queueuserworkitem,2
System.Diagnostics.Stopwatch,2
commands.the,2
GetItemDynamicParameters,2
amatch,2
GroupByScriptBlock,2
</dev:remarks>,2
process.percentcomplete,2
Vertical,2
usesthi,2
</possiblevalues>,2
+003,2
<DataRow>,2
@logiclrd,2
<referencedproperties>,2
powershellhome,2
thecredential,2
agent,2
AddTypeCommandBase,2
enumeratecollection,2
groupingparenthese,2
anddetermine,2
immutable,2
variablename,2
PowerShellRelated,2
output1.txt,2
TotalSeconds,2
element.In,2
sp1out,2
non-match,2
System.Management.Automation.CommandMetadata,2
filesthis,2
UAA,2
rehydrate,2
forwardwordset,2
Tan,2
Doubler,2
pathtest,2
repeatedly.c,2
provideryou,2
expression.member,2
2.3.2,2
nestedscope,2
postfix,2
anticipate,2
cmdletsfor,2
definesthe,2
providerclass,2
System.Windows.Forms,2
Functions,2
exploit,2
AccessPowerShell,2
assessment,2
PSTypeName,2
win32_product,2
</command:inputtype>,2
intentionally,2
weredefine,2
cipher,2
viewlistitem,2
documentationUsing,2
isfound,2
Asin,2
tocontinue,2
explode,2
theloop,2
shape,2
charthe,2
msix,2
values.a,2
propertiesa,2
processnamenpm,2
apath,2
defrag,2
visualize,2
XmlNode,2
verbmove,2
name.if,2
issecure,2
devicepath,2
redirectioncommand,2
possiblematch,2
ComputerType,2
modulefind,2
Sucha,2
vmid,2
InputCreating,2
SystemProfile,2
9223372036854775808,2
processrecordcalling,2
firsttime,2
incorporate,2
notein,2
intothe,2
Windows.PowerShell,2
view.leftindent,2
Glossary,2
execute.c,2
AgentStatus,2
declaration.the,2
keywordarrayimplement,2
thecategory,2
pipeline.data,2
17447,2
personname,2
CmdletsWriting,2
right.Center,2
othercommand,2
repositorygithub,2
thatthis,2
hasmoredata,2
non-window,2
seeimport,2
onlyresume,2
rc04,2
rc03,2
game,2
rc06,2
rc05,2
rc02,2
rc01,2
rc07,2
ItemRename,2
Atan,2
2.4.5,2
ErrorActionPreference,2
PathInfo,2
whosename,2
filesand,2
OverviewLast,2
expressionbitwise,2
appveyor.yml11,2
forWideControlSpecifies,2
notewhen,2
pswsmancombinedtracewindows,2
System.Management.Automation.SessionCapabilities,2
NuGetpackage,2
PowerShellpwshStart,2
listargument,2
multipart,2
xthe,2
packages.microsoft.comsudo,2
EndInvoke,2
Asynchronous,2
sets.defining,2
file.last,2
announce,2
value.in,2
charset,2
promptedfor,2
notepad.exeset,2
OctoberTop,2
JulyTop,2
versionssupport,2
employee.name,2
column.name,2
virtualaccount,2
pathresolve,2
isplit,2
multi-dimensional,2
Unary,2
widecontrolcreat,2
CmdletPS,2
thesystem.management.automation.provider.navigationcmdletprovider.moveitem,2
isDeleted,2
system.see,2
WinEventWindows,2
teenager,2
samecontrol,2
ofarticle,2
processthe,2
othercount,2
arestore,2
userlist,2
DefaultShell,2
cumbersome,2
HomePage,2
WindowsCompatibility,2
Multiline,2
activedirectory,2
platyps.to,2
insight,2
course,2
value.tostring,2
diagnosticpurpose,2
jeaendpoint,2
rd03,2
rd02,2
rd05,2
rd04,2
rd01,2
rd06,2
literalsreal,2
SeptemberTop,2
parameters.we,2
isvalid,2
CodeSet,2
Boxes,2
languageprimitives.istrue,2
illustration,2
this.provider,2
itimplement,2
Validation,2
true...get,2
argumentsattribute,2
System.ServiceProcess.ServiceType,2
psproviderget,2
Agent,2
parameters.a,2
methods.for,2
AssemblyName,2
Intelligent,2
Settings.The,2
Auth,2
installthem,2
astCmds,2
SampleModule.dll-help.xml,2
value1,2
typedefine,2
youdo,2
Compatibility,2
toexecute,2
parameter.when,2
pslanguagemode.fulllanguage,2
nullswitch,2
7brew,2
Sinh,2
ansystem.management.automation.provider.icontentreader,2
file.when,2
power2,2
VMName,2
empty.if,2
correctly.the,2
cmdletprovide,2
novemberﾉexpand,2
view.itemselectioncondition,2
AgentSTATUS,2
SystemJEA,2
3.000,2
instancebrew,2
ssce1,2
ssce2,2
type.examples,2
Itemcmdlet,2
unify,2
them.The,2
aboutthis,2
6:56:01,2
customitemgroupby,2
dashdelimit,2
linkscross,2
notepadconfirmare,2
PSBreakpointDisable,2
hashtablesps,2
content.last,2
anoutput,2
win32_pingstatus,2
TypeConverterAttribute,2
ComputerRestoreWindows,2
</methodname>,2
AllowEmptyString,2
releasedhcplease,2
system.management.automation.runspaces.initialsessionstateobject.creating,2
contentclear,2
ofthat,2
RandomNumberAll,2
</aliasproperty>,2
itinstall,2
15177,2
cmdletsynchronously,2
thosecase,2
resize,2
cmdletsadd,2
patternitem.ismatch,2
collaborate,2
hkey_local_machine,2
8:59,2
psnoteproperty,2
objects.schemasyntax,2
CredSSP,2
iss.variables.add,2
7psreadline,2
WINDOWS,2
WriteEvent,2
tracewindows,2
JobCount,2
decoratedwith,2
consoleModifiers,2
remotingThe,2
sets.entryselectedby,2
-04-01install,2
namesps,2
GroupByCustomControlName,2
executionof,2
#powershell,2
ConsoleModifiers,2
pseudo-type,2
stringThe,2
saturday,2
<system.datetime>,2
#there,2
defaultsetting,2
system.management.automation.subsystem.feedback,2
providers２,2
runit,2
thatmight,2
awkward,2
4.2.6.4,2
2025entryselectedby,2
tabsﾉExpand,2
tableview,2
operatorexpression,2
aprocess,2
parametersthe,2
youthe,2
result.linenumber,2
operatorarray,2
numberspsprofiledscresource,2
excel,2
29772,2
powershell_7.6,2
powershell_7.5,2
3.1.2,2
GetContentReaderDynamicParameters,2
thatlimit,2
system32mode,2
regexstring,2
user'scredential,2
#When,2
Xml,2
thatconvert,2
YPS,2
fortype,2
olderversion,2
stopprocesssample03,2
promptdo,2
key.KeyChar,2
thesystem.management.automation.provider.itemcmdletprovider,2
scripts.The,2
</referencedproperties>,2
4.5.17,2
differentversion,2
4.5.18,2
4.5.15,2
EmployeeID,2
appears.the,2
ComputerAdded,2
objects.writing,2
Threads,2
filestest,2
nothingps,2
portability,2
GetEnumerator,2
BoxLast,2
6544,2
parametersto,2
aliaspushdpushdPush,2
<param name="root">,2
onlyOut,2
awhole,2
ResolveAlcEngine,2
<dev:remarks>,2
psboundparameters.value,2
gp.name,2
psboundparameter,2
parameters.add,2
NamePurposeMinLength,2
youcreate,2
theimplementation,2
usncreat,2
therestrict,2
objects.customentries,2
pipeline.powershell,2
Explicit,2
wmatch,2
unrestricted,2
commandinvocation,2
Holmes,2
Conduct,2
Thisobject,2
clarification,2
alongwith,2
birthdate,2
triesto,2
modulebase,2
withoutspecify,2
ofthem,2
27220,2
psnativecommanduseerroractionpreference,2
ListControlListItem,2
itempath,2
AlsoAutoSize,2
influence,2
microsoft.powershell.commands.filesystemprovider,2
phrase,2
WinEventProperty,2
correction,2
2025tablecolumnitem,2
tableentry,2
ofthis,2
session.don't,2
Operationsprotected,2
interruption,2
0x93a1a1,2
theTableControl,2
contrib,2
arm32,2
theenumerableexpansion,2
p@ssw0rd,2
breakpointf9script,2
WmiEvent,2
getservicecommandasyncresult,2
getthe,2
powershellsudo,2
framework.for,2
merged,2
element.beginning,2
srvprod05,2
nonMatches,2
inactive,2
preinstal,2
key.pspath,2
shells.unlike,2
definednameinstanceproperty,2
toconfigure,2
dependency.use,2
view.firstlineindent,2
aresupport,2
cmdletswith,2
wscript.shell,2
ofWindows,2
youuse,2
RunningStatus,2
namecommand,2
theSystem.Management.Automation.Provider.CmdletProvider,2
consumer,2
in.c,2
terminatorwithin,2
@szabolevo,2
pssessionwindow,2
PowerShellWith,2
ISE.This,2
manifest.a,2
workflow７,2
valuesgenerate,2
string.examples,2
settings.json,2
parameter.PowerShell,2
object７,2
1.1.33.10,2
scripttoggle,2
debugpreference,2
thescope,2
System.ComponentModel.ISynchron,2
alsous,2
changes.scriptblock,2
definition.none.schemasyntax,2
invariant,2
value.isgettable,2
powershelloutputwe,2
RunAs,2
4.5.24,2
SampleFor,2
shared.dependency,2
parameterdefine,2
fraction,2
HomePhone,2
2026install,2
allowedt,2
DirectoryDomain,2
Limit,2
<showerror/>,2
customcontrols.entryselectedby,2
thecore,2
reserved,2
matches.name,2
github.com/powershell/powershell/releases/download/v7.4.16/powershell_7.4.16-1.deb_amd64.debthe,2
suffice,2
system.management.automation.provider.itemcmdletprovidersystem.management.automation.provider.containercmdletprovidersystem.management.automation.provider.navigationcmdletproviderdesigning,2
ssh.exe,2
powershellif,2
KindTypePurposeAttributesInstanceproperty,2
ProfilePath,2
Focus,2
this.moveleft,2
PushRunspace,2
implication,2
ElementAutoSize,2
foldername,2
thewide,2
fi.aliases,2
featureswhat,2
gp.invoke,2
AsJob,2
contentconceptual,2
True.If,2
possibility,2
2006-05-11,2
this.myhost.isrunspacepushed,2
ContosoMaintenance,2
becauseit,2
InitialSessionStateLast,2
table.specify,2
CSCreationClassName,2
tomanage,2
ConfigurationCustomEntries,2
name5.1noteadd,2
Newest,2
toquery,2
ScriptPath,2
panecutctrl,2
system.management.automation.cmdletattribute,2
#VBThis,2
customcmdlet,2
stringconvert,2
returnsthe,2
jea.pssc,2
40d8,2
beginoutputreadline,2
yoursystem,2
path.navigation,2
calculatedproperty,2
para,2
displayed.defaultsettings,2
useLongPath,2
interfere,2
ElementLast,2
operanddesignate,2
thesemethod,2
modulefrom,2
section７,2
tofilter,2
callsystem.management.automation.cmdlet.writeerror,2
2024just,2
functionhelp,2
auditmode,2
associatedvalue,2
7.1.0.0,2
#There,2
start.addmonths,2
markdownoption,2
WebServiceProxy,2
Methodif,2
PSReadLineKeyHandler,2
human,2
property.adding,2
HelpInfoURI,2
OSVersion,2
mimic,2
destination.md,2
typeswrit,2
whichthe,2
classpublic,2
controls.powershellafter,2
terimator,2
sessionenter,2
BootDevice,2
150pixel,2
forWideEntrySpecifies,2
isreturn,2
MrPipelineInput,2
isdiscard,2
+2019,2
+2018,2
jobremove,2
force２,2
thearticle,2
endsignature,2
text1,2
text2,2
filesgithub,2
nonMatches.Add,2
ProcessCommands,2
fileshow,2
</maml:relatedlinks>,2
Tahoe,2
3.5.4,2
3.5.5,2
3.5.6,2
PropertyPattern,2
3.5.3,2
endrange,2
cmdlets.xml,2
isadd,2
autoload,2
currentuser,2
this.cursor.reset,2
commentssignature,2
them.You,2
customsnapintest,2
file.there,2
beany,2
GoodBye,2
Objects.This,2
typethis,2
process.completed,2
FileOptions,2
script.invoke,2
text.you,2
destinationpath,2
toan,2
stackctrl,2
allowedtest,2
1234-5678-1234-5678,2
leading,2
Implementations,2
system.service,2
stopwatch.stop,2
IEEERemainder,2
ofmicrosoft.extensions.logging,2
DivRem,2
objectout,2
ClearContent,2
non-double-quote-charnon-double-quote-char,2
orWindows,2
ParametersSee,2
parameterfor,2
myhashtable,2
4319,2
liststhe,2
microsoft.powershell.diagnostics,2
StandardOutput,2
expressiondescription,2
PowerShellStandard.Library,2
andan,2
modulepowershell,2
psstyle.background.brightblack,2
contentissue,2
modulefunction,2
tempclixmlstring,2
1/2018,2
6.2get,2
scopeGlobal,2
itemnimovemvmove,2
alsouse,2
rcfolder,2
thatparticular,2
beginerrorreadline,2
files.shuse,2
lived,2
CimInstancedoes,2
cmdlets.this,2
whatparameter,2
theConvertTo,2
collection.examples,2
charactergeneric,2
myrunspace.createpipeline,2
canchange,2
Sets.Windows,2
Thiscmdlet,2
2025typename,2
valuefromremainingargument,2
Role'switch,2
microsoft.powershell.securitycmdlet,2
keys.add,2
pushedrunspace,2
concludesthe,2
constantly,2
type.otherwise,2
Params,2
0xfff0x0f0f,2
globally,2
necessarily,2
WorkflowInfo,2
theAutoSize,2
theseobject,2
tooltip,2
psremotingprotocolversion,2
typemembermember,2
characterbraced,2
JustEnoughAdministration,2
6:31,2
TempShare,2
nestedmodule,2
pathsplit,2
controlswrit,2
whenrunn,2
orig.namecopy,2
history.PSReadLine,2
counter,2
providerparameter,2
nativeexecutable,2
valuethat,2
displayproperty,2
debuggingto,2
literally,2
ipmo,2
anddebug,2
user'spassword,2
SetterCodeReference,2
andvalue,2
MobilePhone,2
childitemgci,2
CountryCode,2
equip,2
sharedParam,2
havea,2
vibrant,2
bedeclare,2
connectioninfo.opentimeout,2
VBNote,2
40720,2
features.the,2
modulea,2
country,2
netruntime,2
FreeVirtualMemory,2
specified.cmdlet,2
spacewhitespace,2
obscure,2
resourcename,2
minlength,2
StopJob,2
3.7.3,2
3.7.4,2
WarningDo,2
toconstrain,2
ISE$,2
functionsfunction,2
PowerShellGuidelinesAlways,2
hostps1e,2
athttp,2
ConvertToDateTime,2
onremote,2
PrivateData,2
year.the,2
aliteralpath,2
repository.for,2
SyntaxEditorial,2
compliance,2
beconstrain,2
value.The,2
thereason,2
childitem.creating,2
GetRestrictedCommands,2
selectstringpssnapin,2
sub-property,2
EnumsAsStrings,2
releasenote,2
andallow,2
<param name="parent">,2
2025provider,2
PermissionDenied,2
andmake,2
thirdpartynotices11,2
pssessioncapability,2
Policies,2
whichcorrespond,2
Deep,2
condition.configuration,2
pwsh.powershell,2
object.In,2
yourfunction,2
listdata,2
33aa530e,2
moreefficient,2
maynew,2
2025function,2
ToSession,2
quotient,2
a-f,2
a-y,2
powershell.stop,2
windows_nt,2
meeting,2
theda,2
4.2.1,2
4.2.4,2
4.2.2,2
ShortcutsUse,2
continueswith,2
onwhat,2
YAML,2
thesystem.management.automation.provider.navigationcmdletprovider.normalizerelativepath,2
properties.isgettable,2
numrows,2
system.management.automation.provider.containercmdletprovider,2
manifest.for,2
appears.now,2
system.math,2
recurseget,2
Overview,2
AlsoList,2
LogAlways,2
resultant,2
pwdget,2
Country,2
beidentify,2
thema,2
ProviderAssemblies,2
astcmd,2
permanent,2
notchange,2
required.the,2
<expand>,2
shInstall,2
DisplayedListEntry,2
saythat,2
PostalCode,2
76800,2
Minor,2
isrequired.The,2
Data.txt,2
PowerShellNot,2
ListFormat,2
psversiontable.psversionmajor,2
PopRunspace,2
namedimension,2
IsRegistered,2
relatively,2
2010,2
array.powershell,2
2009,2
2005,2
2003,2
2023,2
2020,2
2018,2
2017,2
material,2
myfileshare,2
unquoted,2
collaborator,2
ContinueF5Script,2
2025,2
2024,2
notsupport,2
OutputExamples,2
control.elementdescriptioncustomcontrol,2
Netlogon,2
469d,2
windows.forms.form,2
PSInvocationState.Completed,2
Sentence,2
aretreate,2
predate,2
Qualifiers,2
syntaxsection,2
StatusMessage,2
non-english,2
works.the,2
Analyzer,2
ProcessIdNotFound,2
expressionlogical,2
in.powershell,2
IOException,2
4.3.7,2
updates0,2
Display,2
TableControlRequired,2
service.powershellthe,2
psstandardmember,2
both.for,2
ServiceServiceType,2
ofsystem.management.automation.psobject,2
bysett,2
printserver01,2
broadcast,2
bytethe,2
SByte,2
blockelse,2
psstyle.outputrendering,2
downstream,2
ConfigurationTypeName,2
correspondingparameter,2
called.C,2
#DemonstratesExampleusing,2
method.psmemberinfo.value,2
specifiedargument,2
7.1.4.4,2
isin,2
system.windows.forms.textbox,2
paneredoctrl,2
System.Collections.Generic.IEnumerable,2
path.to,2
VirtualMemorySize64WS,2
v7.6,2
about_Execution_Policies,2
AlsoCustom,2
form.acceptbutton,2
aSystem.Windows.Forms.DataGridView,2
typethat,2
tableElementDescriptionTableControl,2
agelist.keys,2
renameitempropertysplat,2
Itemrni,2
ctrl+shift+tab,2
OFFICE11,2
includethe,2
andthose,2
controlto,2
traditionalcommand,2
pagegithub,2
reinforce,2
iteminvoke,2
display.show,2
re-register,2
paramdictionary,2
<maml:returnValues>,2
powershell01,2
alg,2
leaseduration,2
line.the,2
squarebracket,2
example.the,2
@remotekeyparams,2
AddScriptPowerShell,2
dateps,2
mrpipelineinput,2
modulespowershell,2
e.gettype,2
rehost,2
resort,2
ModifyOverflowPolicy,2
refine,2
macosreach,2
signedwindow,2
remoterunspace.open,2
asc,2
typeps,2
NotStarted,2
calc,2
ast,2
tablerowentry,2
nano,2
TechNet,2
Notethat,2
yaml,2
ContosoJEA,2
ScriptName,2
itdo,2
Step,2
tablethis,2
w32timerequiredservice,2
Workstation,2
secondssleeping,2
aliases.powershelloutputfor,2
mypath,2
broad,2
ishow,2
view.defining,2
name.powershell,2
cmdletcmdlet,2
repository.all,2
helpinfo,2
OverwriteOlder,2
-16-encode,2
itis,2
Media,2
cosine,2
ifpossible,2
pfxcertificate,2
alsocontrol,2
baz,2
somedirectory,2
tomanually,2
assemblypath,2
control.control,2
therestrictions.Don't,2
byall,2
SafeHandle,2
commandlast,2
becreate,2
forvariable,2
ismandatory,2
relatedlink,2
exactly.A,2
pagedmemorysize64si,2
+0000,2
object.in,2
newerversion,2
computer.get,2
excel.application,2
it.You,2
forgroupbyoptional,2
08/15/2025,2
@rkeithhill,2
w32timeservicesdependedon,2
JEA_Lev2,2
viewgroupby,2
operations.a,2
<icontentreader>,2
bydefine,2
netimplementation,2
nestedcontainer,2
d3b,2
reddit,2
2.3.2.1,2
andexclude,2
TableStatus,2
actively,2
ofsupportyesyesincludedwindow,2
HostRunspacePool,2
Checklist,2
chosenhere,2
by1,2
defined.the,2
2.3.2.3,2
commentscomment,2
valuekind,2
encoding.PowerShellThe,2
4.5.6,2
4.5.3,2
4.5.4,2
supportMicrosoft,2
ChildItemSet,2
comefrom,2
andDefaultKeyPropertySet,2
onlySuspend,2
baseline,2
helpkeyword,2
RunspaceConfiguration,2
myModule.csproj,2
sessionstateunauthorizedaccessexception,2
hostapplication.C,2
thenoun,2
dozen,2
hostapplication.c,2
versa,2
ModuleCreating,2
23.5,2
ViewNewLine,2
nicely,2
namelist,2
thisparameter,2
order.consider,2
notwritten,2
badbytes,2
PowerShellNext,2
AprilTop,2
configurationpop,2
objectsfor,2
directory.creationtime,2
confirmation.if,2
morecharacter,2
xerox5,2
consolewhen,2
wt.mc_id,2
PRsCount,2
system.management.automation.host.pshostrawuserinterface,2
collections.generic.list,2
backgroundjob,2
faqsupport,2
literalattribute,2
robustly,2
service.the,2
theSystem.Management.Automation.Runspaces.RunspaceFactory,2
picture,2
interchangeably,2
4.7.1,2
runspaceid,2
thousand,2
col,2
con,2
used.the,2
TestCustomSnapinTest,2
anapplication,2
plenty,2
coreclr,2
attribute.adding,2
Thecmdlet,2
control.the,2
thesystem.management.automation.runspaces.sessionstatecmdletentry,2
sqlcmd,2
result.path,2
yconfirmcontinue,2
openedblake,2
Win32ShareProcess,2
ConsoleHost,2
<help-content-1>,2
onlystart,2
willhave,2
stringbuilder.append,2
wsmanwindow,2
bodyswitch,2
youhow,2
snowsqlparam,2
drives.remove,2
allcell,2
system.management.automation.pscredentialobject,2
dynparam1,2
SessionEnv,2
documentation.in,2
JobState.Running,2
thecustom,2
thenit,2
22nd,2
heavily,2
cscript,2
assemblyToResolve,2
used.each,2
der,2
requiredparameter,2
progid,2
attribute.The,2
0.08,2
impair,2
erroroccur,2
ParametersWindows,2
modulemanifestpath,2
way.if,2
connectioninfo.operationtimeout,2
value.typenameofvalue,2
https://github.com/codespaces,2
Windows.PowerShellFinally,2
25872,2
pssubsystem,2
0.79,2
6:52:24,2
exceptionsi,2
ithighlight,2
partof,2
charparameter,2
loads.powershell,2
<ssn>,2
gc.suppressfinalize,2
onlywhile,2
2025customcontrolname,2
exceptionis,2
ElementDescription,2
switch.current,2
runspace07,2
2.3.5.1.1,2
runspace11,2
thelanguage,2
ContentAccessNotSupported,2
namespacevariable,2
25788,2
associativity,2
sealed,2
cmdletdefine,2
JSONThe,2
connection.to,2
OtherName,2
log.The,2
myrgname,2
p.tostring,2
andvariable,2
CreationClassName,2
lookslike,2
languageconfiguration,2
SupportedCommand,2
theory,2
0xe0x0f0f,2
themachine.C,2
AppActivate,2
pkcs,2
@verbatim,2
Thanks@CarloToso,2
overf10script,2
getmatchingprocessesbyid,2
aliascd,2
walking,2
Change,2
tableCmdlet,2
parenthesized,2
Sonoma,2
isimportant,2
true.powershellthis,2
c38da20c,2
waysto,2
moduleand,2
canadd,2
pixelsfrom,2
scenarios.c,2
Editorial,2
ontheir,2
equivalent.The,2
GroupByChild,2
parameters.when,2
forty,2
SHORT,2
pronounce,2
CommandTypes.Alias,2
acertain,2
callsystem.management.automation.cmdlet.shouldprocess,2
menu.To,2
toreturn,2
SplitOverloadDefinitions,2
system.management.automation.cmdlet.writewarning,2
andcan,2
<assemblyname>,2
err,2
ofsystem.serviceprocess.servicecontroller,2
CmdletAttribute,2
<help-content-n>,2
autogenerate,2
300pixel,2
versionsof,2
psremoteuser,2
unexpectedly,2
eitherelement.none.schemasyntax,2
<module files>,2
mscorlib,2
class.when,2
path.providerpath,2
allprocesses.remove,2
Breakpoints,2
ofConduct,2
themain,2
theoperate,2
thepolicy,2
looping,2
image.you,2
sharing,2
Free,2
modulesBreaking,2
<referencedmembername>,2
predictorpsreadline,2
aproblem,2
string.psmemberinfo.isinstance,2
MrParameterCount,2
errorstream,2
grey,2
system.management.automation.provider.containercmdletprovider.newitem,2
elementsrequirementsdemonstratesexamplethat,2
abbcde,2
5.2.6,2
continuously,2
WinRMPowerShell,2
grid,2
<iasyncresult>,2
takenplace,2
this.buffer.remove,2
AlsoRequesting,2
ListLog,2
displayed.CustomEntries,2
joindash,2
matchingProcesses,2
it'sgood,2
grow,2
directory.with,2
declutter,2
prompt.the,2
hashtable.powershellthis,2
outrownumber,2
AuthenticodeSignatureWindows,2
implementingspecific,2
variable.The,2
textbox.select,2
types.export,2
longthe,2
specattribute,2
scriptshift,2
controlsentryselectedby,2
section.if,2
7for,2
thesimpl,2
annoying,2
Scheduler,2
SYNTAX,2
Division,2
messageis,2
CommandAlias,2
thecatch,2
VersionPowerShell,2
fun,2
30test,2
functionspowershell,2
mixed,2
forconfigurationdefine,2
platforms.Use,2
system.data.sqlclient.sqlcommand,2
#To,2
rsat,2
specifiesthe,2
syntaxget,2
233:7,2
wordseverythe,2
allother,2
alsoimport,2
nameswrit,2
aren'tavailable,2
null.powershell,2
TableControlXMLThe,2
innermost,2
<folderpath>,2
elevatedpowershell,2
ideally,2
feedbacktrigger.all,2
ChildPath,2
startadd,2
methods.uninstall,2
bestmethod,2
determinethe,2
cancellationtoken,2
Telnet,2
bestresult,2
user.when,2
idempotent,2
StartProcessInfo,2
customitemwrit,2
progressaction,2
actionsthat,2
imagesare,2
transformation,2
SchemaSyntax,2
amethod,2
LockedOut,2
ModuleVersion,2
sessionstate.path.getresolvedpspathfrompspath,2
StartNew,2
SessionStateFunctionEntry,2
havethe,2
alsocustomcontrolname,2
gif,2
hostcl,2
TheWideItem,2
GroupByItemSelectionCondition,2
process.getprocessbyid,2
getcommand,2
</maml:alertset>,2
ProdID,2
Technical,2
file.readalltext,2
PowerShellA,2
ladm,2
charactersthe,2
pscomputername,2
2026powershell,2
Apple,2
adynamicparameter,2
FavoritePet,2
toPowerShell,2
ConfigurationCustomItem,2
theaddition,2
Microsoft.Win32.SafeHandles.Saf,2
StandardInput,2
Restart,2
stats68,2
stats74,2
parametersare,2
AlignmentType,2
FwcAgentDisplayName,2
stats53,2
true.For,2
stats50,2
PowerShellwhich,2
stats38,2
Vale,2
stats35,2
stats40,2
stats29,2
</command:details>,2
RemotingPowerShell,2
stats18,2
thecharacteristic,2
stats20,2
stats21,2
bracketed,2
aterminate,2
shift+tab,2
array.a,2
NoObjectInGetMember,2
incompatible,2
key.modifiers,2
properties.an,2
blockforeach,2
go_herefor,2
theswitch,2
PSNativePSPathResolution,2
clarity,2
MatchFormat,2
SelfSignedCertificate,2
EncodedCommand,2
hex,2
hey,2
displayed.defining,2
psremotingwinrm,2
02.2,2
parameterscmdlet,2
9script,2
Synops,2
WDAC,2
used.this,2
textﾉexpand,2
Python,2
Shutdown,2
HKLMPSProvider,2
Pane.For,2
providerhelp,2
#not,2
table.for,2
int.this,2
2016release,2
canget,2
Expansion,2
1billingfact,2
deserialization,2
supported.the,2
nhit,2
WhatIfPreference,2
System.Decimal,2
tosystem.management.automation.cmdlet.writeobject,2
outputpowershell,2
<add your guid here>,2
isload,2
transcriptdirectory,2
FeedbackTrigger,2
DriverName,2
performs.the,2
parameterscan,2
delimited,2
addparameter,2
alphabetic,2
transcript5transcript,2
bFromProxy,2
Santiago,2
inmodule,2
anerror,2
eight,2
Microsoft.Samples.PowerShell.Commands,2
system.eventhandler,2
failsto,2
macOSGet,2
inother,2
AppxAdd,2
positionally,2
Thevalue,2
core.the,2
true.otherwise,2
digitsdecimal,2
system.management.automation.powershell.addcommand,2
serverb.name,2
NoteWindows,2
mrpsversion.ps1get,2
servicecmdlet,2
inanother,2
intention,2
recurseparameter,2
content.area,2
GetContentWriterDynamicParameters,2
scriptskeyboard,2
MrPSVersionGet,2
expressionmultiplicative,2
<param name="child">,2
byspecify,2
created.the,2
forViewOptional,2
supportsthe,2
iex,2
right.leftindent,2
a.2.1,2
implementationdefinedinformation,2
<computername>,2
03.2,2
ModuleManifestTest,2
iin,2
arepermitt,2
runthem,2
op_explicit,2
</uri>,2
appears.ps,2
transcript.consider,2
partsgeneric,2
OfficePhone,2
CmdletDeclaring,2
PSScripts.C,2
192.168.1.254,2
2025syntax,2
imp,2
Win32_OperatingSystem,2
switch.movenext,2
Windows.For,2
ipx,2
Bill,2
membername,2
withminimal,2
ADServiceAccount,2
deleted.the,2
mymoduleps,2
tableﾉexpand,2
ita,2
iti,2
posh,2
cursor.move,2
<AssemblyName>,2
sessionPowerShell,2
ascustomobject,2
ListControlScriptBlock,2
specificparameter,2
supported.powershell,2
file.for,2
literalexpandable,2
PositiveInteger,2
context.lasterror,2
Defense,2
file.typename,2
literalsinteger,2
elapse,2
thatdescribe,2
packageapt,2
April,2
arrayof,2
ispip,2
abbreviated,2
SetsWhen,2
PSObjects,2
arrayps,2
datayou,2
navigationlink,2
vmname,2
scriptingenvironment,2
platforms.You,2
multipurpose,2
Microsoft.PowerShell.Utility,2
21040,2
04.2,2
HotFixID,2
jit,2
cmdletssrc,2
0x80,2
statement.the,2
collection.writing,2
ada2,2
forother,2
AvailabilityWindows,2
wdac,2
MinRange,2
Whenthe,2
REMOTEHELPRUNSPACE,2
adda,2
mini-session,2
issue.If,2
visually,2
inventor,2
clickthe,2
AlsoFormatString,2
transient,2
element.None.None.Syntax,2
xpowershell,2
</dev:possiblevalues>,2
includesseveral,2
9.52,2
PrivilegedProcessorTim,2
29a7,2
true.a,2
connectiononport,2
uninitialize,2
jobtriggerdisable,2
listbox.selecteditem,2
thesupply,2
copydel,2
cmdletsthe,2
disruptive,2
output.get,2
operators７,2
ProcessIdparameter,2
CmdletConfigurationEntry,2
2025format,2
bywindow,2
System.Nullable,2
completeness.accessdbprovidersample02,2
messaging,2
information.if,2
https://learn.microsoft.com/dotnet/api/system.datetime,2
ProcessingLifecycle.The,2
exitCode,2
indirectly,2
packagesudo,2
adsi,2
Engine,2
thePrincipalsAllowedToDelegateToAccount,2
job.output,2
drill,2
psreadlinekeyhandlerget,2
clickrun,2
IsRunspacePushed,2
pwrsh.exe,2
ENTERConsole,2
methodsinstall,2
ChildItemPowerShellOutputTo,2
operand.after,2
FileSystemEvent,2
ISEThis,2
fOutputTo,2
notepad.exe,2
element.for,2
ScriptAnalyzer,2
youspecify,2
specially,2
2012r2,2
theendprocessing,2
psitem.exception,2
-7483-8873-8926-7271-5004-86version,2
ViewAdds,2
leak,2
PSRC,2
EventLogNew,2
values.the,2
afteruser,2
stringthat,2
newobject,2
System.Diagnostics.ProcessStart,2
p.processname,2
RunInstallerAttribute,2
ReferenceEquals,2
about_modules,2
toenable,2
Defrag,2
awayfunction,2
solid,2
lanmanserver,2
thesnap,2
thesystem.management.automation.cmdlet.writedebug,2
twocmdlet,2
midway,2
reconnect,2
0xc3,2
rootmodule,2
arguments.this,2
sparse,2
notprovide,2
outputpath,2
23901,2
ticket,2
outlook,2
runspace.the,2
computerrestart,2
lax,2
defaultvalue,2
Horizontal,2
agroup,2
c.value,2
date.toshortdatestring,2
ViewList,2
aliasset,2
sectiondescribe,2
graphic,2
firstdayofweek,2
achild,2
lib,2
system.management.automation.scriptblock,2
orselection,2
cmdlet.a,2
additionalstatement,2
object.powershellwe,2
CommandImport,2
directoryc,2
e.g.,2
values.if,2
thatget,2
prod,2
Controller,2
view.xmlcreating,2
ServiceWideView,2
correlate,2
identifiertype,2
afew,2
alcmodule.cmdlets.csproj,2
fordifferent,2
dc01running,2
objectlist,2
ident,2
ElementDisplayError,2
forparameter,2
interface.writing,2
hscript,2
marchﾉexpand,2
object.xmlparent,2
base.throwterminatingerror,2
FileAccess,2
destructor,2
Italso,2
outctrl,2
<param name="session">,2
butlog,2
importance,2
11:44,2
ReleaseDHCPLease,2
getchilditembody,2
<param name="type">,2
c.startswith,2
keyswget,2
processcommand,2
Alice,2
Manifesto.This,2
yourenvironment,2
CopyItem,2
displayedentryselectedby,2
AlsoCustomControl,2
system.management.automation.switchparameter,2
default.for,2
mustimplement,2
parameter.specifies,2
invert,2
daemon,2
allof,2
bab3fb71ae8esamaccountname,2
highernoteexport,2
alcmodule.dll,2
onlyTest,2
folderc,2
-1995-1654-4615-2295-2755-89get-ciminstance,2
ConsoleKey.Backspace,2
berun,2
mod,2
PSNativeCommandErrorActionPreference,2
PowerShellAnd,2
academy,2
PowerShellAny,2
forthi,2
overridethat,2
elementcommand,2
aliastest1,2
CompatiblePSEditions,2
pssc,2
ParameterPath,2
cmpo,2
invoked.the,2
gpcasyncresult,2
anynumber,2
atruntime,2
scheduledjobget,2
21529,2
input.csv,2
colloquially,2
Audit,2
Audio,2
Bowser,2
filterhashtable,2
ViewWhen,2
howWindows,2
originalUICultureInfo,2
doublethe,2
</propertyset>,2
help.The,2
orig.clone,2
Tanh,2
feedbacktrigger.error,2
</referencedmembername>,2
AutoRemoveJob,2
ServerName,2
PowerShellEach,2
decimalﾉexpand,2
runasvirtualaccount,2
chdircdset,2
containsa,2
this.sessionstate.psvariable.set,2
RedHat,2
ps.addstatement,2
multipledefinition,2
tableElementDescriptionProvides,2
beretrieve,2
followingcondition,2
beingus,2
remainder,2
tabs.ActionKeyboard,2
pipeline.this,2
2.8.5.201,2
cmdletto,2
property.membertype,2
gcicommandtype,2
0xff10x0f0f,2
versionnumber,2
HelpSee,2
whiledisplay,2
.2.1,2
imagine,2
123-45-6789,2
yourun,2
filewget,2
module.demonstratesexamplethe,2
TimeCanPauseAndContinue,2
tostring,2
PSRedirectToVariable,2
PowerShellautomatically,2
existfor,2
Withineach,2
yousee,2
<wraptables/>,2
nsi,2
elementviewdefinition,2
object.runspace07,2
overflow,2
ast.findall,2
strive,2
GetValueException,2
withnew,2
validateset,2
computer.the,2
scripts.you,2
Linuxdistribution,2
coding,2
system.management.automation.proxycommand,2
httpor,2
toconvert,2
characterrequire,2
choices.host05,2
7.0.0,2
TotalSecondsTest,2
tostop,2
Toremove,2
processIds,2
condition.selection,2
bebound,2
readinghow,2
bom-less,2
1000:1000,2
unlocalized,2
eventually,2
adddynamic,2
adirectory,2
mymodule.psm1,2
system.management.automation.provider.drivecmdletprovider,2
punctuator,2
containsthe,2
contentfile,2
thatenable,2
FCSAMDisplayName,2
control.CustomEntries,2
expression.this,2
lsass,2
ExperimentalFeatureAdded,2
<System.Management.Automation.PSCredential>,2
System.Diagnostics.ProcessPrior,2
HelpThe,2
manifest.the,2
github.com/powershell/powershell/releases/download/v7.5.7/powershell_7.5.7-1.deb_amd64.debpowershell,2
.3.7,2
variablebraced,2
QWord,2
EXAMPLES,2
ons,2
<possiblevalues>,2
intnumber,2
elements6,2
regularly,2
<param name="targetcommand">,2
powershellsession,2
ops,2
chdirclsclearclear,2
0986,2
data.tables.rows,2
2026cmdlet,2
TestModule,2
notesApple,2
truespecifies,2
output_dataadded,2
comp,2
-23,2
AlsoWrapTables,2
tolearn,2
adescription,2
WindowsﾉExpand,2
sync.keys,2
Privileged,2
values.powershellit,2
Thisinterface,2
security.don't,2
cost,2
Attach,2
shortcutnewctrl,2
cosh,2
github.com/powershell/powershell/releases/download/v7.6.2/powershell_7.6.2-1.deb_amd64.debpowershell,2
Kirk,2
resultsin,2
LocationSet,2
reposition,2
tabopen,2
theforeach,2
toprevent,2
cmdlet.To,2
ProcAsJob,2
7.1.1,2
overridethe,2
terminatorsnew,2
pad,2
7.1.8,2
7.1.9,2
unhandledexception,2
7.1.4,2
7.1.5,2
CredStatus,2
eval,2
forCustomEntry,2
manager.microsoft,2
Over,2
2026use,2
key.getvalue,2
inadvertently,2
FSysAgentDisplayName,2
slowly,2
nullthe,2
<param name="runspace">,2
9numeric,2
contosojeafunctions.psm1,2
ElementsAttributesElementDescriptionCustomControl,2
item.C,2
everyone,2
forests.requires,2
macos.powershell,2
sectiondelimit,2
specifyboth.the,2
beexpress,2
packagessudo,2
orhigher,2
plo,2
formerly,2
shortcutgo,2
literal.an,2
theSystem.Management.Automation.PSCmdlet,2
WhatIfWhat,2
</expand>,2
outofband,2
approaches.where,2
feedbackprovider,2
System.Management.Automation.Cmdlet.ShouldProcessmethod,2
filetype,2
catchterminate,2
pre,2
system.management.automation.language,2
users.powershell,2
typeaccept,2
module.this,2
powershellsupported,2
PossibleValue,2
version.the,2
itemmove,2
workgroup,2
digitshexadecimal,2
76a18b673c33samaccountname,2
processlist.txt,2
thesequence,2
FORWARDHELPCATEGORY,2
rightctrl,2
fictitious,2
users/username/downloads/powershell/pwsh.exe,2
right.newline,2
7.2.6,2
aspublic,2
noticeable,2
Windows.Forms.FormStartPosition,2
createnew,2
ControlPanelItemWindows,2
strictly,2
existing,2
job.the,2
types.if,2
proxycommand.create,2
rmove,2
ErrorCategory.NotImplemented,2
installationInstalling,2
myvar1,2
myvar2,2
system.management.automation.parameterattribute,2
PowerShell?PowerShell,2
#root,2
rowsof,2
justlike,2
parentelement,2
woulduse,2
experienced,2
themfrom,2
downside,2
Caption,2
xmlthe,2
helpcomment,2
PriorityClass,2
Expand,2
win32ownprocessexample,2
itemmi,2
iexplorefileversion,2
applied.if,2
AlsoCustomControlName,2
blockcatch,2
Previousin,2
scriptstop,2
directory.for,2
beinclude,2
updatesGitHub,2
Namespace,2
asyncpl,2
row.c,2
thumb,2
pascal,2
waycommand,2
DefaultFolders,2
ConnectionPort,2
itemcpi,2
continuationprompt,2
andload,2
192.168.1,2
changes.configuration,2
about_remote_requirements,2
sessions.to,2
commandthe,2
20220606100342,2
Summit,2
7.3.4,2
rc1,2
scriptaliase,2
Seethe,2
alcmodule,2
usedependencyapi,2
PaneAllows,2
items.The,2
ModulesThe,2
ControlsThis,2
reg,2
rfc,2
document.You,2
array.for,2
Virtualization,2
get...start,2
System.Diagnostics.ProcessThrea,2
NSee,2
System.Diagnostics.Eventing.Reader.StandardEventKeywords,2
e.message,2
anyof,2
UseDependencyApi,2
outcome,2
blockfor,2
outputa,2
closure,2
ErrorsThis,2
testmodule_9cabb9ad,2
AssemblyLoadContext,2
7.3.1,2
0.1,2
commandhelp,2
statementimmediately,2
s_dependencyalc,2
maximum_count_26,2
001,2
not.Specify,2
002,2
003,2
004,2
006,2
007,2
<methodname>,2
mrautostoppedservice,2
statement.if,2
rsp,2
null.if,2
cmdletusing,2
usnchange,2
usedparameter,2
<paramref name="entries"/>,2
cancontain,2
JEA.For,2
matches,2
packageinstall,2
twocolumn,2
Helptopic,2
cnotin,2
update.the,2
nameredirect,2
negotiate,2
configurationreference,2
alsoimplement,2
ofsupportyesyesyesyesincludedwindow,2
sets.the,2
system.void,2
mode.In,2
responsibility,2
improvementsFix,2
whatcommand,2
collector,2
sin,2
argumentspass,2
fresh,2
groupbygroupby,2
satisfied,2
function.powershellfunction,2
PSDriveName,2
validatelength,2
configname,2
.7.4,2
view.text,2
creator,2
possibleapproach,2
alsotext,2
processes.count,2
7.4.0,2
thanif,2
result.contains,2
spn,2
bydefault,2
AllowNull,2
feature.area,2
7.4.6,2
WNew,2
howthe,2
102,2
1.x,2
labelsﾉexpand,2
delta,2
113,2
significantlyimproved,2
representationof,2
secondary,2
128,2
filename.the,2
attributeattribute,2
win32_process,2
134,2
below.add,2
passwdsdwheeler,2
amid,2
142,2
whatifwhat,2
<packagereference include="shared.dependency" version="1.0.0" />,2
CimAssociatedInstance,2
Nameelement.None.None.SchemaSyntax,2
namevalue,2
theexpression,2
VisibleExternalCommands,2
decodedcommand,2
about_SampleModule.help.txt,2
ImplementationdefinedcollectionSpecifies,2
cmdlet.At,2
fildo,2
PackageManagement,2
parallelswitch,2
targeting,2
arereturn,2
FileShare,2
set.if,2
textbox.text,2
new.directorymode,2
statementstatement,2
CimMethodFilterHashtable,2
rounded,2
Win32_SystemDriver,2
availableon,2
thissample,2
parameter.powershellthe,2
forwardhelpcategory,2
forconfigurationrequire,2
more.the,2
IsMatch,2
tls,2
view.controls,2
VersionRelease,2
stringobject,2
apattern,2
runspace.to,2
anda,2
objectcompatibility,2
casting,2
highernoteconvertfrom,2
makepath,2
PowerShellOutputWith,2
totalspacegb,2
nthe,2
regard,2
2.7,2
tempdirectory,2
7.5.1,2
ImplementationdefinedWindows,2
Microsoft.PowerShell.Commands.FileSystemProviderRemoveItemDynamicParameters,2
212,2
items.count,2
20m,2
downloadthese,2
psstyle.foreground.green,2
globbing,2
234,2
sothe,2
environmental,2
statements.if,2
0ps,2
ctor,2
needssecurehomedrive,2
shortcutexitalt,2
deterministic,2
254,2
256,2
258,2
hostcurrent,2
7237,2
262,2
preinstalled,2
pool.c,2
used.entryselectedby,2
notevaluated.the,2
script2.ps1,2
about_psreadline,2
SessionIdVM,2
</memberset>,2
view.elementdescriptionview,2
destroy,2
<help-directive-1>,2
http://www.fabrikam.com/add-extension.html,2
Thor,2
@dkaszews,2
millisecon,2
list.add,2
CurrentTimeZone,2
anduse,2
timeyou,2
availablein,2
CommandWithArgs,2
namesubsequent,2
HelpYou,2
andimport,2
Truncate,2
byclick,2
exemption,2
Pathparameter,2
ServicesDepend,2
Remarks.None.SchemaSyntax,2
parameter.for,2
AppContainers,2
1do,2
pre-populate,2
filethe,2
psculture,2
PaneYou,2
featuressystem,2
-1995-1654-4615-2295-2755-89,2
modules.a,2
TableHeadersfor,2
n.the,2
feedbackdisplaylayout.portrait,2
cansee,2
context.commandline,2
@kborowinski,2
LinuxInstalling,2
3.4,2
mycode,2
1kb,2
this.tokencolors,2
7.6.0,2
7.6.1,2
object.XMLParent,2
300,2
ItemSet,2
packageprovider,2
upctrl,2
logs,2
SessionId,2
utc,2
poweruser７,2
true.the,2
uncommon,2
334,2
application.actionkeyboard,2
StringImplement,2
Today.ToString,2
365,2
dscresourcenew,2
extensive,2
388,2
398,2
<hidetableheaders/>,2
ireplace,2
revoke,2
System.Management.Automation.ErrorCategory,2
thesystem.management.automation.runspaces.wsmanconnectioninfo,2
tableMemberMember,2
theissue,2
Vault,2
method.a,2
performance.you,2
versions.On,2
Microsoft.PowerShell.UtilityGet,2
love,2
cleansessionstate.languagemode,2
</propertycountfortable>,2
uint,2
allowed.in,2
Tips,2
IdnameCount,2
1e31,2
aliasespipeline,2
view.name,2
system.management.automation.host.ihostsupportsinteractivesessioninterface,2
parameter.specifying,2
grave,2
onlyuse,2
<cr>,2
System.ServiceProcess.ServiceStar,2
this.filesystemwatcher.path,2
stdin,2
YConfirmAre,2
namestype,2
Discover,2
value.the,2
ViewWideControl,2
column.configuration,2
system.management.automation.sessionstate,2
credential.username,2
it'spossible,2
vmm,2
gzPowerShell,2
locationgl,2
Condition,2
f3script,2
4.4,2
4.7,2
array.at,2
7.7.2,2
7.7.0,2
7.7.1,2
408,2
torequest,2
CannotWriteVariableNonMatches,2
9:51,2
2nd,2
x85,2
species,2
contentand,2
429,2
ProviderDrive,2
cmdletmust,2
itemsget,2
444,2
tablewindow,2
72601:600,2
valuechange,2
8.1.2,2
467,2
468,2
strategy,2
natively,2
NetworkOperator,2
updatesNew,2
expected,2
FileExpressionBinding,2
<parameter-name>,2
derived,2
doesn'tevaluate,2
wan,2
expression1,2
issuer,2
Labels,2
theAlignment,2
object.powershelloutputyou,2
recenterror,2
imoduleassemblyinitializer,2
about_Remote,2
<help-directive-n>,2
consoleexperience,2
andimplement,2
wip,2
commandsuggestion,2
mymodule/bin/debug/netstandard2.0/mymodule.dll,2
returninformation,2
forworkflow,2
not.the,2
optional.displaying,2
Displaying,2
wildcardfound,2
methodis,2
attributeﾉexpand,2
3if,2
syntaxhighlight,2
script.runspace10,2
WideEntrySelectionCondition,2
5.2,2
commandbytes,2
importedinto,2
aliasesan,2
file.at,2
system.management.automation.host.pshost,2
characters.for,2
wsh,2
allscope,2
PaneKeyboard,2
512,2
ModuleInstalling,2
wtd,2
samplecmdlet,2
file.powershellthe,2
pssessionconfigurationname,2
TotalVisibleMemorySize,2
allowedthe,2
window.runspace04,2
3rd,2
CentOS,2
seal,2
572,2
hear,2
problematic,2
previouslymention,2
policies.applocker,2
additionalinformation,2
UpdatesMicrosoft,2
NetworkAuditor,2
file.md,2
files.avoid,2
acount,2
starter,2
RegisterDisplayName,2
updatesbreaking,2
commentand,2
method.move,2
privacy,2
7.8.5,2
7.8.1,2
function.for,2
Integer,2
job.state,2
server3,2
PowerShellStandard,2
verbsﾉexpand,2
variable.data,2
locationsl,2
openssl,2
string.a,2
location.for,2
methodsa,2
prone,2
computer.when,2
@joshduffney,2
functionalityof,2
asinput,2
andmodify,2
idisposable,2
prose,2
theoriginal,2
ElementsNone.ElementDescriptionEntrySelectedBy,2
IntegerImplement,2
numerous,2
seta,2
this.to,2
ifyou,2
PowerShellNotice,2
definitions.configuration,2
specificsubdirectory,2
ordisable,2
error.does,2
syntaxuse,2
CustomItemDefines,2
ListName,2
namely,2
JobGets,2
6.7,2
Placement,2
Informationstream,2
MaximumVersion,2
6.x,2
Microsoft.PowerShe,2
16387,2
contentcreate,2
provided.notice,2
AIShell,2
companyname,2
4ps,2
prsee,2
this.inputobjects,2
656,2
dataget,2
5Si,2
tosee,2
https://aka.ms/pslegacydocspowershell,2
xyz,2
4th,2
automaticallyavailable,2
wsmantracewindows,2
5000,2
nameis,2
2020null,2
propertiesof,2
arow,2
20220606094609,2
session.command,2
gremlin,2
ChangesTab,2
valuetype,2
defense,2
belongto,2
theconsole,2
entirely,2
psengine,2
7.8.4.4,2
7.8.4.5,2
Capabilities,2
stopatentry,2
configurable,2
2025customcontrol,2
interface.implement,2
view.selectionsetname,2
coloring,2
paging,2
toscan,2
modulesto,2
setsselectioncondition,2
ofthese,2
providersThe,2
calendar.selectionstart,2
currentpipeline.invoke,2
feedback.the,2
result.substring,2
DevOps,2
isimplement,2
theseproperty,2
tailcommand,2
tolook,2
asan,2
keys.don't,2
system.management.automation.provider.icontentcmdletproviderinterface,2
element.None.None.ElementDescriptionDefaultSettings,2
leftedge,2
used.for,2
locationcommand,2
thenselect,2
mrosversion,2
theconfirm,2
726,2
RunningWeb,2
14.40,2
class.through,2
feedbackwhen,2
MarkdownThis,2
msixbundle,2
data.foreach,2
TabExpansion,2
comparedate,2
trusted,2
consolemodifiers.control,2
fileshare,2
dramatically,2
system.single,2
JobRepository.Add,2
theclear,2
socket,2
this.runspace.initialsessionstate.languagemode,2
commentblock,2
thesystem.management.automation.subsystem.prediction.icommandpredictor,2
Ifthe,2
JSONNo,2
jobtriggerset,2
names.the,2
charsingle,2
tohave,2
shIf,2
ProcessCommandType,2
works.To,2
this.line,2
eastus,2
Alpinereaches,2
historytab,2
It'srecommended,2
Pain,2
ConsoleKey.Enter,2
-2147483648,2
ViewListItem,2
dc01objectclass,2
2.3450,2
fair,2
body.examples,2
cmdlets.cmdlets,2
intthe,2
f5script,2
characterverbatim,2
build.ps1,2
locationwrite,2
method.test,2
highernotefind,2
aprilﾉexpand,2
includesthe,2
callsthe,2
allowedtoactonbehalfofotheridentity,2
8.2,2
server02test,2
801,2
CommandTypes.Workflow,2
SilentlyContinue,2
824,2
impactful,2
onlyrename,2
powershell.creating,2
name.get,2
.6.1.0,2
windows.forms.monthcalendar,2
50kb,2
8.5.5,2
8.5.3,2
safegetprocessname,2
8.5.4,2
becombine,2
</enumerableexpansion>,2
system.xml.xmlnode,2
Notepad,2
shed,2
topic.however,2
cmdletentry,2
manner.windows,2
hybrid,2
monthly,2
youwould,2
intopowershell,2
vscode,2
objectif,2
roledefinition,2
lsechoechowrite,2
intof11script,2
predecessor,2
broken,2
used.typename,2
forwards,2
usingpowershell,2
thetoken,2
icontentcmdletprovider,2
setthe,2
erroris,2
ofcollection,2
<module folder>,2
withparametersparameter,2
whilethe,2
Injection,2
itcan,2
uniqueparameter,2
command.connection.open,2
10.300,2
temporarily,2
moduleupdate,2
daily,2
9.3,2
system.management.automation.pstypename,2
yourcode,2
articlesSee,2
synchronouslyby,2
Forthis,2
SQLSERVER,2
Offset,2
90m,2
Centers,2
Instance,2
isadmin,2
IsSeparator,2
@chrisdent,2
Tock,2
helpget,2
92m,2
markdig,2
93m,2
mustexist,2
parity,2
displayed.there,2
FontCacheDisplayName,2
resulttypeparameter,2
result.tostring,2
logonCount,2
97m,2
corner,2
overwriteolder,2
features.last,2
howyour,2
eachelement,2
aurl,2
seethem,2
EventName,2
20191106114858,2
web01.mikefrobbins.comenabled,2
Tool,2
system.a,2
Redditor,2
Data.You,2
guidelinethat,2
topics.this,2
dhcpscope,2
version_id,2
membersand,2
error.powershellusing,2
DefaultDisplayProperty,2
matches.ssn,2
adefinition,2
squiggles.hover,2
FileCatalogWindows,2
hostWindows,2
sine,2
scenario2.log,2
allpowershell,2
synchronouslyus,2
virtue,2
allocation,2
ChildItemcmdlet,2
ProcessMitigation,2
interop,2
Module.The,2
KerberosAuthentication,2
1/10/2020,2
element.NoneSchemaSyntax,2
post.the,2
logging,2
assess,2
before.last,2
themicrosoftdoc,2
thedelimiter,2
16652,2
restructure,2
aconfirmation,2
ConnectedUser,2
data.columnnumber,2
ObjectGUID,2
parameter.consider,2
SecureRandom,2
methods.c,2
commandsh,2
value.otherwise,2
multiplication,2
attributecollection,2
-04-01the,2
WriteEntry,2
charexpandable,2
Remarks,2
uncheck,2
contentgc,2
Unique,2
NoProfile,2
contentin,2
serialnumber3810,2
sets.for,2
irrelevant,2
startedwhenever,2
computernameget,2
CIPolicy,2
confirmconfirmare,2
thenewest,2
Layer,2
WideControlDefines,2
3.00,2
directlyfrom,2
3.13,2
3.12,2
established.ECDSA,2
forenumerableexpansionspecify,2
DockerArm,2
wingetwinget,2
remoterunspace.close,2
object.setting,2
a484,2
thatpowershell,2
literaldecimal,2
tableelementdescriptionformatstr,2
countrycode,2
importantly,2
acredential,2
establishthe,2
Panel.If,2
itemsentence,2
wildcardoption,2
delivered.the,2
Cmdletattribute,2
characterstype,2
Microsoft.ActiveDirectory.Management.ADUserName,2
inRun,2
this.filesystemwatcher.filter,2
files.the,2
26157,2
error.all,2
aconvenient,2
not.powershell,2
smatch,2
the.externalhelp,2
indexing,2
forwidecontroloptional,2
FreePhysicalMemory,2
importantdo,2
commandsgeneric,2
ShortcutClose,2
languagemode,2
sscript,2
ImportantIf,2
microsoft.powershell.commands.modulespecification,2
LaserJet,2
#when,2
specified.none.schemasyntax,2
view.a,2
LastBadPasswordAttempt,2
textbox.location,2
-1-5-21-2989741381-570885089-3319121794-1107userprincipalname,2
CopyTo,2
BinaryMiLog,2
statementif,2
date.month,2
methodsshould,2
tprevious,2
hkcr,2
collection.a,2
Protection,2
a-doc,2
thisapproach,2
youmight,2
tosend,2
redefine,2
WideEntries,2
NumberOfProperties,2
theWideControl,2
issuesgithub,2
thesystem.management.automation.runspaces.runspaceconnectioninfo.operationtimeout,2
devop,2
DefaultPropertySet,2
CmdletSyntax,2
maintainlast,2
information.the,2
skim,2
scenario1.log,2
beingexecute,2
line.length,2
physicalline,2
System.Diagnostics.EventLog,2
rpcss,2
wantdisplay,2
berepresent,2
<packagereference include="microsoft.powershell.sdk" version="7.0.1" privateassets="all" />,2
</dev:possiblevalue>,2
displayed.in,2
Destination,2
usersaliase,2
parenthesize,2
shellid,2
GitCommitId,2
results.addrange,2
myself,2
Initials,2
getprocesssample06,2
EventHandler,2
winver.exe.microsoft,2
lognames,2
namethis,2
thesystem.management.automation.provider.icontentcmdletprovider.getcontentreader,2
definitely,2
AlsoText,2
session.this,2
DictionaryEntry,2
system.management.automation.runspaces.wsmanconnectioninfoobject.creating,2
object.last,2
importantyour,2
<modulepath>,2
enjoy,2
-05-31install,2
<propertycountfortable>,2
person.city,2
thisis,2
Systemcommand,2
whenwildcard,2
files.powershellpowershell,2
characterdouble,2
defaultdisplayset,2
elementinput,2
certpass,2
minimize,2
autogenerated,2
newunconstrained,2
cmdlets.area,2
alonecmdlet,2
appears.output5,2
appears.output4,2
appears.output2,2
cmdletcan,2
PSModule,2
locationpopdpwdget,2
aseparate,2
forCustomEntryOptional,2
login,2
PSSerializeJSONLongEnumAsNumber,2
null.you,2
uncshare,2
mostcommon,2
clearcontent,2
operatorjoin,2
use.SchemaSyntax,2
AllowedToActOnBehalfOfOtherIdentity,2
PowerShell.To,2
thatyour,2
directory.the,2
PowerShell.At,2
form.add_shown,2
myscriptmodule,2
Hunter,2
lazily,2
isinclude,2
microsoft.powershell.utilitycmdlet,2
context.commandlineast,2
Toview,2
propertychanges.xmlthe,2
aroundthis,2
FilterScript,2
non-lts,2
Rouge'SQL,2
yourown,2
fromwhich,2
ToShortDateString,2
boxthis,2
commands.if,2
aHashtable,2
post-decrement-expressionvalue,2
12.345,2
module.psm1,2
thereplace,2
2022the,2
FDResPubFontCache,2
<actionpreference>,2
topicsgithub,2
<param name="offset">,2
TestAlcModuleCommand,2
commands.to,2
helpinfoxml,2
prerelease,2
solely,2
itget,2
sta...stop,2
startposition,2
a-numbernegativeinfinitystatic,2
system.management.automation.runspaces.runspaceconnectioninfo.opentimeout,2
restrictionif,2
selective,2
SetParent,2
Scopes,2
Autosize,2
System.Version,2
withthem,2
hierarchy,2
acomma,2
havebeen,2
array.the,2
command.powershellthis,2
OPERATION,2
test.txt,2
powershell.config.json,2
platforms.previously,2
linecount,2
carry,2
topic.if,2
otherplatform,2
helpcab,2
Microsoft.PowerShell.Core.Get,2
theCopy,2
theend,2
outputby,2
GetSourceObject,2
PowerShellFinally,2
collectionof,2
outputit,2
New.Directory,2
button.in,2
Match,2
beremove,2
gpscommandasyncresult,2
thatuse,2
command.connection.close,2
lastLogon,2
output.the,2
pssessioninvoke,2
privatedata,2
scriptlist,2
monthlyupdates.ps1,2
log10,2
RPCSS,2
Call,2
DscResource,2
thisattribute,2
this.m,2
changes.when,2
system.io.ioexception,2
feedbacktrigger.success,2
method.invoke,2
contenthow,2
used.label,2
computer.powershellthe,2
utf7,2
followedby,2
8c78,2
contentus,2
rmdirdirlsget,2
NoTypeInformation,2
dataname,2
PSParentPath,2
26485,2
Revision,2
convention.code,2
prelaunchtask,2
JobState.Completed,2
5816,2
contentimprove,2
showsthe,2
ErrorCategory.ReadError,2
conversation,2
WorkingSet64Disposed,2
definition.selectionsetname,2
thepattern.The,2
user32.dll,2
toselect,2
statementpipeline,2
1namespace,2
badpwdcount,2
SampleModule,2
EnumerableExpansionSelectionCondition,2
<ifeedbackprovider>,2
processed.the,2
system.management.automation.psserializer,2
declarative,2
nopenctrl,2
MyScripts,2
platforms.to,2
shapeInfo,2
thefolder,2
profile.currentuserallhosts,2
pslanguagemode.nolanguage,2
Propertyproperty,2
contributing,2
WhatsNew,2
FileName,2
zscript,2
TimeDependentServices,2
wsusenable_mu1,2
obja,2
groupbywrit,2
<propertyset>,2
toapply,2
matches.powershell,2
OutOfBand,2
bindingmode,2
AllParameterSets,2
powershellﾉexpand,2
rng.next,2
<displayerror/>,2
TranscriptDirectory,2
above.installing,2
suffixhexadecimal,2
doesn'thave,2
ServiceStopped,2
AccessDBProviderSample,2
Element.None.None.SchemaSyntax,2
nextscript,2
Current,2
web01start,2
shutdown,2
outfile,2
associative.the,2
Credentialparameter,2
padding,2
errors.count,2
System.Io.FileInfo,2
HomeDrive,2
jump,2
TotalSecondsMeasure,2
unintentionally,2
SDK.area,2
transition,2
process.the,2
3300,2
listbox.selecteditems,2
UserDomainName,2
this.connection,2
fortablecolumnitem,2
sole,2
themost,2
26719,2
onlystop,2
parameter.this,2
heavy,2
implementsmethod,2
distinguishbetween,2
streaming,2
3396,2
efficiently,2
heart,2
Ping,2
shiftedaway,2
generalservermaintenance,2
psstyle.foreground.magenta,2
zerobit,2
spawn,2
fire,2
topmost,2
CompletionsPSReadLine,2
38636,2
thatresult,2
clauseelseif,2
versionName,2
command.executenonquery,2
dcom,2
cmdlet.adding,2
ElementAlignment,2
Shadow,2
ISE.If,2
derivesfrom,2
pixels.the,2
clrversion,2
thealiase,2
<memberset>,2
characterescap,2
Handleco,2
methodwhen,2
assembly.namespace,2
records.in,2
DataExecutionPrevention_Available,2
publisher,2
variable.PowerShell,2
@xtqqczze,2
elementtype,2
SerialNumberSerialNumber,2
Win32_Processor,2
thatwere,2
AlsoAlignment,2
versionis,2
inthis,2
ControlName,2
succinct,2
acceptspipeline,2
PowerShellcommand,2
Ubuntureaches,2
aren'tofficially,2
Workflows,2
FullyQualifiedErrorId,2
web01objectclass,2
1.02,2
<category>,2
1.05,2
1.04,2
ISE.Displays,2
1.20,2
spot,2
ofdata,2
StreamReader,2
int64implement,2
thesystem.management.automation.provider.containercmdletprovider.newitem,2
ProcessorCount,2
1.65,2
<wrap/>,2
A-F,2
LOCALAPPDATA,2
need.open,2
three'ps,2
expressions.the,2
notesupport,2
collapse,2
reversed,2
value.length,2
ObjectsWhen,2
mitigation,2
RunCommands,2
session.you,2
identifiesthe,2
transaction.how,2
computerget,2
Module.A,2
ModuleToProcess,2
#ctor,2
WindowsInstall,2
methodthe,2
beenconvert,2
valueserror,2
None.SchemaSyntax,2
TopicWindows,2
anddatatype,2
provider.get,2
sets.xmldefining,2
Members,2
cmdletsthis,2
cmdlet.powershellthe,2
pscmdlet,2
dc01.mikefrobbins.comenabled,2
factual,2
group.you,2
NoteIn,2
meThis,2
WmiInstance,2
wherethe,2
supportedby,2
seeabout_commonparameters,2
BeginOutputReadLine,2
thatdefine,2
requestsarticle,2
method.in,2
sourceidentifierget,2
listname,2
ACL,2
cmdlet.defining,2
Jupiter,2
theProperty,2
andsystem.management.automation.provider.itemcmdletprovider.setitem,2
listitem,2
ConfigurationCustomControl,2
deem,2
element.Adds,2
32601:600,2
aswitch,2
verbName,2
profile.allusersallhosts,2
Thisbehavior,2
sqrt,2
thepsdesiredstateconfiguration,2
ClearItem,2
</maml:alert>,2
AddParameters,2
Topmost,2
proccmdlet.c,2
referenceupdate,2
duffney,2
mrpsversionget,2
forWindows,2
gMSA,2
platforms.To,2
subsystemkind.feedbackprovider,2
job.childjobs,2
VersionInfo,2
AzurePowerShell,2
powershell.the,2
includestrings.length,2
environment.the,2
8.10.9,2
scriptsand,2
jea_dns_operators,2
wsus0,2
remotesession,2
PowerShellfunction,2
ASM,2
credentialsfunction,2
story,2
usespredefine,2
filenameswitch,2
session.powershell,2
AcceptSuggestion,2
tableElementDescriptionDefaultSettings,2
context.trigger,2
thecurrently,2
amandatory,2
ba4c,2
2026this,2
assemblydependency,2
suffixif,2
NcaSvc,2
insignificant,2
powershell.start,2
control.elementdescriptioncontrol,2
thelocal,2
tablewrit,2
method.to,2
useminimalheaderwrite,2
issueresolution,2
numerical,2
ISEWindows,2
powershell-7.6.2-win-x64.zip,2
selectstrcommandsample.cs,2
helpcontent,2
RandomNumberCore,2
Reserve,1
AlsoSelectionSet,1
management_cmdlets,1
isvoid,1
improvementsclose,1
platformswhat,1
ConfigurationUsing,1
trueuserdrivemaximumsize,1
modulemove,1
command.pickpshostprocess,1
apis.last,1
thecommand.Calling,1
modules.area,1
projectconfigure,1
1155.57,1
errors.Error,1
726.43,1
templatesfunction,1
releaseMajor,1
functions.xml,1
CodeFor,1
1024binarydate,1
scopecurrentuser,1
temp'join,1
PowerShellPowerShellThis,1
promptchange,1
10.3,1
Employee,1
10.2,1
10.1,1
setand,1
10.7,1
mitigatedependency,1
272handle,1
R,1
GalleryMicrosoft.PowerShell.SecurityModule,1
S,1
SYNOPSISComputes,1
T,1
Theinformation,1
X,1
targetwindow,1
more.a,1
moveright,1
</implicitusings>,1
psnativewindowstildeexpansion,1
system.management.automation.cmdletattributeclass,1
DuckBuilder,1
3672,1
posture,1
data2,1
Acl,1
and.NET,1
.3.5.5,1
FCSAMDISPLAYNAME,1
supportImproved,1
functionone,1
informationthis,1
index.an,1
microsoft.powershell.security,1
ofat,1
block.how,1
thevalidation,1
InitialSessionStatenamespace,1
header.don't,1
theSystem.Management.Automation.PowerShell.AddStatement,1
100m,1
validatedagainst,1
mayexpect,1
reproduce,1
system.management.automation.pscredential.the,1
informationUse,1
cmdlet.Credential,1
filedir,1
date７,1
allowthe,1
theirassign,1
HTTP,1
informative,1
point.risk,1
throwerror.ps,1
setare,1
InvalidData,1
relatedPowerShell,1
multipleargument,1
new.directorynew,1
3688,1
object.calling,1
keywords.area,1
called.If,1
PSSessionFormat,1
AddConfiguration,1
server.bash3,1
remoting?to,1
verbose1.txt,1
loggingabout_group_policy_settingsabout_logging_windowsabout_logging_non,1
internetbrowser.the,1
system.management.automation.cmdlet.throwterminatingerror,1
thisspecification.a,1
ElementsElementDescriptionItemSelectionCondition,1
requirepublic,1
modules?hybrid,1
ObjectMembers,1
theirvalue,1
register.for,1
aRelatedLinks,1
ofubuntu,1
scenario.one,1
nullexamples,1
informationthey,1
PasswordNeverExpires,1
system.powershellwhen,1
getsthe,1
é,1
thispresent,1
better,1
microsoft.powershell.commands.getcommandcommand,1
ü,1
assumed.the,1
filevverbwwindow,1
dummy,1
PSSnapinRemove,1
followedrepeatedly,1
writeaccess,1
randomget,1
thatillustrate,1
misspell,1
thissolution,1
1076,1
Ais,1
resourceshow,1
directly.powershellyou,1
script.adding,1
unconstrainedconcatenate,1
BLE,1
extension.how,1
environment.stack,1
05/21/2026,1
helpfileabout_environment_variables,1
anyPowerShell,1
anglesqrtstatic,1
something.specifying,1
objectpowershell.powerShellAdditionalExePaths,1
system.io.directorynotfoundexception,1
valueattribute,1
ElementFormatDefines,1
BlockWithin,1
parameters.specifying,1
redundancy,1
continuouspipeline,1
functionpowershellmust,1
assuch,1
tools.invalid,1
Manage,1
locationmanaging,1
thehidetableheader,1
doublequotation,1
index.in,1
anoffset,1
ofit,1
System.Diagnostics.Eventing.Reader.StandardEventKeywordsName,1
fabrikam.filehelpers,1
ElementsAttributesNone.ElementDescriptionCustomControl,1
operatorsequality,1
ParameterPurposeparam,1
a.k.a.,1
version.char,1
theinstance,1
LifecycleUpdate,1
how?please,1
TimePowerShellOutputTo,1
components.components,1
merged201520162017201820192020202120222023202420252026tokvprasoon216222k,1
20batchsize,1
array.examples,1
overloadedmethods.Although,1
thesystem.management.automation.provider.containercmdletprovider.newitemdynamicparameters,1
thefunction.To,1
-01-09includedwindows,1
i'mgo,1
features.psloadassemblyfromnativecode,1
pssessionexport,1
article.fenced,1
VerbGet,1
documentationContent,1
and1603,1
anddecrement,1
non-trivial,1
helpbeginning,1
myHost,1
specialized,1
cases.one,1
userconnect,1
thepsmembertype,1
null.Since,1
<packagereference include="powershellstandard.library" version="5.1.0.0" privateassets="all" />,1
servercset,1
s2124,1
there'sjust,1
principalparameter.keyalgorithmdata,1
toolong,1
system.management.automation.psmethod.this,1
potentiallymalicious,1
one.see,1
parameters.powershelloutput2,1
valuetoconvert.tochararraystringregexresults,1
canaccess,1
console.placement,1
propertydo,1
argument.options,1
application.remoterunspace01,1
Interfaces,1
overviewWhat,1
difficult.here,1
filteringget,1
ofmy,1
incorrectcapitalization,1
accountrunasvirtualaccount,1
macossupport,1
Document,1
freshness,1
interpretingtheir,1
MarchTop,1
openedhrxn3muzimuzhi1bergmeister1powershell,1
object.extensioninstance,1
opened.powershelladd,1
autocompletionTo,1
contentindexing,1
dependencyconflicts.powershell,1
bothkeyword,1
later.This,1
runspacespowershell,1
thesystem.management.automation.provider.navigationcmdletprovider.getparentpath,1
342.58,1
argsremove,1
canprocess,1
binaryfilepath,1
CustomRulePath,1
line.use,1
OutputAlthough,1
frombase64string,1
system.management.automation.host.pshostuserinterface.promptforchoicesystem.management.automation.host.ihostuisupportsmultiplechoiceselection.promptforchoicesystem.management.automation.host.pshostuserinterface.promptforcredential,1
WriteItemObject,1
displayed.customitem,1
WideControlView,1
10true,1
expected.to,1
object.viewdefinitions,1
façade,1
elementSpecifies,1
OSArchitecturesLifecycleWindows,1
12384,1
System.DirectoryServices,1
packagesourceuninstall,1
areless,1
ConfiguringWindows,1
commandXML,1
environment.for,1
method.windows,1
thatfrom,1
UnicodeEncoding,1
aproject,1
cmdletsExperimental,1
theMSI,1
rpc_e_disconnected,1
anyimplementation,1
docfx.jsonreference,1
clarifydocumentation,1
thatwindow,1
329.62,1
329.67,1
runspacewhile,1
EnforceIndividual,1
2026alternate,1
restrictions.audit,1
PSReadLine_Release_NotesGitHub,1
-8116-f0728d419306,1
statsTop,1
#MinLength,1
displayed.xmlpropertyname,1
getback,1
IContentCmdletProvider,1
notthe,1
version.last,1
respectively.type,1
ofws,1
2The,1
modulehyper,1
Files７,1
326846914560gett,1
siteadd,1
FileNameStar,1
loopus,1
location.description,1
negativevalue,1
versionedsubfolder,1
action.to,1
session.why,1
notepadhandle,1
26984,1
Data.For,1
feedback.a,1
attacks.an,1
thesystem.management.automation.idynamicparameters,1
parameters.keyscomputernameverbosedebugerroractionwarningactioninformationactionerrorvariablewarningvariableinformationvariableoutvariableoutbufferpipelinevariablewhatifconfirmvalidate,1
firstsuch,1
theassignment,1
configurationsthe,1
managementtools.Windows,1
Locator,1
keyword.powershelllast,1
FormatcmdletsIf,1
3you,1
contributors18,1
eachchapter,1
option.xml3,1
catchone,1
data.a,1
37.2,1
NoError,1
sset,1
referencingpublish,1
contributors24,1
file.versioninfoinstanceproperty,1
PSRemotingEnable,1
tableElementDescription?Matches,1
objbios.name,1
ReferencesMarkdown,1
ResampleConvertFrom,1
errorscommon,1
308average,1
sshi,1
convience,1
EnvironmentThese,1
Paladino27majst32Melissa,1
wmfthe,1
invoked.Identifies,1
folder.To,1
assembly.getname,1
AlsoModules,1
bashor,1
times.directive,1
fetch,1
powershellset,1
PowerShellPSReadLine,1
Gallery?Get,1
profile.allusersallhoststo,1
#validvalues,1
menus.the,1
effects.syntax,1
ListControlTypeName,1
verifyfunction,1
forImproved,1
disconnected,1
beset.membertype,1
inputstream,1
Imp...Import,1
itempropertythis,1
procidparameter,1
aren'tstandards,1
3712,1
values.powershelloutputusing,1
lexicalgrammar,1
system.app,1
member.powershelloutputnotice,1
TempPop,1
CAB,1
computer.answering,1
beforeany,1
cmdlet.powershellusing,1
class.C,1
andrepresent,1
system.management.automation.powershell.addstatement,1
TheInvoke,1
SystemHKEY_CURRENT_USER,1
AccessAllowedCONTOSO,1
μ,1
filessudo,1
elements.none.schemasyntax,1
NotesWMF,1
stringallow,1
outputbecause,1
warning.powershellthe,1
atutorial,1
name.The,1
openediisresetme1changeworld1indent,1
24391,1
argumentcommand,1
consistentlyStart,1
Exchange.PowerShell,1
untrustedcommand,1
complextype,1
considerationsｃHOW,1
restmethod.invoke,1
DefaultCommandPrefix,1
issueshelp,1
asimplified,1
PowerPoint,1
11.5,1
11.4,1
11.3,1
11.2,1
11.1,1
11.0,1
guanyuming,1
11.6,1
byahqalqbtagwazqblahaaiaatafmazqbjag8abgbkahmaiaa2adaaiaakaaoacgagaaoaiaagacaaiaagacaaiaagacqaaqaracsa,1
2009release,1
overviewManage,1
significant.none.elementdescriptiontypename,1
sothey,1
name.description,1
ofsystem.management.automation.provider.ipropertycmdletprovider,1
withlonger,1
folder.No,1
nullcasting,1
pscustomobjectthe,1
datapass,1
Д,1
nonadministrator,1
hasuses.powershelloutputin,1
Thedifference,1
Ц,1
functions.you,1
.7500,1
columns.there,1
disk.pscommandwithargs,1
members.developers,1
dc01psshowcomputername,1
average,1
localuserset,1
reportthe,1
commands.every,1
2foreach,1
PowerShellitem,1
1116,1
concatenationPowerShellIf,1
1112,1
https://github.com/powershell/powershell/releases/download/v7.5.7/powershell-7.5.7-linux-musl-x64.tar.gzpowershell,1
system.management.managementobject,1
customview,1
Logon,1
this.writeobject,1
confirmationrequests.C,1
passed.parameters,1
nonzero,1
articlesfix,1
withPublish.Uninstall,1
versionThe,1
docsMicrosoftDocs,1
fortablecolumnheader,1
communicationmake,1
beenevaluate,1
shouldprocess.don't,1
this.name.toupper,1
offersfeature,1
twooperand,1
#here,1
releasemove,1
jobscmdlet,1
myfeedbackprovideryou,1
adimension,1
FormatDataExport,1
letterisletterordigitstatic,1
acceptance,1
PowerShellOutputCustom,1
statetransaction,1
csproj.powershell,1
CJK,1
Microsoftshould,1
andpowershellget,1
yoursession,1
ControlUpdated,1
thanks@cmkb3,1
Builderdocumentation.PowerShell,1
errorcondition.the,1
endscreate,1
<option>,1
entriesOutputThe,1
https://github.com/powershell/powershell/releases/download/v7.6.2/powershell-7.6.2-linux-musl-x64.tar.gzpowershell,1
TableControlTypeName,1
othersensitive,1
Name.Length,1
this.fullname,1
bydefault.install,1
filesariehein,1
name.examples,1
credsfromcredentialproviderget,1
used.enumerableexpansion,1
'D,1
showing,1
Microsoft.PowerShell.SDK.The,1
controls.the,1
rulesstartup,1
valuestemp,1
system.management.automation.cmdlet.writeverbose.writing,1
specified.recursedata,1
conversion.for,1
LifecycleDisconnect,1
pseditfile.ps1,1
sectionfunction,1
scope.On,1
thataccess,1
jobs.area,1
ValueCount,1
usersselect,1
helpfileabout_functions,1
notepad.remove,1
CommandsCmdlets,1
InoTaskipoint,1
HashtableEnumerator,1
ProcessAccessing,1
myInputObjectNote,1
scripthow,1
parentheses.powershellthis,1
curve,1
cmdletmetadata,1
beforeretry,1
ispreserved.variable,1
thegrep,1
removedseparate,1
CodeGet,1
usepredictor,1
statementsflow,1
commandproduce,1
+0,1
getservicecommand.begininvoke,1
+4,1
orfailure,1
+5,1
computer.each,1
+7,1
ModificationDefining,1
+9,1
value.powershellif,1
suppressit,1
historyclear,1
ProcessGet,1
4001628Get,1
instead.previously,1
isn'tregister,1
methods.the,1
NextID,1
typesyntax,1
Matching,1
ShowWindowcontent,1
currentusercurrenthost,1
Boe,1
strin,1
microsoft.powershell.commands.importmodulecommand,1
thecodespace,1
-2,1
-4,1
12528,1
ImportantAny,1
powershell.to,1
setspowershell,1
researchneed,1
theminlength,1
ondelete,1
methods.system.management.automation.provider.itemcmdletprovider.getitem,1
declaration.approved,1
membermemberkindtypepurposeinvokeinstancemethodobject,1
fidelity,1
charsimple,1
folder.If,1
LearnRemoved,1
Microsoft.PowerShell.Commands.RegistryProvider.NewProperty,1
sub-folder,1
argumenttypelist,1
verb.PowerShellDESCRIPTION,1
categorize,1
repositoryYou,1
hashtablealready,1
CSP,1
DetailedGet,1
102030,1
operations.this,1
scope.If,1
inmillisecond,1
relatesto.labelrelated,1
forexecution.shell,1
platforms.use,1
script.binarydata,1
initializeoption,1
bake,1
102025,1
information1,1
dataeach,1
46.08,1
10.50,1
10.55,1
invoked.If,1
historyget,1
-7.5.7-osx-x64,1
constrainti,1
pscustomobject.count1,1
wantsthe,1
cannotuse,1
mode.constrainedlanguage,1
10.60,1
ImportantThis,1
lessthan,1
FreeSpaceInPagingFilesTotalVirtualMemorySize,1
typename.you,1
useLocalScope,1
functions.powershellthis,1
script.xmlparent,1
seeit,1
literalpathapi,1
minimalinformation,1
commandarguments.fixed,1
statement.this,1
duplicateclose,1
docsmarkdown,1
Aliascmdlets.ModuleInstanceproperty,1
System.Diagnostics.FileVersionInfo,1
declaratively,1
12495,1
TypeNameidentifies,1
validated.for,1
policy11,1
Helpinclude,1
ofitem,1
ReadError,1
1i,1
about_functions_outputtypeattribute,1
ISE.Open,1
6c5c,1
commandsacross,1
inpowershell.the,1
driveproviderpssessionrroot,1
bany,1
WildcardsSupported,1
creationcreat,1
AlcModule.CmdletsCopy,1
scripts.turn,1
privileges.add,1
output.powershelloverloadsfunction,1
respected,1
callmethod,1
s_dependencyDirPath,1
powershelltake,1
contentset,1
<script>,1
specb,1
FullNameInstance,1
Warn,1
statementassignment,1
3d,1
Last,1
multipleuser,1
bari,1
bare,1
pipeline.initially,1
.5.40,1
hashtablesﾉexpand,1
maps,1
12484,1
22.03,1
tableElementDescriptionAlignment,1
ExecutionPolicyDoes,1
name.PowerShellOutputTo,1
2025valuename,1
22.00,1
cleanupshould,1
7Reduced,1
theSystem.Management.Automation.Runspaces.InitialSessionState.Create,1
enabled.the,1
leastone,1
10.25,1
service.offlineenumerationconstantthe,1
AlsoTableRowEntry,1
66,1
characterswhen,1
69,1
ONENOTEM,1
mass,1
PowerShell.Note,1
operation.just,1
pshome.register,1
Bydefault,1
arelative,1
characters.wildcarddescriptionexamplematchesdoes,1
operatorsﾉexpand,1
setsspecify,1
arrive.the,1
green'greenps,1
quotesallow,1
exceptionunless,1
PowerShellPermission,1
theProcessId,1
TypeConverter,1
sor...tee,1
82,1
jeaexample,1
83,1
85,1
dealingwith,1
86,1
stem,1
tableSee,1
body.expression,1
AclSet,1
showhow,1
RemoveItemDynamicParameters,1
appears.make,1
andmethods.isinstance,1
kerbero,1
Exporting,1
92,1
errorview.powershellthe,1
93,1
firstmaml,1
Gets.Don't,1
95,1
Cryptography,1
96,1
Child,1
framework.this,1
baud,1
asyou,1
Deserialized.System.ServiceProcess.ServiceControllerName,1
GAreleasePSScriptAnalyzer,1
thesystem.environment,1
namecmdletsupport,1
y?IntroductionThis,1
PfxCertificateNew,1
It'sstill,1
history.cmdlets,1
navigationprovider.writing,1
Microsoft.PowerShell.Commands.MemberDefinition.A,1
netselect,1
arewritten.uicultureversion,1
string.targettype,1
helpful.how,1
FunctionDefinitions,1
wildcards.PowerShell,1
3816,1
getservicecommandoutput.count,1
completedquery,1
featuresarea,1
parameter.examples,1
:p,1
linebetween,1
accessmember,1
keyword.overriding,1
DebianThere,1
existence,1
system.indexoutofrangeexceptionabove.syntax,1
issomething,1
shortcutfile,1
thesystem.management.automation.validatepatternattribute,1
cpu.tostring,1
on.when,1
MrAutoStoppedService.EXAMPLE,1
openedchangeworld3cflanderscpc1heyitsgilbert1dodexahedron1maratmussabekov1geeksbsmrt1sp32691ajansveld1robinmalik1andreshungbz1mklement02content,1
Can,1
3848,1
12.2,1
processredirect,1
cmdlet.powershellonce,1
hardcode,1
Cat,1
getprocesssample02.cs,1
12.6,1
JEA_DNS_AUDITORS,1
10.70,1
Decode,1
unwind,1
InformationSee,1
notuse,1
file.powershellbeginning,1
degrade,1
person.containskey,1
method.syntax,1
ListHandles,1
10mb,1
combinedwith,1
CommandPredictorKind,1
loads.powershellnext,1
actionsto,1
alsoenumerableexpansion,1
command.powershelloutputadd,1
WorkflowsPowerShell,1
1200,1
powershell.an,1
alcengine.cs,1
Help.Enhanced,1
resilientapplication,1
powershell.as,1
methods.powershell,1
@B,1
Notify,1
VersionReleaseDateNoteWindows,1
lifecyclethere,1
nameﾉexpand,1
1216,1
specificline,1
bar.the,1
CapabilitiesWhen,1
roleswitch,1
KindTypePurposeCommandTypeInstance,1
rows.xmldefining,1
pscorerelease,1
Thecaller,1
processand,1
AD,1
cmdlet.parameterfunctionalityapplicationdata,1
action.In,1
AM,1
B.,1
GrammarThis,1
currentpipeline.stop,1
myscriptmodule.psd1,1
environmentcontent,1
<packagereference include="microsoft.powershell.sdk" version="7.2.0" />,1
schemamarkdowndo,1
onlyRegister,1
thewin32_systemdriver,1
2026error,1
1next,1
packageavailable,1
An,1
5.1.2600.131072,1
caller'ssession,1
BR,1
aboutspecifying,1
10or,1
commandwindowshow,1
supportwildcards.stopprocesssample04,1
agelist.getenumerator,1
contentabout_comments,1
CD,1
windows.cmdlets,1
win32_desktop７,1
optionsto,1
CL,1
sshd_configpasswordauthentication,1
remoteediting,1
Settings.Exampleare,1
DIR,1
123l,1
openedbbodenmiller1brianary1exchange12rocks1ivenbach1jamiepinheiro1jdoubleu1logicaltoolkit1matt9ucci1mihir,1
methodpath,1
valuedn,1
pssessioncapabilityget,1
843b51d0,1
controlview.configuration,1
Linux.PowerShellThere,1
quotes.powershellcreate,1
DC,1
versions.WMF,1
this.powershellall,1
argument.in,1
scriptmust,1
added.PowerShellOutputHKLM,1
cmdletssrcdotnet,1
<implementation-defined charactersequence>,1
theexist,1
qualified.net,1
project.powershell2,1
ADMIN,1
SddlStringOut,1
F$,1
hashtablesupport.powershellpowershell,1
isexpose,1
avalue.powershellthe,1
youonly,1
sql'lax,1
isexport,1
foreachloop,1
string.newlinedata,1
effect.Examples,1
cls.introducing,1
importantwhenever,1
session.use,1
disabled.The,1
updatesconverted,1
helpwait,1
<command:verb>,1
PrerequisitesOverview,1
modulemicrosoft,1
@mkht,1
separateenvironment,1
runtimeexception.powershellwhenever,1
psresourceregister,1
strictset,1
long2new,1
descriptionsuse,1
Fi,1
interesting.hashtables,1
if.externalhelp,1
dependenciesrequire,1
resource.outputdata,1
Help.The,1
loop.powershellwe,1
theupdateable,1
untrustedconstructor,1
Objectsthat,1
Microsoft.PowerShell.Comm,1
match.you,1
#number,1
expect.powershelluse,1
Enum,1
System.Management.Automation.RuntimeDefinedParameterDictionary,1
xmlobject,1
andproperties.pscodemethod.copy,1
strings.powershellconcatenation,1
HU,1
HelpInvoke,1
duffney.io.creating,1
you'reinterest,1
disabilities.in,1
IDisposable,1
computer.Windows,1
detection７,1
containerclose,1
DOM,1
passthem,1
1000m,1
22000,1
24669,1
importedImport,1
PreserveHttpMethodOnRedirect,1
Microsoft.PowerShell.ArchiveMicrosoft.PowerShell.CoreMicrosoft.PowerShell.HostMicrosoft.PowerShell.ManagementMicrosoft.PowerShell.SecurityMicrosoft.PowerShell.UtilityPackageManagementPowerShellGetPSReadLineThreadJobA,1
AlsoProperty,1
theErrorRecord,1
exceptionstry,1
job.create,1
Is,1
xcopy.exe,1
https://go.microsoft.com/fwlink/?linkid=113279,1
inside.let,1
software.for,1
PSPath.This,1
runtimes.if,1
null.derived,1
listdisplay,1
iswritten,1
object.xmlwideitem,1
skipthe,1
alternativeto,1
powershell3,1
powershell6,1
powershell5,1
MyFeedbackProvider,1
powershell7,1
isn'tspecify,1
OutputPathC,1
10000,1
taskfor,1
powershell2,1
powershell1,1
24615,1
LP,1
thesystem.management.automation.provider.icontentcmdletprovider.clearcontentdynamicparameters,1
splattingbreaking,1
CommonClose,1
0.0.0,1
processpwsh,1
experimentalfeatureadd,1
-1.412,1
currentswitch,1
WorldThe,1
taskssee,1
releasemcp,1
name.ﾉExpand,1
islocate,1
codereviewers.limitations,1
cmdletwant,1
commandsfile,1
24620,1
NoteRemove,1
classvaluetoconvertanythingvoidautomationnull.valueanythingstringcalls,1
24624,1
2025class,1
dscdebugenable,1
VisibleFunctionsfield,1
typing,1
experience.for,1
NL,1
olderthan,1
myjeagmsa,1
retrievedus,1
field.use,1
My,1
0.005,1
0.003,1
articlespsdscresource,1
IGNORED.PS,1
asCultureInfo,1
scenariosparameter,1
nowildcard,1
us_helpcontent,1
CommentThe,1
Ruby,1
propertyA,1
API.There,1
scriptstoprocess,1
property'svalue.value,1
windowsset,1
AMProviderName,1
openedmklement02sethvs2invalidaccountnameentered1os3drnick1trackd1landon,1
.3.7.2,1
System.Management.ManagementDateTimeConverter,1
subexpressions.powershellhaving,1
ItemExistsDynamicParameters,1
InputValidation,1
PI,1
biztalk,1
panecopyctrl,1
tableElementDescriptionListItems,1
that'sgenerate,1
twostring,1
ofunspecify,1
InlineViewCommandColor,1
bar.txt,1
erroractionpreference.also,1
sample.this,1
codeUpdated,1
maximized.to,1
thewin32_logicaldisk,1
artｉreferencepowershell,1
violationsmanaging,1
ise.keyboard,1
thisparticular,1
version.powershelloutputc,1
DataPing,1
calledthe,1
systemtool,1
provider.also,1
shellsability,1
nametranscript,1
HomedirReq,1
cmdletsSupport,1
classis,1
RU,1
Guide2020,1
property.a,1
exceptioncatch,1
24591,1
Help.FORWARDHELPCATEGORY,1
SE,1
Oncethe,1
Declaration.Cmdlet,1
potentiallydangerous,1
WindowsSplit,1
actsetup.log...get,1
remotingmust,1
valueto,1
datais,1
useparameter,1
port.printerdata,1
itemsclear,1
psscriptfileinfocmdlet,1
Se,1
within.Use,1
classif,1
guide.The,1
dataif,1
NonpagedSystemMemorySizePM,1
11d3,1
11d0,1
Sq,1
filestep,1
cmdlet.typedata,1
St,1
MediaProgramFilesDir,1
requestingconfirmation.indicate,1
PathsIf,1
PowerShellExplained.com.Hashtable,1
usenewenvironment,1
FullGet,1
huge,1
2025name,1
V2,1
ValueFromPipelineByProperty,1
</supporteduicultures>,1
thismodule,1
v3resource,1
unreachable,1
providers.area,1
typechange,1
notecom,1
commandcontain,1
filesthe,1
valuesa,1
you.PowerShellA,1
issueensure,1
PSObject.Type,1
processes.create,1
#Using,1
occupy,1
InlinePredictionColor,1
value.but,1
excesslocation,1
typecast,1
WF,1
worksin,1
github.com/powershell/powershell/issues/new/choose.if,1
backgroundjob.for,1
valueor,1
VBScript,1
ExpressionsArticle,1
valueon,1
insexperimental,1
PowerShellWinRM,1
orposition,1
netshcommand,1
CimClassMethodsName,1
processing.non,1
Y.,1
accessthat,1
Reload.g,1
ssh.enable,1
typedarray,1
separatefrom,1
toleftctrl,1
StartRegister,1
abackground,1
seen.powershell,1
modepowershell,1
3917,1
Errorsuseful,1
CimInstanceThis,1
remotingjobdebugger.when,1
arrays.we,1
remainder10,1
persistent.related,1
PowerShelldisplays,1
ElementPropertyCountForTable,1
fileRobBiddleRobert,1
articulated.the,1
3927,1
AzureService,1
<process name>,1
comfortable,1
markdowndocument,1
SpaceScript,1
suit,1
Contributors37,1
Yu,1
dataor,1
aminimum,1
Cmdlet.WriteError,1
byderive,1
CIMGet,1
occur?because,1
onexplicit,1
valuewithout,1
code７,1
forinformation,1
messageupdate,1
OutputGet,1
seeabout_type_accelerators,1
resolvingstatus,1
andModule,1
BindingVS,1
AliasExport,1
Dan,1
f７,1
e.invocationstateinfo.state,1
Docker.shUbuntu,1
Day,1
it.save,1
progress.powershell,1
more.it,1
disability,1
informationThe,1
returnedmany,1
SleepsortSort,1
FQMN,1
ISE.Mike,1
forCustomControlSpecifies,1
simplysave,1
Filters,1
worksto,1
nest.the,1
valuein,1
whoneed,1
FORWARDHELPTARGETNAME.FORWARDHELPTARGETNAME,1
hunt,1
GetDefaultEncoding,1
displayed.listcontrol,1
publishers.pwsh.exe,1
reportingwrit,1
PSAMSIMethodInvocationLoggingOther,1
imaginaryconflict,1
group.PowerShellIf,1
results.host02,1
mostcommands.for,1
microsoft.powershell.managementmicrosoft.powershell.odatautilswindows,1
branchmainliveworking,1
movesthe,1
@eugenesmlv,1
1308,1
rightsquare,1
rebase,1
command.pipeline,1
acgenral.dll,1
true.runspacesscalar,1
<new-line>,1
remark,1
platforms.Import,1
intminvaluestatic,1
cmdletparameter.The,1
AttributeDeclaration.ValidateLength,1
cleaner.powershell,1
methodswhenever,1
DirectorySet,1
interfacewindow,1
closelook,1
3978,1
thecursor,1
a$,1
Dec,1
PowerShellevents,1
yyyyMMdd,1
secure?Do,1
openeddoctordns1escape2081nickdevore1fsackur1duffney1skycommand1yecril71pl1mklement03abdullah08202documentation,1
determinewhich,1
<command name>,1
Contributors59,1
hosts.if,1
function.placing,1
WarningDemonstratesThe,1
2025difference,1
problems.while,1
wildcardhidden,1
keyword.you,1
variableValueInstance,1
noticethat,1
mirroring,1
containnull.count1pipelinepowershelldepending,1
c$,1
ac,1
ag,1
connections.for,1
windowssystem32,1
JEAMaintenanceEndpoint,1
ap,1
PositionalBinding,1
beneficial.parameter,1
elements.none.elementdescriptioncustomentry,1
releaseends.preview,1
compression,1
</codeproperty>,1
hurt,1
pathmember.extended,1
filesfrom,1
noteanytime,1
0.1.3,1
d',1
invalidnamespace,1
bl,1
nameaddinsapppatchassembly,1
practices.security,1
arecopy,1
bn,1
view.none.elementdescriptionlistitem,1
StartPosition,1
goodpost,1
setdefaultprinter,1
cc,1
outstanding,1
isthat,1
https://code.visualstudio.com/docs/getstarted/keybindings#_custom-keybindings-for-refactoring,1
sessionwhen,1
cm,1
1372,1
Inline,1
co,1
Dir,1
food,1
ct,1
cv,1
e9,1
partner,1
s314,1
cz,1
settings.configuration,1
installations.samplesgetprocesssample01,1
files.on,1
Port,1
f.,1
dm,1
aboolean,1
dp,1
f4,1
f8,1
threadjobthe,1
dscconfigurationupdate,1
memory.powershelloutputdot,1
scary,1
boxviewing,1
accountexpir,1
FeedbackText,1
ed,1
inputfunction,1
Incorp,1
ef,1
el,1
ep,1
es,1
Postfix,1
class.cmdlet,1
isfrequently,1
asynchronouslypowershellmeasure,1
cmdlets.some,1
arguments.c,1
for2,1
dcompowershelloutputi,1
fb,1
oftenhappen,1
oneproperty,1
it?objects,1
fg,1
asyncResult,1
15.5.180.51428,1
canredirect,1
record.interpreting,1
parameters.cmdlet,1
createsa,1
StructureThis,1
ft,1
optional.none.schemasyntax,1
paused.press,1
RunningNetlogon,1
successful.powershelloutputin,1
Dmb,1
arguments.C,1
GMSA.PowerShellGMSAs,1
contend,1
0xf010x0f0f,1
alsocmdlet,1
restof,1
cmdlet.one,1
gr,1
interactively.AI,1
gz,1
accountspolicy,1
ElementExpand,1
list.length,1
hi,1
fewcmdlet,1
promptfunction,1
beforebee,1
Dns,1
hr,1
hu,1
scriptthat,1
GroupByLast,1
notrestricted.when,1
Doc,1
Doe,1
orDescending,1
il,1
results.examples,1
Auditmode,1
locationtake,1
#Declare,1
onlypowershell,1
configurations.get,1
againstreference,1
distraction,1
useful.You,1
l',1
fabrikam,1
ConsoleCancelEventHandlerdocumentation,1
l.,1
WindowsRemote,1
24755,1
runendprocess,1
policyin,1
24757,1
about_psreadline_functions,1
interface.last,1
be.i,1
command.pathinstance,1
splitscreen,1
ContentUpdated,1
LinuxThe,1
BooleanImplement,1
view.OutOfBandOptional,1
ManifestsProcessing,1
result.powershellthis,1
ofhosting,1
m1,1
ko,1
m2,1
m3,1
kr,1
files.to,1
filecontain,1
li,1
functionsbecome,1
lk,1
thisobject,1
server.ntlm,1
viewget,1
n0,1
be18,1
certify,1
system.however,1
ParametersThese,1
limitedto,1
onlyDisconnect,1
mg,1
o.,1
24747,1
name.code,1
@parametersCan,1
run.This,1
openedZhu,1
mv,1
theSystem.Management.Automation.Runspaces.WSManConnectionInfo.ConnectionUri,1
powershell.powerShellAdditionalExePaths.You,1
mistype,1
cmdlet?cmdlet,1
pathname,1
filegglobal,1
ms.assetid,1
selectrun,1
ng,1
12766,1
FilesDefining,1
nl,1
24714,1
parameters.powershelloutputonce,1
variablelike,1
p3,1
namedsubmatch,1
12a2,1
Mode７,1
getget,1
12808handle,1
24711,1
OpenSSH.PasswordAuthentication,1
modulename.paths,1
data.entryselectedby,1
om,1
<remote-computer-name>,1
q5,1
pshome$,1
powershellremoting,1
insidecommand,1
init.an,1
actionsnew,1
jea.conditional,1
security.principal.windowsidentity,1
pb,1
cmdlet.powershellbeginning,1
sets.parameterpurposewhen,1
PowerShellPerforming,1
ping.exe,1
po,1
System.Func,1
PowerShellscripting,1
account.requires,1
thepipeline.PowerShellIn,1
pu,1
pv,1
reformattinga,1
elements.name,1
Shellbash,1
positionally.PowerShellOutputIn,1
definedNoneGlobal,1
emission,1
accessibleat,1
attributekeyword,1
ManagementStudio,1
transcript25transcript,1
anexperience,1
rolecapabilityfind,1
branchesmake,1
rg,1
Thelocation,1
442704,1
rk,1
ParameterPurposeHelpMessage,1
rn,1
rp,1
rq,1
predefinedverb,1
rr,1
optionsee,1
stop.The,1
object.XMLListControl,1
rv,1
rz,1
shiftingthe,1
sa,1
themember.psscriptmethod.membertype,1
sc,1
sd,1
thiscommand.modulenameinstance,1
sk,1
orpowershellall,1
filesmeta,1
shiproomshiproom,1
Communication,1
ss,1
st,1
converterimplement,1
sw,1
HistoryAndPluginImport,1
varyingcommunication,1
te,1
MethodsPSMemberInfo.Value,1
sameevaluation,1
572.94,1
powershell0x0408,1
tocatch,1
description.example,1
wasassign,1
24696,1
Templates,1
https://mikefrobbins.com,1
ub,1
useminimalheaderget,1
ud,1
TabScript,1
uk,1
ul,1
un,1
UndefinedError,1
Theremay,1
ur,1
</privateassets>,1
therepair,1
constrainedrunspace,1
functions.powershellpowershell,1
youritem,1
RobbinsAdded,1
editor.after,1
key.powershelloutputdisplaying,1
set.you,1
ve,1
referencelink,1
vi,1
errorsThe,1
element.Examples,1
returnsBasicHtmlWebResponseObjectIn,1
Applicable,1
PowerShell2021,1
cmdletsmodule,1
3:00,1
virtualmachine.You,1
x8,1
numericliteral,1
onword,1
argument.for,1
wa,1
object.psscriptmethod.invoke,1
wc,1
24677,1
psstyle.formatting.erroraccent,1
implementationdefineda,1
ctrl+dg,1
wh,1
PowerShell.However,1
resultvariable,1
wi,1
modulepath.The,1
theExtendedTypeSystemException,1
familyof,1
3:16,1
y.,1
TopicThis,1
CIMcommand,1
sí,1
10certificate,1
wr,1
jsimplified,1
10036,1
wu,1
wv,1
incopyctrl,1
WMI.To,1
myinvocation.boundparameters,1
teach,1
xa,1
pattern.consider,1
videosJason,1
xf,1
dateget,1
SystemRoot,1
canfilter,1
xp,1
Importing,1
ninvoking,1
withsystem.environmentbecause,1
ya,1
ormethodinvocationexception,1
powershellthe,1
tobottom,1
thatbecame,1
werebase,1
overviewformatting,1
profile.get,1
instrumentation,1
SSHUsing,1
exist.after,1
intricacy,1
phase,1
100once,1
za,1
requiresobject,1
<param name="processname">,1
Microsoft.PowerShell.Commands.WriteErrorExceptionIn,1
SecurityPowerShell,1
thesystem.management.automation.provider.containercmdletprovider.copyitemdynamicparameters,1
mistakenly,1
canpauseandcontinueoutputa,1
position.according,1
TimeSpanNew,1
whetherPowerShell,1
operand.for,1
efficiently.last,1
propertyets,1
MasterAccount,1
microsoft.powershell.managementthere,1
periodic,1
thecapability,1
docsRelease,1
threemain,1
mymodule.pdbimport,1
snapd,1
psfeedbackproviderwarning,1
command.outputtypeinstance,1
net.as,1
DocumentLinkCmdlet,1
Releasehistory,1
about_Functions_Advancedabout_Functions_CmdletBindingAttributeabout_Functions_Advanced_MethodsTo,1
variables.for,1
option.to,1
preservingDocumentation,1
WideEntryWideEntries,1
februarynew,1
codeeditor,1
ConsoleKey.End,1
element.frame,1
filterconsider,1
Modem,1
differently.sometimes,1
CreateRunspacePool,1
beingselect,1
BusinessConstrained,1
required.provide,1
completion.built,1
pane1,1
includedprocess,1
psise.options.fontsize,1
documentationUpdated,1
data.count0ps,1
theMinRange,1
CommonOpen,1
pasting.don't,1
getconnect,1
SchemaHelpInfo,1
ManagerRunning,1
parameter.referring,1
30for,1
FeedbackTrigger.CommandNotFound,1
labeling.issues,1
theExpand,1
side.the,1
feedbackactionproperty,1
eachkeyword,1
arraybase,1
datapowershell,1
process.start,1
nonpublic,1
entrieswork,1
anative,1
thesecharacter,1
thecondition.typename,1
DocsPS,1
wasreferr,1
orsplatting,1
web01stopp,1
listentry.typename,1
actiontaken,1
CmdletCmdlet,1
section.the,1
searchfor,1
easy.PowerShellEven,1
andwritten,1
throughpsscriptmethod,1
system.math７,1
literal.otherwise,1
continueimprove,1
value.last,1
arraysthe,1
displayshelp,1
wsmanactionwindows,1
scenario2.logps,1
objecttest,1
1444,1
memberviewing,1
filecreate,1
concurrencyit,1
publicdefault,1
discussion.creating,1
overview.install,1
multi-core,1
thisimplementation,1
work.We,1
warningcmdlet,1
0.2.0,1
callsSystem.Management.Automation.Cmdlet.ShouldContinue,1
file.customcontrolname,1
JobTriggercmdlet,1
largecollections.one,1
tableButtonFunctionShow,1
issuesRan,1
psmodule,1
releases.copy,1
@sba923,1
psitem.exception.innerexceptionps,1
array.this,1
he1santisq2stephanadler11stevenjudd22024,1
space.viewing,1
obtainthe,1
it.scriptblock,1
parameterpresent,1
win32_operatingsystemget,1
theListControl,1
nullcannot,1
211content,1
Duringmodule,1
computer.In,1
providinghelp,1
thesystem.management.automation.validatecountattribute,1
reallyexpose,1
check.running,1
theSystem.Management.Automation.Provider.NavigationCmdletProviderchange,1
CmdletsWhen,1
adgroupmemberadd,1
vm.vmid,1
definedWorkflowImplementation,1
bitascii,1
ParametersFilter,1
2025understanding,1
longerneeded.use,1
Marquette'Replace,1
CurrentVersionSKC,1
SystemName,1
it.On,1
filepowershell,1
syntaxes.instead,1
it.never,1
platforms.Windows,1
andSystem.Management.Automation.Provider.IDynamicPropertyCmdletProvider,1
are.net,1
significant.examples,1
ViewSelectedByOptional,1
tools.now,1
column.wrap,1
parameter.powershelloutputthe,1
hostapplicationYou,1
allchange,1
wildcardsget,1
developmentinfrastructure,1
cleanview,1
PowerShellmaintained,1
10/18/2023,1
install.sudo,1
isn'trequire,1
PowerShellRunspaces.Last,1
formatdataupdate,1
inaliase,1
abababab,1
constraintfunction,1
system.powershelloutputpowershell,1
case.ps,1
DISPLAYNAME,1
tracing,1
versions.The,1
tests.as,1
functionsto,1
Microsoft.Management.Infrastructure.CimSystemProperties...Get,1
isnotreturn,1
dnsnamelist,1
sc.exe,1
12802,1
12808,1
itself.you,1
function.powershelloutputin,1
whatproperty,1
docsrunn,1
thenremove,1
israised.description,1
statement.powershelltest,1
fails.for,1
PowerShellImplicit,1
jea.3,1
spansPowerShell,1
correctly.i,1
makingchange,1
text.actionkeyboardshortcutsuse,1
microsoft.powershell.psresourceget.powershell,1
Startexternal,1
areestablish,1
tracesourceget,1
exclusive.This,1
string.powershellfinally,1
commandinvoke,1
commandssurround,1
date.count1ps,1
makesthis,1
CommandAdd,1
promptsfunction,1
enabledby,1
themselves.C,1
MenuCompleteCommonly,1
key.key,1
OverviewUpdatable,1
silentlycontinue,1
remarkseverythe,1
LinuxYou,1
displaythe,1
KindTypePurposeonly,1
it.It,1
imported.the,1
userDesign,1
psm1app,1
it.In,1
FormatXMLThe,1
articlesarticle,1
system.management.automation.errordetails,1
Time７,1
constantsdefine,1
ofconnection,1
toolbarpress,1
2025referenceattribute,1
ElementIn,1
Router,1
set.positionif,1
usersexperience,1
loadsan,1
0.252,1
asecondary,1
retrieveitem,1
gpscommand,1
FTE,1
scriptactionkeyboardshortcutuse,1
cmdletname,1
go.microsoft.com/fwlink/?linkid=135170,1
24879,1
containedanywhere,1
openedjhribal1joeselorm1matziq1raju25291thomasnieto12iron72justinwebdev2o,1
securecommunication,1
optional.table,1
0x006400,1
completionsadd,1
ThreadJobForEach,1
regkeypath,1
azure.there,1
GetItemGetItemDynamicParametersThis,1
does.here,1
inconsistent,1
seeabout_classes,1
afunctionexample,1
windows７,1
differences.powershell,1
collectionand,1
Works.For,1
24880,1
successfullyadvance,1
ErrorMessage,1
mappedusb,1
throughcredential,1
whichstorage,1
anpsinvalidcastexception,1
MediaFoundationHKEY_CURRENT_USER,1
powershell7.powershellwhen,1
ConfigurationEntrySelectedBy,1
24852,1
mdop,1
overviewa,1
method.pscodemethod.overloaddefinitions,1
wascreat,1
elementseach,1
AutoSizeStatus,1
2026if,1
sneak,1
SIDHistory,1
@surfingoldelephantcreated,1
allBreakpoints,1
column1`tcolumn2`nsecond,1
order.multiple,1
inheritanceabout,1
avariable.powershellfor,1
xavoid,1
systems.new,1
deleted.The,1
runtimeException,1
powershell.powershellas,1
getChildItemMetadata,1
archiveise,1
7.47.57.67.7,1
view.list,1
13at,1
24839,1
handlersupdated,1
reassign,1
system.componentmodel.typeconverterattributeattribute,1
ImplementationdefinedCan,1
eventname,1
conversionsnumeric,1
willtake,1
subscriptoperator,1
converterif,1
1000ﾉexpand,1
importation,1
DscConfigurationUpdate,1
Samplesrepository,1
this.consolereadline.read,1
differentproduct,1
comparisonoperator.PowerShellOutputIt,1
installationsdecode,1
MinLength,1
moduleus,1
PowerShellconfiguration,1
CautionThe,1
functionsin,1
moduleun,1
RougeSummaryReviewReferencesFormat,1
stillattempt,1
ControlsDefines,1
documentationprepare,1
set.read,1
alwaysexecute,1
CasingSee,1
thatparameter,1
@brannengh,1
XmlFilePath,1
parameter.valuefrompipelinebypropertyname,1
#cmdlet,1
ImportedAlias,1
properties.consider,1
7.309-nov-202208-may-2024.net,1
approvedcmdlet,1
ModulesInstalling,1
wrapPSInvalidCastException,1
DateKind,1
class.system.management.automation.jobrepository,1
in_functionscontent,1
valuespecify,1
corrected.expression,1
contributorsinternal,1
modulesa,1
sophisticated,1
a-v1new,1
scanning,1
destructive.powershell７,1
CLRVersion,1
class.things,1
StepsArmed,1
location.there,1
privileges.for,1
isoutputexpandable,1
openedsethvs3ariehein1bharathalleni1jhribal1saibamen1skycommand1surfingoldelephant6armaanmcleod2dpareit2new,1
cli.porting,1
numericlarger,1
certthumbprint,1
disclose,1
entrust,1
PowerShellPathWorking,1
agelist.values,1
noplan,1
SystemCIPolicy.xml,1
myinvocation.pscommandpath,1
update0,1
datapowershellthe,1
definitionsfunction,1
17.8.2,1
Tutorialtopics.For,1
uscript,1
about_topics,1
selectpin,1
dependency.for,1
register_manifest,1
fqdn,1
gpc.runspacepool,1
getcomplicate,1
SystemDesign,1
moduleon,1
AlsoInterpreting,1
definethat,1
CredentialRegex,1
stepsgett,1
anelevate,1
#Create,1
needs.winget,1
IntoExecutes,1
statement.powershellthank,1
cardrequiredgroup,1
configuration.works,1
SubsystemKind.CommandPredictor,1
ViewControls,1
towriteobject,1
transmission.When,1
thecontain,1
byGet,1
eachspecific,1
issuedoctordn,1
ofsupportyesyeswindow,1
location.The,1
a.2.10,1
dmserver,1
ExcludeModule,1
Negotiate,1
fqid,1
resourcescontributing,1
splattingfunction,1
enter.open,1
option.things,1
undefinedvariabletrueif,1
transactionstart,1
formattingtitle,1
running.PowerShellOutputThe,1
pssession.for,1
1505,1
nullnumeric0,1
invokedcommand,1
exit_on_error,1
beenspecified.the,1
entityname,1
2name,1
things.declare,1
Markdig,1
onescape,1
aninput,1
file1new,1
platformsmicrosoft.powershell.coremicrosoft.powershell.security,1
1511,1
true.outputthe,1
1510,1
PowerShellproduct,1
otherscript,1
specification.examples,1
options.If,1
example.examples,1
onetime.powershell,1
.3.1.4,1
thesystem.management.automation.provider.ipropertycmdletprovider.getproperty,1
.3.1.2,1
paragraphs1,1
thesystem.management.automation.validatescriptattribute,1
higher.test,1
types.online,1
scriptsattempt,1
58112,1
windows2,1
openedyecril71pl103sethvs10springcomp32txtor21baardhermansen1skycommand1srjennings1xtqqczze1mklement03Allexxann2sharpninja2XuHeng10212New,1
preserved.for,1
changingimage,1
f4start,1
thesystem.management.automation.runspaces.runspacepool.getavailablerunspaces,1
Production,1
beat,1
profile.powershelladding,1
numericsmaller,1
fqmn,1
ParametersTypes,1
apinamespace,1
linesadd,1
modulemymodule,1
steps.powershellmicrosoft,1
openeddau6jarl12021,1
notpart,1
Driverbindflt,1
filesUnlike,1
configurations.often,1
continuationif,1
macosremove,1
youperform,1
ofmemory,1
thesystem.windows,1
2025windows,1
contents.this,1
withbrace,1
2008sp2out,1
theFileList,1
scriptsﾉexpand,1
usedure,1
writesdebug,1
computer?can,1
CompatiblePSEditionsproperty,1
uint64int,1
documentationreference,1
method.additionally,1
morefeedback,1
lengthzero,1
TableWideControlling,1
digitalsignaturesregistryhklm,1
ExpressionBindine,1
Microsoft.ActiveDirecto,1
1consider,1
configuration.area,1
ensureno,1
threadswith,1
anddisplay,1
ALCinto,1
PowerShell.OpenSSH,1
MethodsSupport,1
byUICultureName,1
tablesort,1
feature.legendpsnativewindowstildeexpansion,1
alsostrongly,1
one.one,1
wewrite,1
isrunning,1
array.arrays,1
filesnew,1
12/2018,1
24936,1
formatget,1
configus,1
bespecified.the,1
improvementsmigrating,1
script.where,1
information.namesynopsissyntaxdescriptionrelated,1
gacskip,1
diverse,1
24949,1
characters.c,1
beused.xmlthe,1
ReportingWriting,1
pairs.you,1
whendata,1
1588,1
whichdisplay,1
Serverand,1
ParenExpression,1
Week,1
Fabric,1
24912,1
about_Windows_PowerShell_CompatibilityPowerShell,1
submatch.consider,1
declarationwindow,1
unsafe,1
12808processname,1
events01,1
GNU,1
AttributesValidateCountValidateLengthValidatePatternSpecifies,1
PSCodeProperty,1
asstring,1
nu1101,1
code.PowerShellThis,1
thoseare,1
andaccept,1
daterange,1
logic.powershellin,1
windowOn,1
tipif,1
options.as,1
type.add,1
filepath.In,1
myarray.add,1
languages.the,1
psitem.invocationinfo,1
fa1369cf1402computername,1
output.powershellsometimes,1
profileis,1
LanmanWorkstationRequiredServices,1
systems.however,1
yeung1sethvs1tommymaynard1new,1
ins.requesting,1
statement.outside,1
windowfrom,1
<!-- link references -->,1
DMTF,1
reply,1
beterminate,1
organizationalpurpose,1
thanks@fflaten,1
less.trailing,1
publishing.powershellif,1
about_ansi_terminalspsansiprogress,1
markdowninfoobject.get,1
24907,1
isignore,1
aswildcard,1
reference.updated,1
.3.2.3,1
comparisons.simple,1
NEWWhat,1
parameters.parameter,1
5ed06925,1
argument.powershelloutputhere,1
Software.The,1
issuesfunction,1
Docs.The,1
ProcGet,1
Well,1
Sqlcmd.PowerShell,1
started.added,1
netmicrosoft.powershell.sdk７,1
aliases.these,1
c2f.like,1
atPowerShellExplained.com.If,1
finishedprocessing.When,1
system.management.automation.provider.icontentcmdletprovider,1
addedto,1
used.related,1
wildcards.The,1
ands.StopServiceCommandWindows,1
bindings.powershell７,1
knownas,1
help.how,1
ConfigurationsUsing,1
control.examples,1
away.before,1
cmdlet.modulenameinstanceproperty,1
links.markdownlink,1
aboverule,1
OUTLOOKPS,1
<Prefix>,1
script.pathinstanceproperty,1
switchiteration,1
performpart,1
belt,1
view.wideentries,1
22365,1
handleassembly,1
manifestabout_psmodulepathimporting,1
there'sno,1
forctrl,1
iswhile,1
successfully.this,1
AlsoInvoking,1
appears.outputto,1
torole,1
@credsplatget,1
tablepsdiagnosticsﾉexpand,1
anycontiguous,1
bycheckpoint,1
UbuntuThere,1
2025remoterunspacepool01,1
Microsoft.f,1
errors.A,1
thisclass.text,1
serverlist,1
FileSee,1
lcm.beginning,1
restrictfunctionality,1
necessary.the,1
2026creating,1
areserialization,1
object.strict,1
parameter.You,1
WinVM1,1
platformsgithub,1
FileSystemInfo.LinkTarget,1
other.PowerShellSo,1
thecommand.In,1
implementation.in,1
redirectstandardinput,1
101of,1
arePress,1
command.explain,1
24971,1
OnlineGet,1
-2.345,1
need.powershelloutput,1
24977,1
samplehost06,1
too.when,1
accountname,1
bypowershell.almost,1
Records,1
samplehost05,1
samplehost04,1
infersfor,1
jea'if,1
CommonExpand,1
errors.a,1
shell.although,1
elements.If,1
24985,1
tableActionKeyboard,1
@kevritchie,1
attacks.automatic,1
errors.I,1
AnythingPSObjectResults,1
theSystem.Management.Automation.Cmdlet.WriteDebug,1
replace.powershellthose,1
definitions.customitem,1
CurrentVersionSet,1
specificproduct,1
jsontrace,1
ltless,1
replicationwhen,1
error.Is,1
best,1
cimsessionoption,1
environmentAdd,1
ObjectstartStart,1
relativebasepathparameter,1
administration.no,1
SelectionSetRequired,1
a-zindicate,1
aresyntactically,1
beta,1
svegmar11lanwenchpaula,1
setitemprotect,1
hashtable.powershellnotice,1
specifiedproperties.maximuminstance,1
24963,1
class.you,1
address.parentiddata,1
cleanremove,1
orsetvalueinvocationexception,1
qualitythe,1
psise.currentfile.encodingwindows,1
EmailCopying,1
<element name="helpinfo">,1
forcefunction,1
Samples.In,1
modulesazure,1
itempsget,1
System.Management.Automation.Provider.ContainerCmdletProvider.GetChildNames,1
ofpowershell.powershelloutputwhen,1
unprivilegedjeauser,1
theTableColumnItem,1
argumentsStart,1
NumberOfUsers,1
cvkeycd,1
SddlStringWindows,1
localgroupmembernet.exedsadd.exerisk,1
runner,1
communitycommunity,1
psobjectadd,1
TypesMilestonesbe,1
namesclass,1
forwildcard,1
ifmisused.a,1
blockshave,1
Singular,1
code.All,1
BadLogonCoun,1
sccm0,1
WmiMethodLimit,1
getsboth,1
server01powershell,1
PowerShellScenario,1
is.Outputcatch,1
AlsoUpdatable,1
740handle,1
progra~1/powershell/7/pwsh.exe,1
view.None.None.ElementDescriptionView,1
configuration.For,1
stringliteral,1
count.scopedata,1
classalso,1
object.Runspace11,1
byfence,1
examplethat,1
casethe,1
starttypeoutputlast,1
thesesolution,1
createTim,1
PowerShellOutputNotice,1
42workflow,1
methods.you,1
functionthe,1
dataThe,1
ShowThe,1
<param name="delta">,1
practicespowershell,1
KeywordColor,1
object.Runspace06,1
OutputCommandType,1
ServiceControllerOutputTo,1
pipeline.while,1
chord.powershellyou,1
assembly.this,1
calculation,1
localusernew,1
configurationmanager0,1
profilevariable,1
operatorsPS,1
present.BOMs,1
add_file_context_menu_runpowershell,1
beenreplace,1
ConstrainedLanguagemode,1
name.every,1
bypowershell,1
itattempt,1
literaldescription,1
toaccess,1
Microsoft.PowerShell.WhatsNew,1
HeadersDefining,1
accomplishedby,1
compiled.last,1
moreinformation.parse,1
tableRemarksPropertyName,1
Elapsed,1
scenario.the,1
profiletype,1
PSHome.lnkPowerShellOutputWe,1
scriptkeyboard,1
harddisk0,1
Tokenize,1
moduleuninstall,1
canvary,1
to79228162514264337593543950335,1
seehttp,1
approvedcontributor,1
5985https,1
wantreusable,1
data.WrapTables,1
dnsdomain,1
wscript.shellnew,1
issue.powershellthis,1
attributeThis,1
1603,1
appears.outputcreating,1
specifyliteral,1
Migration,1
mmacos,1
hosts.error,1
selectstrpssnapin,1
randomize,1
0consider,1
tableRemarksBy,1
ConfigurationExpressionBinding,1
commentswithin,1
change.changes,1
betruncate,1
attribute.calling,1
howcollection,1
likemanage,1
key.powershellgithub,1
1628,1
user.Windows,1
FilterHashTable,1
powershell.errordetails,1
Generalc,1
myStatus,1
PowerShellOutputNew,1
versionthat,1
weneed.PowerShellI,1
System.InvalidOperationExceptionPowerShellSo,1
bomutf8bom,1
manifestmodule,1
ProcessPipeline,1
yfind,1
HelpFileabout_Remote_Jobs,1
taskinformation,1
view.when,1
theReference,1
SYNOPSISdirective,1
it.Latest,1
matches.powershelloutputthe,1
perfect,1
scripts.keyboard,1
enter.1,1
AlsoListItems,1
descending,1
optionssystem.management.automation.actionpreference,1
preferable,1
localuserremove,1
re-engineer,1
openeddoctordns4diecknet1kagre1kexybiscuit1johnroos12021,1
ownerThe,1
Pros,1
commoncontrol.At,1
microsoft.powershell.coregroup,1
SyncEnter,1
finished,1
canonly,1
Prox,1
System.Management.Automation.Cmdlet.ShouldProcessSystem.Management.Automation.Provider.CmdletProvider.ShouldProcessThey,1
method.psscriptmethod.overloaddefinitions,1
provider.getdatatable,1
topics.The,1
forcommand,1
livewebsite.The,1
</command:verb>,1
RegRead,1
Backus,1
documentationcreat,1
NOCOERCION,1
on.A,1
Adialog,1
catchtry,1
openingbrace,1
1680,1
openedrokejulianlockhart2dsc,1
win32_networkadapter,1
withdifferent,1
enter.d,1
message?how,1
paper,1
enter.a,1
justthat,1
namespace.if,1
updatesrename,1
key.this,1
true.then,1
1.1.0.5,1
test1.ps,1
informationdrive,1
EmbeddedInstance,1
doubletangent,1
zlib,1
controlWhen,1
ksu6slaroyqvmeynvixadxsizpwdbigpaf,1
1684,1
remotingendpoint,1
them.for,1
nosuchprocess,1
manifest.outputyou,1
thissetting,1
theselect,1
System.Text.RegularExpressions.Regex.Ordinarily,1
uniquelyresolve,1
requests.git,1
youcreated.Of,1
ConsoleGet,1
block.for,1
group.powershellchoose,1
Credentialcmdlet,1
andMicrosoft.PowerShell,1
PowerShellExplained.com.Concatenation,1
filtering.powershell,1
followingparameter,1
share.Updatable,1
objectcmdlet,1
2019.12.0,1
followspowershell,1
on.e,1
studiohow,1
workingset,1
macoscompatible,1
AlsoWidth,1
openedalexandair1igoragoli1jmillerca1samb1uiolee11new,1
Jobabout_JobsStart,1
runtime.parameters,1
System.Management.Automation.Provider.IContentCmdletProviderinterface.This,1
subarray,1
script.all,1
ProcHow,1
platform.insert,1
window.C,1
position.XML,1
software_deletemenew,1
filescript,1
spoolerwarning,1
breakpointinactive,1
.3.16,1
row.elementdescriptiontablerowentry,1
common.As,1
Requestor,1
youprobably,1
statementstogether,1
TransactionWrite,1
displayed.powershelloutputthis,1
items.changes,1
checklistHave,1
PowerShellcmdlet,1
l81joshooaj1mklement05top,1
hostconnect,1
netusually,1
ÄÂ,1
SeniorDiscount,1
editions.get,1
1:10:57,1
asgranularly,1
33071884,1
assembly.an,1
NoteMore,1
allowedmainrebase,1
12:38,1
orlogical,1
cimthe,1
indicatedversion,1
unregisterpowershell,1
time.get,1
2025displayerror,1
PowerShellOutputName,1
required.when,1
servicethe,1
alcmodule.csprojusing,1
deploymentsenforce,1
system.management.automation.pssnapinclass.in,1
dependencies.last,1
Thissounds,1
charactertype,1
s_charactersrequiringquotes,1
a-v2tabad4new,1
ref.In,1
filefile,1
transcript.powershell,1
thetable.A,1
win32_computersystemyour,1
localizationGitHub,1
Thisexample,1
theSystem.Management.Automation.Provider.ICmdletProviderSupportsHelp,1
onlysupport,1
items.because,1
12:14,1
omiopen,1
abouthashtablessummarize,1
runtime.Cmdlets,1
usetransactionparameter,1
v3.xinstall,1
a-v2last,1
withinone,1
supported.execution,1
moduleinvoke,1
anypipeline,1
callscript,1
andassociate,1
first.PowerShell,1
ignorenew,1
manager.the,1
cmdlets.descriptioninstanceproperty,1
https://www.ecma-international.org/publications-and-standards/technical-reports/ecma-tr-84/,1
CautionNegative,1
sanity,1
can'trun,1
casual,1
slack,1
powershellinstalled?how,1
41904400,1
HasShutdownStarted,1
drivecd,1
errornounpparameter,1
content.incorrect,1
isplitdash,1
file.moduleinstance,1
19.38,1
11window,1
provideassembly,1
19.34,1
Gatekeeperchecks,1
PowerShellGitHub,1
column.alignment,1
@SufficientDaikon,1
functions.a,1
psversiontable.psversion.tostring,1
keyyou,1
inwikipedia.setting,1
theusage,1
ErrorsCode,1
behavior.The,1
twoaliase,1
FormatterAdditional,1
properties.psmethod.copy,1
sshsyou,1
CSVCSV,1
namepurposetype,1
MarquetteArray,1
NamedParameterNotFound,1
1..10,1
Markdowncommand,1
elementformatstr,1
minrange,1
why.use,1
therule,1
trusted.ﾉexpand,1
service.The,1
module.You,1
WindowsEnter,1
eachstr,1
compatibility.The,1
streamdescription1standard,1
ISE.Menu,1
<!--add cmdlet examples here-->,1
mrpsversion.ps1.powershellwhen,1
FileThe,1
extensiblefeedback,1
SaveIncrementallyHistorySearchCaseSensitive,1
CommonUnprotect,1
statementparallel,1
FalseHistorySearchCursorMovesToEnd,1
conflict.even,1
ofpipeline,1
ModuleNew,1
DefenderApplication,1
ElementHideTableHeaders,1
tablelabelimprovementquality,1
isrequest,1
userunspace,1
file.powershellfor,1
strings.arrays,1
sessionsimport,1
executionupdate,1
2025contribute,1
mayharm,1
about_parameter_binding,1
MicrosoftGet,1
assemblyto,1
use.prediction,1
array.powershellexperimental,1
performincremental,1
specified.deletedata,1
IdFileVersion,1
fortablecontrolrequire,1
cancreate,1
andwhere,1
listobject.add,1
thefilename,1
operator.the,1
PowerShellDirect,1
enoughinformation,1
used.The,1
andmodule,1
element'svalue,1
types.foreach,1
required.doesn't,1
docspowershell,1
feature.issue,1
ofpowershell.debugging,1
https://go.microsoft.com/fwlink/?linkid=138338"how,1
fset,1
iskind,1
@cmkb3,1
@tadas,1
329767.6.2,1
ProcessNamealias,1
BDomain,1
<param name="allprocesses">,1
concatenationpowershelldescription,1
463:7,1
inwith,1
exists.otherwise,1
total62204github,1
operation.n,1
operation.l,1
employee.id,1
operation.a,1
isconfigure,1
WindowsAfter,1
SubString,1
TipIf,1
CommonSync,1
thisinstance.An,1
event.we,1
native.dylibhow,1
seeparametersetname,1
ofmicrosoft,1
driveIn,1
folders.microsoft,1
DevelopersScript,1
configci,1
cmdletsmanage,1
WSMan.OutputThe,1
helloworldand,1
control.xmlcomponents,1
tableTag,1
likepwsh.exe,1
ReadInvoke,1
itbind,1
needed.powershellagain,1
Update?Why,1
1you,1
runtimes.PSScriptAnalyzer,1
DevelopmentGuidelines.PowerShell,1
18067.18,1
Microsoft.PowerShell.Workflow,1
foundus,1
parametersProvider,1
documentationupdate,1
openedﾉexpand,1
headingsdo,1
property.powershelloutputget,1
suggestsguideline,1
1024MaxAllowed,1
definedscript,1
entryname,1
SupportPowerShell,1
objects.control,1
hundredsof,1
now!last,1
assignment.the,1
module06,1
runafter,1
commoncontrol.in,1
results.the,1
helpcmdlet,1
variable.powershellall,1
sorting.therefore,1
formedsome,1
views.showerror,1
GUIDERegistering,1
psremotingwindow,1
win32_autogamemodedefaultprofile,1
WmiMethodGet,1
thinkabout,1
backgroundconsolecolor,1
frommicrosoft,1
system.security.principal,1
module.demonstratesthe,1
componentof,1
manifesto07,1
fordebugg,1
LibraryFor,1
administrators'start,1
everywhere,1
remotesigned.powershellset,1
icollection.a,1
doanother,1
produced.when,1
aiddevelopment,1
logs.powershellget,1
onlyComplete,1
modules.one,1
drivedata,1
mainupdate,1
DisableISE,1
PSTypeConverter.ConvertFrom,1
manner.for,1
changes.only,1
recursivesearch,1
powershelloutputpowershelloutputthese,1
ismore,1
type.powershelladding,1
convertersets,1
view.For,1
managementgroup,1
viewcomponent,1
ins.how,1
HideTableHeaders,1
error.an,1
about_remote_troubleshooting,1
get.filter,1
CultureCmdlet,1
apsrepository.i,1
externalhelpcomment,1
madden3hrxn2aberus1nickcox1kilasuit1glenn,1
inare,1
openedcertezalito1sethvs1chrisdent,1
doesn'ttreat,1
modules.PowerShellCheck,1
fancy,1
differentpossible,1
proficiency,1
containerfor,1
compatibility.there,1
specified.interactivedata,1
documentationrepository,1
Database,1
adaptersget,1
Exception`if,1
yourconnection,1
appears.outputignorecase,1
0xffffffff7fffffff,1
1744,1
three'arraylist,1
IIS,1
expected.every,1
sys.,1
shellsgeneral,1
powershellpackage,1
tooling,1
realizedwhen,1
policy.powershellrunning,1
copyof,1
example.inputs.outputs.notes.link.component.rolethe,1
Minute,1
examplesformatt,1
removal.compressedenumerationconstantthe,1
shThe,1
afilenotfoundexception,1
representation.for,1
inany,1
Safeguard,1
floatnanstatic,1
byprogram,1
tableThe,1
produceobject,1
parameterset.a,1
processMisplaced,1
CommandNotFoundExceptionImport,1
runspace.close,1
00104bd35090,1
clicks.first,1
creationthe,1
interface.overwriting,1
feedback5,1
session.powershell3,1
scriptinterpret,1
withoutthe,1
1768,1
Cmdlet７,1
cmdlet.declaring,1
cmdlet.job,1
file.gettype,1
message７,1
members.To,1
CopyPropertyCopyPropertyDynamicParametersThis,1
FileChild,1
suggestionsadd,1
modulestructure,1
center.xmlcreating,1
assembly.it,1
itcontain,1
informationsummary,1
type.session,1
recommendthat,1
Support.Homebrew,1
Thebiggest,1
GetterScript,1
cmdlet.PowerShellOutputTo,1
inall,1
multidimensionalarray,1
simple.separate,1
thosevalue,1
thedictionary,1
3.015625,1
information.finally,1
explorer.for,1
Microsoft.PowerShell.Diagnostics.dllassembly,1
GetVersionInfo,1
Cre...Remove,1
valueoccur,1
operatorsshift,1
thewildcard,1
oftenmanipulate,1
another.processing,1
system.management.automation.idynamicparameters.getdynamicparameters,1
couldinclude,1
isalway,1
LanguageConvertersﾉExpand,1
loadedbecause,1
managementmodulesAdded,1
declaration.C,1
patternsupply,1
Cmdlet.The,1
foundin,1
ExpressionInstead,1
server01invoke,1
OverviewPowerShell,1
autosize,1
introducevulnerability,1
Policy.The,1
MoveItemMoveItemDynamicParametersThis,1
ShellScripting,1
IPX,1
Syntax７,1
errorsto,1
system.management.automation.externalscriptinfo.this,1
HotFixRename,1
34500,1
onlyPackageManagementPowerShellGet,1
ref.if,1
Explorer.ENABLE_PSREMOTING,1
line.dynamic,1
helparticles.about_Automatic_Variablesabout_Execution_PoliciesSet,1
theoutermost,1
account.When,1
directoryseparator,1
alcmodule.cmdletspush,1
GroupByLeftIndent,1
@sharedParamsJEA,1
module.after,1
derived.microsoft.powershell.commands,1
private.you,1
onunix,1
cmdlets.nouns,1
operationvalidationmicrosoft.powershell.odatautilsﾉexpand,1
MyModule.dllBuild,1
thesystem.management.automation.provider.icontentcmdletprovider.getcontentreaderdynamicparameters,1
doublebase,1
cimsessionretrieve,1
scriptregister,1
System.Type.IsPrimitive,1
pipeline.powershelloutputone,1
isassociate,1
issuehappen,1
multiplemonth,1
2debugging,1
normalizing,1
haveWMI,1
operator.powershell,1
localgroupget,1
itrun,1
changesNull,1
thatprovider.the,1
anddecimal,1
CommunityDSC,1
Valueparameter.You,1
ry.management.commands.getadcomputer'dc01,1
runspaceconfiguration,1
bytes.previously,1
result.look,1
contact,1
#typically,1
anavigation,1
formats.this,1
setup.log,1
element.none.none.elementdescriptiongroupby,1
Open.In,1
febwork,1
documentationThank,1
stringsThere,1
descriptions.in,1
ialway,1
help.users,1
subpipeline,1
programmatically.a,1
theircode,1
EndRange,1
6.0.class,1
browser.for,1
intellisenseset,1
ImportSystemModules,1
rulesquality,1
actionshould,1
msionce,1
octoberﾉexpand,1
ISE.You,1
foundpowershell,1
system.management.automation.languag,1
intranet,1
deserializationwhen,1
toolsCostTo,1
higherYou,1
hostsamples.snap,1
Webcmdlets,1
alsoUbuntu,1
EUDCHKEY_CURRENT_USER,1
2025an,1
compatibilitynew,1
complete.writing,1
usemicrosoft.powershell.sdk,1
varioustask,1
version.You,1
Objectcmdlets,1
onlymicrosoft.wsman.managementﾉexpand,1
requiredassembly,1
mgmt,1
function_name,1
occurswhile,1
help1,1
distinguishedname,1
VirtualAccountGroups,1
KindPurposeHighEnumerationconstantThe,1
this.OnEscape,1
system.management.automation.pseventjob,1
ParametersProperty,1
name.there,1
figure1,1
function.if,1
scenarios.powershell,1
5namespace,1
usingpwrsh.exe,1
BITS,1
floatminvaluestatic,1
specialconditions.supporting,1
images.The,1
andmanipulate,1
4c1a,1
Records.Cmdlets,1
wasremovedname,1
thebinary,1
availableWindows,1
msiparam,1
from.for,1
macosthere,1
helpxml,1
DefinitionInstance,1
tableremarkswrit,1
overviewin,1
non-defaultvalue,1
blockus,1
vale,1
attacksuse,1
Teams,1
NoteDecimal,1
falsefrequently,1
added.c,1
opentimeout,1
issuesresponse,1
scenarios.powershelloutputget,1
theskipped,1
tooltip.windows,1
pscustomobject.if,1
27487.2.5,1
mercurial,1
ServicePackInEffect,1
markdownrenders.always,1
andbuild,1
config11,1
ProcessStop,1
examplessyntax,1
publication,1
byargument,1
PowerShellCreate,1
registered.each,1
powershellroledefinition,1
tasks.what,1
scheduleafter,1
HelpFileabout_Remote,1
SectionCustomControl,1
MarshalByRefObject,1
requirewindow,1
DataInstall,1
pipelinescmdlet1,1
requestswhere,1
nameduplication.for,1
theFunction,1
dc01stopp,1
var.,1
2025if,1
packageproviderinstall,1
2025id,1
blocks0,1
larger.at,1
expressionif,1
blocks2,1
filecontent,1
elevationon,1
parameterand,1
effectively.for,1
Polish,1
brandingguidelinesarticle,1
eachoperation,1
year.pull,1
Accessdata,1
createmodule,1
function.at,1
itself.powershell,1
stumble,1
pssessionconfigurationwindow,1
contentabout_Intrinsic_Membersabout_BooleansTop,1
TutorialSystem.IDisposable,1
tokenlist.getenumerator,1
members.in,1
sta...export,1
language.for,1
members.if,1
macOSInstall,1
ProcessIds,1
system.collections.generic.dictionary,1
strictnew,1
LifecycleSubmit,1
toc.updating,1
shell.powershell,1
usershave,1
diskcollect.ps1,1
togenerate,1
PowerShellListing,1
Unix.A,1
time.for,1
FileSecurity,1
codedotnet,1
fortablecontrolspecify,1
Destructor,1
settings.Key,1
ProcessMitigationPolicy,1
argumentfunction,1
andindicate,1
ListPredictionColor,1
19.82,1
AlsoEvents01,1
openedraghurocks31zhu,1
Broadcast,1
aeadisrvid,1
classnamespace,1
theFileSystem,1
debug.opendebug,1
surprised,1
tellexactly,1
server02stopping,1
FilesSee,1
profile.ps1user,1
errorset,1
right.LeftIndent,1
released.powershell,1
ScriptRuns,1
issimply,1
details.one,1
buildmicrosoft,1
written.uiculturename,1
stringdeclare,1
fthe,1
expressionsa,1
Declaration.Your,1
ComputerTest,1
notationscript1.ps1,1
UnsealSecurity,1
GroupByLabel,1
shell.azure,1
<merging-redirection-operator: one of >,1
aremodule,1
parametercolor,1
pagewhat,1
referencedby,1
Accidental,1
argumentcompletionsvalidatesetan,1
TimeoutSec,1
documentupdate,1
2023the,1
theDisplayError,1
view.wideentry,1
againsta,1
precedingcopy,1
comEnabled,1
postspowershell,1
theparameter.PowerShellYou,1
slower.variations,1
machineprocess,1
tagsthat,1
upgrade.authenticationpowershell,1
identitywithout,1
one.here,1
tools.To,1
ObjectStart,1
AlsoLoading,1
finished.within,1
19.57,1
specified.strictdata,1
historyi,1
81.65,1
expressionps,1
command.version,1
newfunctionality,1
powershellfixcomment,1
mergedvisiblecmdlet,1
wayshort,1
shared.dependency.dll,1
sbyteuint16,1
arrayexpression,1
parameter.globbingif,1
object.however,1
discardedand,1
PSPath.PowerShellThe,1
2025reviewreferencesappendix,1
AdministrationArticle,1
Unicode.GetString,1
folderstring,1
updatebrew,1
thelabel,1
usedcontent,1
PowerShellSnap,1
shares.powershelloutputprovidersget,1
delegationprosconswindow,1
1860,1
DiagnosticPop,1
before.OutputThen,1
10.6010.60,1
called.confirmation,1
existingexception,1
trappable,1
0.5.4,1
haveaccess,1
match.powershellfor,1
dhcpenable,1
referencedin,1
undetectable,1
subdirectory.C,1
shouldbegin,1
entirepowershell,1
yournamespace,1
blockdo,1
credentials.add,1
2025vs,1
Enums,1
manifestafter,1
conversion.explicit,1
enabled10,1
</helpcontenturi>,1
cmdsusing,1
implementingthe,1
andeliminate,1
expansions.examples,1
Cefalu124robdericksonRob,1
usageheaderscode,1
GetAccessMask,1
this.getmatchingprocessesbyname,1
PowerShellAdvanced,1
filteringps,1
powershell.integratedconsole.showonstartup,1
detailsabout,1
scripting.filesystemobject,1
122934034432,1
bullet.child,1
remoting７,1
orother,1
RenameItem,1
requirepowershell,1
required.microsoft,1
dynamic_code_module,1
FunctionsThis,1
parametersincreased,1
@paulhigin,1
ocgen.log,1
asystem.management.automation.invocationinfo,1
system.diagnostics.process.handlecount,1
notmatchdo,1
whichinclude,1
PROFILE.CurrentUserCurrentHost,1
tabletagdescriptionpsedition_corecompatible,1
enumeration.powershellbadenumeration,1
PowerShellMatching,1
forCustomView,1
blockan,1
toname,1
recommendedthat,1
aresolve,1
unusable,1
controladd,1
asubset,1
393.56,1
windowsfeature,1
preview.to,1
PortableModules,1
expressionsinvocation,1
stream.C,1
ParsedHtml,1
detectionpowershell,1
newer.powershellthis,1
nodebegin,1
paneundoctrl,1
stringdesignate,1
modulesmicrosoft.powershell.crescendomicrosoft.powershell.secretmanagementmicrosoft.powershell.secretstoreplatypspsscriptanalyzerworking,1
openedrokejulianlockhart1mohitnarang1aberus1update,1
don'tuse,1
issues.first,1
globaltool.shthe,1
types.xmlparent,1
ipconfiguration,1
ExtensionWrite,1
objectconvert,1
standardsAdded,1
untitled,1
show.powershelloutputthis,1
wip.after,1
follows.powershelllast,1
use.directoryenumerationconstantthe,1
scriptDisplay,1
ormachine.powershelloutputuse,1
maycontent,1
variablenumber,1
integershave,1
getprocesssample01folder,1
<tableheaders />,1
ScriptLineNumberwhere,1
iseThe,1
exceptionbasic,1
ItemPropertywith,1
pipeline.invoke,1
about_PSReadLine,1
10635,1
StartPing,1
acombination,1
myactivity,1
code.creating,1
0x800080,1
builtus,1
quiet,1
preview７,1
actionshow,1
objects.system.management.automation.cmdlet.invoke,1
documentationHow,1
values.length,1
22621,1
ConsoleWindows,1
deselect,1
alcmodule.engine.csproj,1
alsoextend,1
CommandPalette,1
featuresto,1
1.0.1,1
JobTrigger,1
it.variations,1
confront,1
help.xmlfunction,1
newvariable,1
typesbecause,1
stringand,1
forTableRowEntrySpecifies,1
scriptnamec,1
expect.the,1
nullThere,1
intersection,1
files6,1
Thename,1
mode.software,1
featuresus,1
snapdthe,1
LogsGet,1
macOSTest,1
account.email,1
MarkdownThe,1
startup.avoid,1
unspecified.an,1
sleeptee,1
ParametersSupport,1
delegationproscons７,1
for?Who,1
dimensiongetlength,1
win32shareprocessnotice,1
nestedhashtable,1
bool.examples,1
notefrom,1
multi-target,1
content.get,1
does.installing,1
ControlsViewSelectedBy,1
defined.script,1
approval,1
microsoft.powershell.commands.genericmeasureinfo.the,1
MyCompany,1
host.system.management.automation.host.pshostuserinterface.prompt,1
startupTo,1
classes.most,1
linepredictor,1
JSONSome,1
preventingfilesystem,1
goingforward.i,1
workedcode,1
2025strongly,1
thenamespace,1
fileus,1
location.in,1
psstyle.foreground.cyanchoosing,1
JunTop,1
ListReformat,1
scriptsplann,1
featuresit,1
SignedWindows,1
variablesremove,1
powershellthen,1
ExecutionContext,1
3218out,1
andImport,1
installingrm,1
onlyconvert,1
file.powershellhow,1
intentionallylimit,1
BinaryDate,1
changes.for,1
2025psprovider,1
19044,1
classwith,1
person.state,1
property.powershellif,1
servicedepends.PowerShellStatus,1
19042,1
NameofDotNetType,1
pipelinewhen,1
searchstability,1
improvementsCmdlet,1
system.On,1
17ec,1
conjunction,1
run?does,1
startupIf,1
process.writing,1
reminder,1
DMatches,1
jsonchoose,1
colorized,1
protocoladministration,1
object.psmemberset.tostring,1
checkswhether,1
tableelementdescriptionselectioncondition,1
improperlyconfigure,1
preview1,1
article.Variations,1
preview6,1
asystem.management.automation.psobject,1
filterscause,1
system.You,1
20014,1
redirectedto,1
system.management.automation.providerinfo.this,1
http://www.fabrikam.com/help/myfunction.htm,1
stepsIn,1
methodwrite,1
20017,1
only.another,1
chapter.use,1
Windows.Beginning,1
CounterMicrosoft.PowerShell.ManagementAdd,1
performeda,1
redraw,1
length1,1
process.powershelloutputthe,1
functionality.specify,1
drive.powershell,1
unspecified.if,1
cmdlet.system.management.automation.cmdlet.processrecord,1
Theyare,1
onlymove,1
pairwith,1
featuresof,1
quirk,1
system.diagnostics.fileversioninfo,1
CorePSCompatibleVersions,1
endpoint.when,1
generous,1
command.powershell01,1
ZIPmethod,1
Yo`u,1
andraspberry,1
loadedin,1
featuresor,1
Server.OutputA,1
builtin,1
Apple?Matches,1
8millisecond,1
460.16,1
w32timestop,1
openedrkeithhill2juvtib2settrend1rob,1
unapprovedscript,1
modulessubdirectory,1
dscconfigurationstatusget,1
transactioncmdlet,1
Jay,1
creation.labelprojectproject,1
IncludeTypeInformation,1
KDC,1
aboutscript,1
powershellmodule.how,1
powershell'false5,1
view.using,1
FCSAM,1
andusually,1
is7.4.0,1
codefunction,1
hashtablet,1
awarethat,1
SampleNestedModule.dll-help.xml,1
array.count,1
2020article,1
typechar,1
warningpreference,1
packageto,1
system.In,1
bereus,1
WarningFor,1
namedcommand,1
Istarted,1
withparametersus,1
PSDrive.Import,1
1903,1
example.add,1
used.If,1
andimprove,1
3write,1
aScriptBlock,1
aresave,1
abouttypes.ps1xml.code,1
endpoint.PowerShellOutputRun,1
alsohelpinfo,1
modulesGet,1
264.389544720926,1
RegistryProvider.ProviderName,1
RunspaceId,1
auggithub,1
notestarting,1
1920,1
wasrarely,1
samplemodulemanifest,1
createyour,1
myvmpressing,1
gotcha,1
cmdletsystem.management.automation.cmdlet.beginprocessingsystem.management.automation.cmdlet.endprocessingsystem.management.automation.cmdlet.processrecordwriting,1
edit.when,1
topics.helpinfo,1
method.from,1
higherprecedence.the,1
onlyPSWorkflowWindows,1
forhold,1
them.cmdlets,1
requestadditional,1
theRightArrow,1
FunctionGlobalGlobal,1
GetCurrent,1
quickly.Here,1
filescommonw6432dir,1
loop.powershelloutputfor,1
api.create,1
TutorialSelectStr,1
0x06de00,1
scriptStop,1
thrownA,1
isgrant,1
nullsystem.voidout,1
uint6,1
typesystem.management.automation.switchparameter,1
installationmethod,1
-120-10.300,1
remotingdure,1
@RemoveSplatSupportsShouldProcessBy,1
iscontroll,1
folder.generally,1
ClassLast,1
ObjectEventRemove,1
recommended.last,1
65541357568,1
appropriately,1
asuser,1
thedescription,1
HideEnable,1
@gamemicrowave,1
articlesabout_Jobsabout_Remote_Jobsabout_Thread_JobsGitHub,1
Mode.To,1
fileWhen,1
LoadAssemblyFromNativeMemory,1
ExpandPath,1
DescriptionExample,1
thedescription.prerequisites,1
connectioninformation,1
For...Get,1
gamedvr_honoruserfsebehaviormode,1
premise,1
outputｐconceptredirecting,1
accountThe,1
controversial,1
TipFor,1
highernotedisable,1
exception.if,1
nameerroraction,1
targetensure,1
CommonRepair,1
AttributeDeclaration.ValidatePattern,1
CodeDebugging,1
yceilingstatic,1
games1indent,1
newgroup.propertyname,1
protected.pfx,1
psitem.scriptstacktraceat,1
effect.yes,1
alongand,1
availablewinget,1
rolesthey,1
new2026,1
teaching,1
parameter.powershelloutputget,1
7ｈWHAT,1
EmphasisColor,1
AdminsComputeraccountDomain,1
providercapabilities.transactions,1
withassembly.loadfile,1
wildcardexpression,1
Lifecycle.Ubuntu,1
streamsuse,1
changesinstaller,1
ComputerSet,1
settingsusing,1
manifestthe,1
minutes.you,1
WarningUsing,1
shift+p,1
ornumeric,1
microsoft.powershell.utilityget,1
methodexamplesﾉexpand,1
useful.if,1
everpossible,1
TableControlTableRowEntries,1
filesprogramw6432dir,1
compatibilityfor,1
#Pre,1
psise.currentfile.save,1
system.management.automation.functioninfo.whereas,1
Like,1
cmdletproviderattribute.c,1
doingmultiple,1
23496.08,1
suggestionacceptsuggestion,1
powershell.powershell,1
mymodule2,1
listssudo,1
PowerShellHyperlinksBy,1
PassThruHandles,1
withoutknow,1
ble4yecril71pl2chadmando2gigascratch11rbleattler1spjeff1adamdriscoll1manuelcarriernunes1michelangelobottura1dmpe1kamilpacanek1settrend2no,1
@codecyclone,1
location.to,1
thanks@sba923,1
York,1
alias.resolvedcommandinstanceproperty,1
paths.ﾉexpand,1
calling.You,1
ofArgumentNullException,1
andmanage,1
powershell-7.5.7-osx-arm64.tar,1
isdone.some,1
2025example,1
licensingpowershell,1
system.By,1
comesfrom,1
levelslimit,1
administrator.once,1
Wiki,1
PowerShellModule,1
1003.2,1
schemadocument,1
reg_binary,1
designatesan,1
8out,1
WdiContext,1
isintend,1
vmickvpexchangeServicesDependedOn,1
inputrequirement,1
subredditPowerShell,1
wildcardcharacters.RequiredIf,1
version.milestonedescription,1
PowerShellformat,1
19108,1
PowerShellOutputSet,1
point.type,1
checklistarticle,1
19117,1
20100,1
19111,1
hc1hotcakex1pmsjt12024,1
1enter,1
bill,1
foryou.powershellthis,1
Filesand,1
helpgetting,1
ElementsNameSyntaxParameter,1
completionprioritize,1
parameterGitHub,1
bios,1
parameters.this,1
EnvironmentHKEY_CURRENT_USER,1
samething,1
wiki.You,1
globalvariable,1
failureaudit,1
Booleansettings,1
itemnotfoundexception,1
Jun,1
myinvocation.mycommand.scriptblock.module.onremove,1
TableControlScriptBlock,1
tableElementDescriptionViewSelectedBy,1
filepwsh.profile.resource.ps1,1
HarmfulConclusionReferencesLimitations,1
administratormay,1
tableRemarksCustomItem,1
nextkey,1
PowerShellOutputThis,1
AutomaticStatus,1
structureselect,1
detailsunloading,1
5positional,1
Variablesvariable,1
Memberfor,1
1.1.0,1
ParserErrors,1
<!--add syntax information here-->,1
shown.if,1
anytext,1
Deploy,1
ProcessDeclaring,1
issupport,1
thatdesignate,1
psmoduledotnet,1
branchcontain,1
onlyMicrosoft.PowerShell.ArchiveMicrosoft.PowerShell.CoreMicrosoft.PowerShell.DiagnosticsWindows,1
apassthru,1
amock,1
itindicate,1
userscan,1
way.powershelli,1
thesystem.management.automation.provider.navigationcmdletprovider.getchildname,1
strings.powershellfunction,1
generatedata,1
perfectmatch.the,1
operations.exampledescriptioninvoking,1
executables.shouldprocess,1
tooperate,1
MicrosoftAccess,1
solution.powershell,1
PipelinesGet,1
23270:2006,1
</codereference>,1
adult'switch,1
BOMis,1
theoptional,1
safe.powershell,1
InitialSessionState.Create,1
workflows.the,1
we'reconvert,1
feature.at,1
Portability,1
19190,1
19193,1
forcustomization,1
tochase,1
implementationdefinedthe,1
uninstall.setupinvoke,1
WinForm,1
exitingactionkeyboard,1
isposition,1
use_mu,1
psitem.scriptstacktraceps,1
code.cmdlets,1
manifest.writing,1
nameprimary,1
thejavascriptserializer,1
methodinvocations.for,1
StringDatacommand,1
DeclareDynamic,1
row.label,1
openedjoshua,1
thisproperty,1
3.powershellwrite,1
searches.c,1
19179,1
19178,1
MyScriptModuleCommandType,1
operatorsbitwise,1
BackupGroup,1
UseSecureString,1
19171,1
viewformatting,1
exception.these,1
oktest2,1
types.ps1xmlsystem.management.automationwriting,1
microsoft.powershell.coremodule,1
typeand,1
cloning,1
object.array,1
instancecopy,1
PSSession.In,1
openedradkedan2new,1
System.Stringvalues.To,1
TypeInformation,1
hostedover,1
specifiedtype,1
element.None.ElementDescriptionDisplayError,1
view.To,1
s1shaydenofziger1skycommand1juvtib8iron72l,1
andproduce,1
thelockworkstation,1
class.powershell,1
openedehmiiz98chadmando1baardhermansen1skycommand1mklement03peetrike2new,1
20144,1
literalsyntaxsyntax,1
endpointunregister,1
definitions.for,1
19152,1
.5.2.7,1
Advisory,1
.5.2.3,1
secureyour,1
.5.2.1,1
servers７,1
GetChildItemsDynamicParameters,1
MarkdownUse,1
psstyle.foreground.brightmagenta,1
psstyle.foreground.brightyellow,1
20112,1
powershellcommandresults.add,1
manifest.in,1
lostin,1
#actual,1
ListEntryListEntries,1
Istill,1
itreturn,1
distinctcharacter,1
toconstruct,1
http://www.opengroup.org/onlinepubs/000095399/basedefs/xbd_chap09.html.ecma,1
anoption,1
linebefore,1
therequire,1
locationsin,1
punctuation.have,1
helpsIT,1
ifrestriction,1
delegatedadministration,1
parameterssyntaxthere,1
theWMI,1
list.Prior,1
cmdlets.get,1
8per,1
name2.0.5noteconfigurationget,1
interpreting,1
sized,1
tags.for,1
psremotingenter,1
or'c,1
andinclude,1
branching,1
TimeSummaryReviewReferencesNext,1
patterns.for,1
moderate,1
ElementsElementDescriptionTableColumnHeader,1
functions.there,1
lanmanworkstationCloseError,1
openedsurfingoldelephant52taku,1
view.In,1
Communityresources.The,1
multiplewideentry,1
run.in,1
<codemethod>,1
classes.to,1
WarningDangerous,1
pipeline.getprocesssample04,1
toolsterminalsterminal,1
aunique,1
driversare,1
helloworldhelp.dll-help.xml,1
ituseful,1
objbios.serialnumber,1
FileThis,1
pipeline.expression,1
ProviderOverview,1
win32_directory,1
capabilities.C,1
linecontinuation,1
ofViewOptional,1
passwordsfunction,1
mymodulename.psd1sample,1
ForTableColumnHeader,1
thegetter,1
arestill,1
intfunction,1
displayed.formatting,1
ifrequently,1
multipleselectionsadd,1
withunapprove,1
powershell-7.6.2-win-arm64.zip,1
requestsnext,1
PSSessionReceive,1
andcanstop.powershellname,1
filesyou,1
0x80070005,1
onlymicrosoft.powershell.operation.validationwindows,1
cmdlet.store,1
Win32_DeviceChangeEventWin32_SystemConfigurationChangeEventWin32_VolumeChangeEventWin32_SystemTraceWin32_ProcessTraceWin32_ProcessStartTraceWin32_ProcessStopTraceWin32_ThreadTraceWin32_ThreadStartTraceWin32_ThreadStopTrace,1
powershellcommand.addscript,1
debiansource,1
CommonGrant,1
AppEventsHKEY_CURRENT_USER,1
1:53,1
tableOther,1
system.management.automation.provider.ipropertycmdletprovider,1
more.displayerror,1
roughly,1
property.issettable,1
job.much,1
listusing,1
127.212,1
theRunAsUser,1
synopsisto,1
filean,1
linkdirectly,1
fileat,1
hasread,1
objects.none.formatting,1
filledwith,1
Calendar.This,1
1008can,1
mod...about_arithmetic_operators,1
returnall,1
problem.how,1
FeaturesControl,1
Kit,1
publiccontributors.labels,1
areload,1
information.debug,1
SecurityError,1
features.installs,1
openedalvynskio1bergmeister1bushero1lewis,1
columns.powershelloutput,1
completioncompleters.completefilename,1
<samaccountname>,1
openedariehein5abeu11ﾉexpand,1
toadapt,1
ShowScript,1
scopeVariable,1
toscroll,1
can'tchange,1
typetype,1
theSystem.Management.Automation.PSSnapIn,1
Credentialparameter.When,1
invocations.start,1
actionoccurs.In,1
module.renamed,1
thesystem.management.automation.provider.containercmdletprovider.getchildnames,1
@newitempropertysplatbinarydate,1
commands.adding,1
functiontabexpansion2,1
script.Syntax,1
accessdbcontentreader,1
handlednatively,1
items.labelpriority,1
myhashtablelegacy,1
ConfigurationNewLine,1
receiveupdate,1
aliases.cmdlet,1
2025configuration,1
19092,1
help.if,1
cmdlets.PowerShellOutputTo,1
BreakpointsPowerShellDisabling,1
shell'power'sql,1
compatibilityﾉexpand,1
dsclocalconfigurationmanagerstart,1
data.hidetableheaders,1
arePowerShell,1
20084,1
sets.start,1
pattern.here,1
includingupdate,1
thepipeline.PowerShellSee,1
method.pscodemethod.typenameofvalue,1
Corporation.After,1
historyseparating,1
relation,1
pane.tab,1
444confirmare,1
scenario3.ps1transcript,1
Attacksand,1
easethe,1
location.last,1
openedkvprasoon2jerprog1aamnah1betalyte1thencuber1trollyanov6tarjei,1
calculatorapp.exe,1
non-unicode,1
websiteyou,1
multiplatform,1
cautionthe,1
format.powershelloutputgetting,1
toward,1
propertiesETS,1
elementdescribe,1
togetherChange,1
windowsquality,1
theSystem.Management.Automation.Runspaces.SessionStateFormatEntry,1
cmdletentry.visibility,1
MyFile,1
statement.inside,1
SepTop,1
boolt,1
directory.In,1
LoginDisconnect,1
openedamkhrjee1xtqqczze13aliwoto12mklement03new,1
failin,1
automaticallyadd,1
Whenan,1
patterns.stopprocesssample01,1
quickreference,1
9662.59375,1
methodsabout,1
topic.beginning,1
sql03powershellin,1
webthreatdefsvcServicesDependedOn,1
thesecond,1
AlsoInvoke,1
ObjectCateg,1
qctray32,1
attributePowerShellThis,1
property.referencedmembername,1
ForceTest,1
functionsuse,1
helpwith,1
view.tablecontrol,1
NoteMany,1
commandthat,1
information.warning,1
8.11,1
8.12,1
PSDriveNew,1
testobject,1
fileif,1
torightctrl,1
thetaskbar,1
con...foreach,1
PSResource,1
foreveryoneavoid,1
getprocesssample02folder,1
exceptionsus,1
interface.Dynamic,1
doublesine,1
10outputthe,1
filein,1
tableProject,1
JobSuppresses,1
17/2018,1
ofsystem.collections.specialized.ordereddictionary.the,1
longavoid,1
maxvalue9223372036854775807for,1
cmdlet.system.management.automation.cmdlet.endprocessing,1
Char.IsLetter,1
defaultfolder,1
MicrosoftSDKs,1
name.powershellspecifies,1
ssh.make,1
modules.when,1
Microsoft.PowerShell.PlatyPS,1
help.ps,1
keywordsUse,1
xWindows,1
sdktest,1
processorsto,1
modulesFor,1
isPowerShell,1
outof,1
provider.powershelluse,1
tablelabelrelate,1
remotingscenario,1
2025other,1
nouns.the,1
19224,1
angleexpstatic,1
19227,1
20212,1
8.58,1
useremote,1
12/16/2017,1
adminsauditing,1
annotate,1
FileSystemformatting,1
supported.For,1
Valueshave,1
ElementEntrySelectedByTypeName,1
issuebuilding,1
filesystem.format.ps1xml,1
requirementsthe,1
beretrieved.issettable,1
effective.typically,1
thatdisplay,1
permita,1
pipelineof,1
for.powershell,1
versionYou,1
PowerShellresult,1
box.feedback,1
<eventdata>,1
becausethe,1
Visibility.This,1
computerusually,1
ScriptGet,1
0xfffffff5,1
19205,1
recompilation.the,1
stopprocesssample02folder,1
script.a,1
HtmlConvertTo,1
FileOut,1
adisconnected,1
script.C,1
Youalso,1
expandingenumerate,1
cmsmessagethe,1
ExperienceStatus,1
1.212,1
request.certserialnumberdata,1
aboutcreat,1
0xffffffff,1
19215,1
string.member,1
cmdlet.timeoutdata,1
unlimited,1
Itallows,1
command.parametersetsinstanceproperty,1
20207,1
activity.for,1
0xfffffffe,1
violationsdo,1
0handle,1
automation.wikipedia,1
ServiceInvoke,1
book.to,1
ActionScope,1
automaticallyload,1
atext,1
set.properties,1
tolive.the,1
DisplayStatus,1
moduledirectory,1
about_logging_windows,1
MAML.Markdown,1
cmdlets.updated,1
71836,1
improvementsseveral,1
usedthe,1
displayed.c,1
Afterheader,1
underHKEY_LOCAL_MACHINE,1
syntax.cspell,1
WmiObjectInvoke,1
nofurther,1
2025ｕ,1
202.3,1
psdrivemvmove,1
thesystem.management.automation.provider.idynamicpropertycmdletprovider.removepropertydynamicparameters,1
introducedin,1
VerboseVERBOSE,1
thedriveDescriptionInstance,1
thiserror,1
AppLog,1
Acommon,1
syntaxnode,1
position?nan,1
Gallery.Community,1
thePSPropertySet,1
pickermultiple,1
spellingensure,1
themicrosoft.powershell.commands.testpathcommand,1
1.2.4,1
PowerShell.DESCRIPTION,1
InvalidCommandNameCharacters,1
TableControlSelectionSetName,1
objectcontain,1
notewhile,1
<en-US>,1
processes.powershellthe,1
passedif,1
EngineEventNo,1
<article-name>,1
newwsmanconnectioninfo,1
valuesfrom,1
passedin,1
blocksimplest,1
parameterswith,1
NameDescriptionCertificateCert,1
tableElementDescriptionListEntry,1
workaround.using,1
tablePR,1
locationbecome,1
MaximumHistoryCountPattern,1
41787920totalvisiblememorysize,1
ShouldProcessHow,1
theTasks,1
releaserelease,1
todemonstrate,1
betweenthe,1
Official,1
bitoperate,1
store.changereset,1
tableOS,1
class.system.management.automation.runspaces,1
20276,1
Hashtableis,1
membersextend,1
kerberos,1
19281,1
ProcessKnowing,1
PowerShellModule.You,1
credsplat,1
2025c,1
sendsan,1
computersconnect,1
@sessionParamsPowerShellFor,1
19298,1
20286,1
objects.this,1
StartName,1
frameworkversion,1
doublecosine,1
dc01server,1
beforesend,1
monthcontent,1
CsvAllow,1
thesesquare,1
becausecurrentpowershell,1
system.math.type,1
callsystem.management.automation.cmdlet.writedebug,1
methods.properties,1
orworkstationlocal,1
keys.powershellaccessing,1
9365296freespaceinpagingfile,1
tableTo,1
PSAnsiRenderingFileInfo,1
asynchronously.using,1
Reset,1
NativeFallback,1
20267,1
exactly.modifieddata,1
operatorsin,1
20263,1
alertmake,1
nullprinting,1
usefulif,1
verbosewrite,1
extendedlog,1
valuescript,1
exceptionthe,1
19249,1
applicable.as,1
elementsare,1
CommonStop,1
-4340-9f6c-3b832646bf87,1
media/overview/introduction.png,1
theendprocess,1
functiondesign,1
morecomplicated,1
condition.normally,1
2026ignorecase,1
dictate,1
PowerShellrelease,1
remotingtask,1
BootStop,1
timeto,1
19252,1
theSet,1
Standards,1
sensitive.this,1
command.application,1
both.specifying,1
computer.powershelloutput,1
homedirectory.we,1
non-filesystemprovider,1
thispurpose.PowerShellYou,1
rmdirrmRemove,1
breakit,1
ofdomain,1
docsconceptual,1
developersto,1
isequivalent,1
ItemSetItemDynamicParametersThis,1
PowerShellCopying,1
remotingFor,1
5:48:30,1
providerpath.item,1
seesystem.management.automation.validatelengthattribute.to,1
theformat,1
templatesnew,1
value.key,1
users.design,1
attributes.parametersetname,1
DefinitionSearch,1
trackingmetadata,1
installation.install,1
thistutorial,1
aremaintain,1
differentlyon,1
optionalwhen,1
clauseexist,1
MIT,1
sccmenable_mu1,1
key.windows,1
Lexical,1
canenumerate,1
@parameterstest,1
240starttype,1
wheretrail,1
displayedtypename,1
exprdata,1
fontpreference,1
channels.what,1
anexternal,1
System.Management.Automation.FunctionInfo,1
CautionDo,1
NumberOfLicensedUsers,1
advertisement,1
PrintersHKEY_CURRENT_USER,1
Verbscreate,1
localgroupmember,1
dialogin,1
NoRunspaceAffinityattribute,1
thankmike,1
aredisplayed.itemselectioncondition,1
person.remove,1
havemultiplier,1
letters.multipliermeaningexamplekbkilobyte,1
195.19,1
providedin,1
commandchange,1
view.listentries,1
class.step,1
2025helpinfo,1
changesSupport,1
script.parametersinstanceproperty,1
documentation.concatenation,1
supported,1
section.powershellusing,1
preventaccess,1
cmdlet.PowerShellIf,1
alsodesire,1
ApplicationOutputThe,1
lost.a,1
terminfo,1
ecmascript,1
numbersfalse10,1
errors.PowerShellThe,1
numbersfalse15,1
powershellcommand.streams.error,1
webthreatdefusersvc_644deservicesdependedon,1
directory.to,1
183.10,1
mentally,1
predictwhat,1
this.now,1
computer?enter,1
faster.ps,1
methodssystem.management.automation.cmdlet.processrecord,1
reopen,1
WMIWindows,1
URLsSimplify,1
sameattribute,1
environmentcomputer,1
toassign,1
xremove,1
Access_Enumerationabout_Module_ManifestsHow,1
revisionsto,1
Form.Copy,1
h1.remove,1
AlsoHost05,1
followingaliase,1
AlsoHost03,1
AlsoHost02,1
tab.Next,1
friendly.primitive,1
tablecredsspfor,1
tableIn,1
MOF,1
only.When,1
locking,1
makedestructive,1
commands?in,1
<codeproperty>,1
WindowsThe,1
https://github.com/powershell/powershellusing,1
charminvaluestatic,1
newpath７,1
andcontain,1
configurationdrop,1
charactersare,1
Input.An,1
CommandNameparameter,1
VBThe,1
folders.powershellbuild,1
auditinghistory,1
removed.BasicHtmlWebResponseObject.Headers,1
RoleWhen,1
omiwsman,1
accuracyreplace,1
currentline,1
operatorsub,1
SoftwareHKEY_CURRENT_USER,1
CatNAME,1
path.content,1
repository.nano,1
theclient,1
TrueOutputThe,1
azurerm,1
WorkingSetadd_Disposed,1
promising,1
AsyncMacState,1
successfully.winrm,1
completersinterview,1
mycommand,1
ProcessNew,1
truncated.configuration,1
2025explicit,1
block.all,1
thisdiscussion,1
psversiontable.psversion.major,1
preconfigure,1
determined,1
prevail,1
7Update,1
statementThe,1
thebreakpoint,1
quickly.powershellpowershellthis,1
module.imagine,1
anextendedtypesystemexception,1
thantoo,1
oralphabetic,1
topics.syntax,1
Thedescription,1
someautomatic,1
collectionidictionary,1
andsystem.management.automation.cmdlet.writeerror,1
201991.06,1
view.tablerowentries,1
linkfix,1
internalrepository,1
dSCorePropagationData,1
driftdeploy,1
tar.gzbits,1
file.take,1
LogData,1
PowerShell.Last,1
ofkey,1
XMLFile.PowerShell,1
ProcessCmdlet,1
uniqueposition,1
CallSite,1
openatop,1
bothboxes.the,1
yourdomain,1
directory.in,1
790.01,1
tableElementDescriptionWideControl,1
Afteryou,1
ViewSelectedByTypeName,1
generateidentifier,1
usespowershell,1
theRun,1
powershell.powershelloutputget,1
getsexecute,1
scope.script,1
samewildcard,1
class７,1
acceptsthem,1
3falseps,1
improvementsbuild,1
unintentionalexecution,1
onparameter,1
MarkdownThese,1
name.here,1
respectively.there,1
IgnorePatternWhitespace,1
orcustom,1
ModuleWARNING,1
conversions.type,1
changedata,1
thesystem.management.automation.errorrecord.exception,1
dashdashmember,1
configurationsSecurity,1
instead.creating,1
subkey.furthermore,1
</command:noun>,1
contentcatget,1
01atx,1
AlsoSystem.Management.Automation.Cmdlet.ThrowTerminatingError,1
table.rows.insertat,1
totemporarily,1
DataTableColumnItem,1
Policy.What,1
releasequality,1
MVP,1
imported.there,1
</lastname>,1
inert,1
wildcardsps,1
éThis,1
astring.powershell７,1
Foo`ad,1
singlecommand,1
ithappens.There,1
modulecopyright,1
onetype,1
somehardware,1
EnumerableExpansionTypeName,1
characterand,1
elements.none.none.schemasyntax,1
months.while,1
andvaluefrompipeline.a,1
later?can,1
objects.powershelloutputthis,1
20330,1
datagridviewcontrol.runspace03,1
19343,1
Values.Here,1
vmicvssServicesDependedOn,1
Thecomparison,1
versionimproved,1
myrandomdirectory,1
0xe20x80,1
performanceconsiderationspowershell,1
element.none.elementdescriptioncustomcontrol,1
certadd,1
system.management.automation.psobjectobject,1
20340,1
az.tools.predictor,1
@newpssessionconfigurationfilesplatregister,1
Microsoft.PowerShell.Commands.Internal.Format.FormatEntryDataName,1
outputusing,1
Standardrepository,1
createdtargetobject,1
idleget,1
event.our,1
CodeImproved,1
session.installing,1
ServiceCommandExceptionSee,1
importantsome,1
content2023,1
content2025,1
psise.options.outputpanebackground,1
https://go.microsoft.com/fwlink/?linkid=001122,1
codesigningcertlocation,1
cmdlet.overwriting,1
2026chapter,1
credential.when,1
writablelocation,1
updateitsoftware.ps1,1
dscresourcefind,1
typematching,1
reader.dispose,1
get...invoke,1
yourename,1
19330,1
DirectEnter,1
CommonFiles,1
ResourceHacktoberfest,1
onnuget,1
supportThere,1
value.rolecapabilities,1
subsystem.The,1
psitem.exception.messageps,1
vmicrdvrequiredservice,1
theHelpUri,1
title.for,1
eachinstance,1
CopyPropertyDynamicParameters,1
evaluatesto,1
match.powershellthe,1
tutorial.creating,1
delegateremoting,1
thesemicolon,1
moredifficult,1
needed.For,1
property.settercodereference,1
powershell.these,1
proposedimprovement,1
NoteSee,1
Boot.ini,1
available.consider,1
resources.allocationdata,1
ourshared.dependency.dll,1
NoteSet,1
PSLoadAssemblyFromNativeCodePSModuleAutoLoadSkipOfflineFilesWith,1
Time.OutputTo,1
incrementally,1
Microsoft.PowerShell.Commands.RemoveItemCommand,1
element.Where,1
resources.last,1
isevaluated.for,1
ensurethat,1
occurred.The,1
once.declare,1
FileText,1
contentabout_built,1
UserPrincip,1
toconstrainedlanguage,1
804765696,1
cursor.system.management.automation.host.pshostsystem.management.automation.host.pshostuserinterfacesystem.management.automation.host.pshostrawuserinterfacelast,1
lineblank,1
userObjectGUID,1
pshome.group,1
straightforward,1
HighlightDate,1
ignorecomment,1
a-thon,1
mod...compress,1
122.52,1
ModuleType,1
rightmost,1
tablepr,1
DateNon,1
default.targeting,1
this.filesystemwatcher,1
bycall,1
TestPowerShell,1
lifecycle.msiexec.exe,1
PSFConfig,1
typespecialization,1
separatedownload,1
InsertClear,1
tableor,1
PowerShellmust,1
mediate,1
UpdateA,1
platform.powershell-7.6.2-linux-arm32.tar.gzpowershell-7.6.2-linux-arm64.tar.gzpowershell-7.6.2-linux-x64.tar,1
integerﾉexpand,1
remoting.The,1
pipeline.use,1
stringt,1
file.entryselectedby,1
namespace.the,1
lockedexplicit,1
0.0012345,1
delimitercharacter,1
symboliclink,1
IdProcessName,1
file.leftindent,1
names.PowerShellOutputThe,1
15171improve,1
byname,1
CmdletWildcardPattern,1
windows.wmf,1
times.install,1
valuesThe,1
19382,1
containempty.count0ps,1
formattinga,1
string1,1
string2,1
helpthe,1
psstyle.formatting.debug,1
v3.4.16.linuxset,1
Gallery.area,1
canfill,1
ajmera1revolter1secretgeek1springcomp1ayanmullick2new,1
otherenvironments.the,1
filenearest,1
array.syntax,1
script.xmlthe,1
ClearItemDynamicParameters,1
themalicious,1
modulesAWSVMwareOracle,1
ComputerClear,1
yourprofile.For,1
method.int,1
andfunctions.the,1
20381,1
isn't.param,1
DiagnosticMerge,1
interpreted.writing,1
controlview.customentry,1
PowerShellParameter,1
withinPowerShell.You,1
stoptry,1
aliasestoexport,1
canreasonably,1
function.function,1
110.98,1
referringto,1
blah,1
20367,1
20366,1
fromnative,1
byprecede,1
AttributeDeclaration.ValidateRange,1
itsstatement,1
solutionswithout,1
SecurityCheckpoint,1
PowerShell.PowerShellExample,1
alsoaccessdbprovidersample05thi,1
contribution.don't,1
tablein,1
oldforeach,1
strategic,1
documentationbrace,1
Parse,1
microsoft.uninstall,1
scriptnew,1
openedmcdonaldjc21radrow1yecril71pl1muhahaaa1windin7cc1fabiod891naridal1new,1
DscConfigurationThe,1
system.management.automation.language.codegeneration,1
successfully.PowerShellOutputIn,1
Offic,1
development.last,1
CimSessionOptionWindows,1
noteunless,1
LastNameMarquetteDoePowerShellThe,1
runtime.powershellif,1
namesparameter,1
item.use,1
nameof.netproperty,1
openpublishing.redirection.json11,1
scenario3.log1245,1
likeget,1
cancause,1
attributes.specifies,1
mustbegin,1
MachinePolicy,1
releasedoc,1
hotfixidinstalledon,1
FontCacheDISPLAYNAME,1
CredPowerShellOutputOnce,1
multi-hop,1
view.CustomControl,1
doubleratio,1
FilesCommon,1
scriptdeveloper,1
module.moduleversion,1
values.parameters,1
@that,1
service.create,1
zeroonethree,1
2025related,1
wscsvc,1
script.powershellsince,1
AsHashtableName,1
briefdescription,1
orif,1
chords.PowerShellOutputOn,1
assist,1
oris,1
orit,1
orin,1
runspowershell,1
mode.Windows,1
200000000000,1
supportAn,1
levelnavigation,1
record.invocationinfo,1
yet.PowerShell,1
this.OutputPS,1
youlaunch,1
post.powershell,1
ascriptYou,1
allowedvariable,1
TheNew,1
xarray,1
itempropertymove,1
thesystem.management.automation.aliasattribute,1
directoryobjects.help.format.ps1xml,1
Migratingfrom,1
problem.for,1
ofsubstitution,1
clipboardreverse,1
debugwrite,1
orof,1
NPS,1
orno,1
CharactersThis,1
acceptsservicecontroller,1
countorindex,1
followingsignature,1
20position,1
threadforeach,1
content7.4,1
theirmodule,1
orsystem.management.automation.cmdlet.throwterminatingerror,1
itfrom,1
too.This,1
areevaluate,1
PredictionViewStyle,1
entriesremove,1
system32folder,1
ServiceLayerPS,1
directory.this,1
type.outputas,1
ecosystem,1
collectionsconsume,1
system.io.pathtoolongexception,1
linksremarksa,1
@newItemPropertySplatPSPath,1
tablean,1
theHKEY_LOCAL_MACHINE,1
macOSSupported,1
application.you,1
aGet,1
dnsname,1
imports.when,1
Identity,1
options.outputthe,1
feedbackmessages.PSModuleAutoLoadSkipOfflineFiles,1
PowerShell.sudo,1
mustderive,1
aliasimport,1
acrossmultiple,1
NSI,1
issuesTop,1
typesystem.management.automation.pscredential,1
object.PSCodeMethod.Invoke,1
elementdefine,1
resourceexit,1
1.3.2,1
error.use,1
OSrm,1
overloadedsignature,1
one.net,1
itemcopy,1
docsabout_Member,1
scopeScriptNearest,1
matchingprocesses.sort,1
lselect,1
system.exception.message,1
resume.pauseuninstall,1
stepseditorial,1
StrictModeStart,1
hostcmdlet,1
remoteapplog.clear,1
sensible,1
simpleassignment,1
drivesﾉexpand,1
PowerShelldocumentation.There,1
ComponentsCustom,1
service_644dedependentservices,1
unified,1
processing.there,1
powershellgett,1
vmicshutdownrequiredservice,1
repositorydsc,1
windowbut,1
documentation.module,1
MovePropertyDynamicParameters,1
Con...ConvertFrom,1
NotPowerShellThe,1
PSResoureGet,1
3.2.0.4,1
ListControlXMLThe,1
0.0.0.0,1
example.example,1
whenget,1
differentinformation,1
themessage,1
quickstart,1
ProcessingThe,1
processingThe,1
eacharray,1
helpfileabout_execution_policies,1
LifecycleCompress,1
reviewer3,1
purposes.the,1
inconvenienta,1
numberatan2static,1
containsvariable,1
listview.ElementDescriptionListEntries,1
rulesAvoidDefaultValueSwitchParameterAvoidGlobalFunctionsAvoidOverwritingBuiltInCmdletsAvoidUsingCmdletAliasesAvoidUsingWriteHostPlaceOpenBracePossibleIncorrectComparisonWithNullPossibleIncorrectUsageOfAssignmentOperatorProvideCommentHelpUseApprovedVerbsUseCompatibleCmdletsUseCompatibleCommandsUseCompatibleTypesUseShouldProcessForStateChangingFunctionsUseSupportsShouldProcessGitHub,1
HKEY_USERS,1
historyadd,1
pipeline.a,1
itsupport,1
Bothof,1
system.management.automation.errordetailsobject,1
template.All,1
parametersusetransaction,1
cre...get,1
StopCmdlet,1
computer.powershelli,1
discouraged.testing,1
DscConfigurationRemove,1
PatternsWhen,1
state.we,1
2025validatescript,1
providers.writing,1
inWindows,1
GroupByCustomEntry,1
proceed.to,1
10.0.14393.0,1
cmdlet.Before,1
parametersinterfacemethod,1
SetsSelectionSetName,1
3.2.0.7,1
thesupportsshouldprocess,1
SDKApplies,1
Microsoft.PowerShell.Commands.Internal.Format.GroupEndDataName,1
challenge,1
reg_expand_sz,1
compatibility.technically,1
19467,1
17.05,1
crescendothe,1
20451,1
govern,1
conversion.if,1
above.declaring,1
xmlsend,1
systemdrive.the,1
multifactor,1
fi.examples,1
same.powershelli,1
openedalirobe1sleggy1iron72content,1
script.when,1
psstyle.fileinfo.directory,1
OverviewThis,1
20460,1
<command:command xmlns:maml="http://schemas.microsoft.com/maml/2004/10" xmlns:command="http://schemas.microsoft.com/maml/dev/command/2004/10" xmlns:dev="http://schemas.microsoft.com/maml/dev/2004/10">,1
alocation,1
Workflow.If,1
othertext,1
externally,1
myobject.psobject.properties.name７,1
true'powershell,1
this.onhome,1
haspass,1
pssessioncan,1
19440,1
Theprovider,1
19442,1
AllUsersEnable,1
resultwednesdayswitch,1
sequences.PowerShellOr,1
が,1
PowerShellDeviceID,1
environment.since,1
notesthe,1
.4.3.4,1
psnativecommanduseerroractionpreference.as,1
locationwhere,1
members.cmdlet,1
theirPowerShell,1
statementSyntax,1
specification.syntax,1
catch.powershellfor,1
pathcopy,1
renamethe,1
19422,1
acceptable,1
vmicrdvServicesDependedOn,1
RHEL.Red,1
scriptin,1
definition.elementdescriptionlistentry,1
includeunapprove,1
20419,1
2025list,1
1252encode,1
20415,1
onlyto,1
implementationof,1
system.windows.forms.listboxthe,1
microsoft.powershell.threadjob,1
payload,1
TransactionsThis,1
ForceError,1
WideUsing,1
moresuccinct,1
botha,1
autocompletion,1
pssessionlast,1
Program.GetRange,1
aliasesmethod,1
base.C,1
20420,1
20428,1
modules.how,1
areencountered.the,1
MyComputerName,1
whilehold,1
.1.10,1
displayedon,1
revise,1
generateoutput,1
newentry,1
scripts７,1
.2.3.5.1.3,1
writerand,1
theseapplication,1
seesafely,1
article.output,1
moredetailed,1
enabled.one,1
differentpowershell,1
README.md...Get,1
ascriptDisplay,1
thedefine,1
Input.csv,1
newgroup.the,1
key.we,1
job.literalpathdata,1
poorly.you,1
another.first,1
isn'tbackward,1
powershell5.0feb,1
whohave,1
20402,1
system.data.oledb,1
@powercode,1
ComputerSecureChannelUndo,1
<param name="acceptedsuggestion">,1
identifiers.Do,1
scenarioswhere,1
acts.a,1
AllowRever,1
benefitsfrom,1
powershellremoting.ps1,1
function.although,1
LastKnownPa,1
file.this,1
tableelementdescriptionspecify,1
invisible,1
file.scriptblockinstanceproperty,1
installedon,1
ShouldProcessfunctionality,1
attributeflagsattribute,1
PSDefaultValue,1
e-mail,1
windowsenumerate,1
7.1.get,1
2025formatstring,1
ConsoleColor.DarkYellow,1
w32timedisplayname,1
iformatprovider,1
underHKCU,1
OEM,1
supported.system.net.servicepointmanager,1
coreprinciple,1
win32_biosget,1
args.for,1
suchinstance,1
FAQIn,1
FileCatalogThese,1
slayden1darthwalsh1landon,1
call.the,1
stepsAdditional,1
services.for,1
2008r2,1
themicrosoft.powershell.commands.setitemcommand,1
identifier.For,1
powershell-oriented.net,1
februaryﾉexpand,1
Population,1
collection.scriptblockinstancepropertyscriptblock,1
w3cextended,1
allcmdlets.cmdlets,1
PowerShellDataFileMicrosoft.PowerShell.Utility.PSManageBreakpointsInRunspacePSAnsiRendering,1
julyupdate,1
linear,1
path.powershellyou,1
alsomanaging,1
17.79,1
authors.updatable,1
translationde,1
powershellone,1
DockerNew,1
typesbuilt,1
isn'tcommonly,1
PSSnapinResume,1
6/6/2018,1
42.01,1
powershell.BeginInvoke,1
SnowSql,1
moduledirectory.for,1
profilecode,1
descendant,1
commonfor,1
It'scommon,1
unit.once,1
awkfile,1
filespecification.locationdata,1
SDKWindows,1
processName,1
file.firstlinehanging,1
agrsmsvcati2evxx,1
KindTypePurposeCountInstance,1
psnativecommandargumentpassing.powershell,1
DiagnosticRequest,1
WideItemfor,1
processesstop,1
pre-existingdestination,1
aboutwindowspowershell,1
Microsoft.PowerShell.Utility.PSImportPSDataFileSkipLimitCheck,1
passedmerge,1
RemotingEncryption,1
contentclearclear,1
Nullable,1
19489,1
Biddle2848pbossmanPhil,1
20476,1
authenticationaccount,1
KindTypePurposeNameInstance,1
PowerShellExamples,1
supported.given,1
fyou,1
SortError.txt,1
tablemembermemberkindtypepurposedescriptioninstanceproperty,1
file.enumeratecollection,1
andfunctions.many,1
var.x1avoid,1
scriptblocklast,1
orworkstation,1
1visual,1
ComputerRestorePointGet,1
class.When,1
follower,1
featuresperformance,1
incmd.exe,1
includeall,1
19490,1
providerupdate,1
viewkeyboard,1
wmieventwindows,1
parallelismcontent,1
openedberlintay1dcarpenter311i55132matejkafka1real,1
methods.however,1
system.runtime.remoting.objref,1
PowerShellprofile.You,1
location.writing,1
themember.psmethod.membertype,1
nullthese,1
parameterbind,1
areterminating,1
DscConfigurationSet,1
AclGet,1
isdone,1
System.EnvironmentName,1
itemremove,1
runscript,1
notepadPS,1
psstyleadds,1
infinityin,1
openeddoctordns3gabrielmccoll2adrianhale1aisbergde1beatcracker1bergmeister1darioarzaba1gforceg1jpomfret1karl,1
that.There,1
actionpreference,1
errorview.with,1
cmdletcannot.the,1
onlygo,1
otherlocation,1
truncatedata,1
pool.this,1
CodeFirst,1
expressions.If,1
keysin,1
automationUsing,1
ParameterSetNameargument,1
keysif,1
routing,1
prompt.this,1
generalsense,1
view.showerror,1
aplugin,1
rulesreorganize,1
problemmatcher,1
commandshave,1
Andrea,1
Thoseparameter,1
andconfirmimpact.highmediumlownonewith,1
equate,1
system.management.automation.errorcategoryconstant.targetname,1
progress.this,1
notlimit,1
ysinstatic,1
hashtables.you,1
module.dll,1
PCListing,1
allview,1
ParameterSets,1
173.00,1
controlover,1
system.management.automation.provider.itemcmdletprovider.getitem,1
compressionmemorymb,1
macos.these,1
consolewindow,1
Managem,1
WindowsSince,1
Helpcomment,1
parameters.xml,1
homepath,1
portabilitycross,1
targetmultiple,1
functions.security,1
SectionsSee,1
#steps,1
tableresult,1
over.powershellpublic,1
getservicecommand.endinvoke,1
leasttwo,1
viewtablecolumnheader,1
onlymetadataformattingno,1
keysps,1
improvementsargument,1
namedmicrosoft.powershell.restricted,1
Nov,1
windowability,1
ofeight,1
database.This,1
thecommandsusing,1
PSCmdlet.ShouldContinueLet,1
Specify,1
runspacesyou,1
forgetto,1
charactersinclude,1
enforcementnoninteractive,1
-112,1
aninternal,1
manifestsplat,1
that.Take,1
gigabytesrather,1
scriptfileinfothis,1
canoverride,1
LocationPush,1
datathat,1
displayedat,1
PasswordExpired,1
messagemessage,1
session.update,1
files.github,1
thetable.For,1
articlescontent,1
services.exe,1
Unprotect,1
openedkrlinus2new,1
it'sonly,1
issuesubmitt,1
tomicrosoft.powershell.threadjob,1
areyour,1
ScheduledTaskRegister,1
20x30,1
Linux.You,1
target.powershell,1
currentPipeline,1
173.75,1
AdvancedSYNTAX,1
DefinitionsVirtual,1
ToDateTime,1
find.exe,1
rehostWindows,1
changesexecution,1
culture.Every,1
cmdlet.because,1
application.the,1
syntax.the,1
219.69,1
tabs,1
localuserget,1
tosystem.net.http.httpclient,1
kingsley11stevenjuddsteven,1
pssessionremove,1
referenceexample,1
Clo...Get,1
unnecessary.don't,1
SearchHide,1
beused.customitem,1
operandmust,1
sameproblem.error,1
EventViewer,1
MethodYour,1
Win32_Share,1
person.clear,1
forprovide,1
mmmm,1
1.4.3,1
contribution７,1
whateverapproach,1
frequentlyyou,1
processworking,1
value.every,1
612cpu,1
Forsecurity,1
10:05,1
platyps.about,1
classremarks,1
services.area,1
Sav...Trace,1
ServerGitHub,1
MemoryMB,1
files.I,1
proofread,1
thatautomatically,1
5batchcount,1
OUTPUTS.OUTPUTSSyntax,1
offered.for,1
iadd,1
stopprocesssample01folder,1
systemuse,1
variable.INSTALLFOLDER,1
tabexpansion2.it,1
ContentsVersion,1
NotValidRow,1
defaultstop,1
filesysteminfo.target,1
inv...remove,1
keyproperties.for,1
pathwith,1
files09,1
individualcmdlet,1
Reddit,1
System.This,1
andvalidate,1
drive.dynamic,1
GroupStart,1
verifythat,1
truncation,1
classes.this,1
performant,1
session.invoke,1
AlsoSecurity,1
usingwin32_computersystem,1
AlsoDate,1
feature.this,1
ResourceBoundParameters,1
10:03,1
inpreparation,1
helptopics.powershell,1
Pane.UndoReverses,1
baselogarithm,1
changesince,1
semi-colon,1
https://aka.ms/install-powershell.ps1,1
19587,1
System.Management.Automation.Provider.NavigationCmdletProvider.IsItemContainer,1
andsubcontainer,1
Product,1
article.No,1
configuration.however,1
updatewarning,1
binarymilog111122223333module,1
parametersa,1
parameteropen,1
supportsXMLWindows,1
itemsissue,1
19595,1
ProcessRecordSee,1
AJRouter,1
parameter.powershellyou,1
intelppm,1
withoutcredential,1
Debian.RHEL,1
scenario1.log124path,1
Microsoft.Prior,1
docsretire,1
20554,1
Halt,1
".NET,1
myjeagmsa'groupmanagedserviceaccount,1
thecmdlet.nameinstanceproperty,1
19560,1
20556,1
operandvalue,1
Windowsmachines,1
forcecollect,1
oflocationsthe,1
it.powershellas,1
theproperty.Cmdlet,1
it.powershellan,1
supportagreement,1
scope.prevent,1
prohibited.do,1
scripts.last,1
configuration.when,1
10.509.3,1
yourexpertise,1
bitposition,1
BusinessｃHOW,1
usecmd,1
improvementsfix,1
assoon,1
set13,1
0.12345,1
0.12340,1
value.for,1
TimeStampServer,1
theitem,1
documentationMoved,1
article.It,1
namesnext,1
toremove,1
tall,1
changesbecome,1
install.unregister,1
asystem.serviceprocess.servicecontroller,1
cmdlet.after,1
people.keys,1
output.cmdlet,1
asfile,1
stream3warning,1
date.some.fake.propertytruemethod,1
thecask,1
ashort,1
otherconversion,1
accompany,1
PSHome,1
managementestablish,1
Inparticular,1
HelpSave,1
insetting,1
octoberthe,1
19558,1
powershell-7.5.7-osx-x64.tar,1
computerspowershellthe,1
tableexample,1
inplay.function,1
powershell.all,1
macOSLearn,1
amember,1
20517,1
elementcount.statement,1
GetMatchingProcessesByName,1
secondswhile,1
mechanismfor,1
Alsoinclude,1
aleading,1
System.Drawing.Size,1
conversionseveral,1
runtimeexception.errorrecord.invocationinfo.positionmessage,1
Singleline.Here,1
System.Management.Automation.AliasAttribute,1
dc01protocol,1
imported.when,1
andSystem.Management.Automation.WildcardOptions,1
myobject.psobject.properties.match,1
configuredto,1
application.c,1
32.3.5,1
FwcAgentDISPLAYNAME,1
about_Remoteabout_Remote_Requirementsabout_Remote_Troubleshootingabout_PSSessionsabout_WS,1
engine.Consider,1
returnshtmlwebresponseobjectpowershell,1
gpscommand.begininvoke,1
agelist.kevin,1
expression.For,1
bashpubkeyauthentication,1
Odd,1
PowerShellOutputAfter,1
win32_productclass,1
powershell.commands.setexecutionpolicycommandwith,1
itemsPowerShellIf,1
szarrayenumerator.the,1
data.lastnamemarquettedoewhere,1
ViewSelectedBySpecifies,1
parameterbindingargumenttransformationexception,1
boolrequest,1
commanddetail,1
ContentCheckpoint,1
AlsoCredential,1
detectswhether,1
WarningPowerShell,1
session.powershellor,1
configurationkerbero,1
Servercmdlet,1
PromptIn,1
instead.other,1
person.location.state,1
awildcard.language,1
MyModuleModule,1
assumed.for,1
requiresmake,1
System.Management.Automation.ErrorRecord.CategoryInfo,1
aglance.PowerShell,1
usedelete,1
listupdate,1
suffixesnumeric,1
parameternameparameter,1
Aswith,1
versions.NET,1
evaluated.any,1
WinEventcmdlet,1
mymodulename.psd1,1
action.verifydata,1
OutOfMemory,1
parameterfa,1
pane.show,1
post.if,1
TotalSeconds.ToString,1
commands.default,1
stopprossessample045,1
receptive,1
ServicesPSScriptAnalyzerThis,1
advancedmatch,1
System.InvalidCastException,1
cmdletsGet,1
onright,1
TheCreateRunspacePool,1
post.in,1
pageslast,1
PowerShellDataFileAdd,1
folders.snaps,1
dscresourcestoexport,1
scopes.unless,1
stopprossessample035,1
PKI,1
does.if,1
used.conflict,1
<!--parameter set 2 parameters go here-->,1
parameterha,1
20593,1
thecall,1
content.there,1
userssolicit,1
<fr-FR>,1
conversions.a,1
stopprossessample025,1
valueparameter.multistring,1
commandsFor,1
application.This,1
timeerror,1
modulemicrosoft.powershell.secretstore,1
Microsoft.PowerShell.RemotingTools,1
about_hash_tables,1
powershellnow,1
staticmember,1
dofor,1
theyall,1
stopprossessample015,1
declaration.identifies,1
Hungarian,1
installed.using,1
xnew,1
user.Researchers,1
error.one,1
thedrive,1
getchilditemmetadata,1
same.to,1
collections.when,1
QuestionsThis,1
commands.you,1
shouldconsider,1
4096continuationprompt,1
maintenancenow,1
andremote,1
systemthat,1
formonly,1
observethis,1
verbosepowershellimport,1
Retry,1
textkeyboard,1
thesesame,1
ImportantOnce,1
itemscopy,1
ConfigurationFrame,1
projectresolve,1
callingapplication,1
columnrepresent,1
whilePowerShell,1
entitle,1
ContainerCmdletProviderclass,1
releaseupstream,1
whenwrit,1
parameterdo,1
formatEntryInfo,1
issue.installing,1
oftechnique,1
cmdletquery,1
variablewhen,1
valuessupply,1
FuseMail,1
@domsleee,1
parameterca,1
typefor,1
2025the,1
FeaturesClick,1
rundll32,1
resource.search,1
WXPHKEY_CURRENT_USER,1
files.vscode,1
node.xml6,1
arrays.at,1
psscriptfileinfopublish,1
node.xml3,1
42.92,1
node.xml9,1
node.xml7,1
psreadlineoption.psreadline,1
tostart,1
Youidentify,1
followthi,1
displayed.outputwriting,1
View.Wide,1
misspelling,1
directory.powershellyou,1
Ops,1
psrepositorytest,1
supportsystem.management.automation.cmdlet.shouldprocess,1
validation.for,1
use.indicates,1
TheOUTPUTS,1
Helpabout_Updatable_Helpabout_Command_SyntaxIn,1
valueretain,1
specifies.getting,1
line.a,1
Ubuntu.For,1
multiplier,1
providersetting,1
surveyingit,1
oncetry,1
recurseremove,1
470:613,1
Sincemost,1
PowerShellOnline,1
ValueName,1
it.generally,1
regini.exe,1
arelegitimate,1
scriptwhose,1
controllerdomain,1
overwritten.removing,1
purge,1
PSMethodInfo,1
andspecify,1
user'sName,1
andrenewdhcplease,1
contributors.community,1
about_signingdefining,1
itempropertyvalueget,1
CommunityPowerShell.orgStack,1
paidsupport,1
options.powershelloutputas,1
apolicy.powershell6,1
parameter.outputin,1
stopped.This,1
displayed.using,1
Module.JEA,1
anysystem.management.automation.cmdlet.writedebug,1
defaultsessionstate.providers.clear,1
Title,1
thenadd,1
sufficientparameter,1
cmdlethello,1
IntroductionModules,1
handleopen,1
animplicit,1
session.background,1
isn'tthe,1
determinewhether,1
theseguideline,1
7.1restart,1
too.powershellworking,1
19501,1
beforeupgrade,1
8259,1
additionalparameter,1
gpscommandoutput.count,1
users.however,1
LP.PowerShellIn,1
Sabotage,1
seriousperformance,1
queriesto,1
psstyle.background.blue,1
arrayreplacement,1
scopeLocalGlobal,1
view.tableheaders,1
onwindows,1
ModuleTypeInstance,1
parameterssyntaxcommand,1
errorabout,1
case.article,1
19510,1
they'reconfuse,1
exceptions.The,1
issue.the,1
ProjectsGet,1
8261,1
7.523-jan-202510-nov-2026.net,1
platyps.parameter,1
packinformation,1
themenus,1
namespace.using,1
froggy1benjamimcs1kirillkrylov1bergmeister1lizy141carlotoso5martingc942rgl2top,1
followingproperty,1
method.psmethod.typenameofvalue,1
ignored.because,1
bash.The,1
unlessthey,1
script.powershelloutputwhen,1
featuresfilename,1
export.cmdletstoexport,1
#function,1
psstyle.fileinfo.executable,1
moreover,1
variables.editorial,1
md022,1
node.xml７,1
ModuleManifestExport,1
established,1
inscriptctrl,1
registrationthis,1
@logsplatting,1
wassupply,1
interpolationpossible,1
tooperate.parameterfunctionalityurldata,1
functionsabout_functions_advanced_parametersabout_commonparametersabout_functions_cmdletbindingattributeabout_functions_advancedabout_try_catch_finally,1
handlingerror,1
someunspecified,1
implementpowershell,1
APIsdo,1
AllocateOpen,1
FAQPowerShell,1
displayed.level,1
followingsections.a,1
module?view,1
tospecific,1
non-existentkey,1
doesn'tuninstall,1
maml.platyps,1
libintl,1
filesuse,1
tobuild,1
evolves.use,1
PowerShellGallery,1
tableparameterfunctionalityerasedata,1
Featuresabout_PSModulePathWiki,1
WinEventGet,1
andcreate,1
TheWindows,1
endpoints.Yes,1
AlsoListEntry,1
0.0019,1
solicit,1
filesurl,1
aliasname,1
localgroupnew,1
script.c,1
tphkload,1
recursecreate,1
report.the,1
member.either,1
isopen,1
computeryou,1
help.updatable,1
objbios.manufacturer,1
characterlimit,1
set.github,1
thesuccess,1
preventserror,1
seestandardeventlevel,1
resources.filing,1
parameters.each,1
v1.0.0,1
confirmation.writing,1
thanks@xtqqczze,1
Containment,1
Floor,1
getprocesssample03folder,1
action.selectdata,1
<getscriptblock>,1
Microsoft.PowerShell.Commands.TextMeasureInfo.A,1
minutes.powershellthe,1
bitwiseand,1
contenttype,1
checklistget,1
connection.c,1
anotherscript,1
maintained.multiple,1
comic,1
errorrecord.for,1
helpnow,1
forabout,1
properly.encoding,1
profile.see,1
score,1
firstfilter,1
preinstalledon,1
pair.the,1
environment.a,1
toresolve,1
encoding.the,1
MultipartFileContent,1
System.To,1
method.powershellassigning,1
2019pscomputername,1
communityThe,1
classpowershell,1
100100,1
doing.the,1
remoterunspacepool.close,1
representsthe,1
shell?updated,1
19683,1
allmicrosoft,1
atmicrosoft,1
Writer'Saving,1
20678,1
XMLSo,1
filterdefinition,1
dual,1
wingetcommand,1
rehostwindow,1
repeatable,1
ofour,1
seeproduct,1
confirmationbefore,1
compatibilityacross,1
sync1bogdangrigg1new,1
browserlast,1
fordata,1
spoolerPowerShellThe,1
youmuch,1
ConsoleKey.UpArrow,1
environment.A,1
g...start,1
ortypet,1
stringwhen,1
file.text,1
tosomethe,1
ipconfig.exe.get,1
InformationInvocation,1
HTTPand,1
scheduledjoboptionregister,1
transmission,1
onhome,1
TableRowEntryTypeName,1
fordebugging,1
platformspowershell,1
getprossessample055,1
acommandnotfoundexception.powershellﾉexpand,1
orcommand,1
shouldenable,1
versionsReview,1
selectcommandargumentusing,1
mergemyresults,1
intype,1
system.management.automation.aliasinfo.this,1
MrComputer,1
close.on,1
withoutunescap,1
otherparameter,1
getprossessample045,1
theinitial,1
listview.selectionsetname,1
securePowerShellThis,1
availability.there,1
tofurther,1
used.ignorepatternwhitespaceignores,1
documentation.When,1
Theenvironment,1
getprossessample035,1
MacBook,1
bool.these,1
20641,1
system.serviceprocess.servicecont,1
66048,1
processlsget,1
zipPowerShell,1
2.0.4,1
tableParameter,1
itsuggest,1
getprossessample025,1
System.Management.Automation.Provider.ContainerCmdletProvider.RemoveItem,1
AlsoValidateCount,1
theSystem.Management.Automation.Provider.CmdletProvider.InvokeProvider,1
parameterIf,1
PowerShellDataFileUpdated,1
explorerid,1
cimassociatedinstancewindows,1
askingyou,1
OutputTrace,1
Management.SSH,1
non-interactively,1
scriptthe,1
out.powershellreversing,1
thesetasks.To,1
manifest.add_path,1
cmdlet.powershellbut,1
argument.add,1
parameter.PowerShellOutputYou,1
string.reason,1
item.last,1
mcr.microsoft.com/dotnet/sdk:8.0,1
protocol.powershell,1
installed.i,1
PSSnapInException,1
seeValidateSet,1
solution.there,1
uppercaseWindows,1
declarecmdlet,1
arealia,1
command.powershellto,1
PowerShellremoves,1
list.knowing,1
str......get,1
call.OutputIf,1
printer.publish,1
unavailable.provide,1
protect.decrypt,1
runspace02.createform,1
deniedat,1
56608,1
runspaces.remote,1
date.reflow,1
parameterattributedeclaration.when,1
originalmember,1
viaPowerShell,1
system.management.automation.powershellobject.extracting,1
default.their,1
Module.This,1
assimple,1
theposition,1
allowed.for,1
helpfileabout_jobs,1
tablestreamdescription4verbose,1
repositoryBlog,1
bode,1
thisright,1
0Advanced,1
arealway,1
exist.hit,1
client.powershell,1
filesupport,1
work.powershellfalse'powershell,1
session.powershelldetermine,1
modulesFinal,1
29044,1
Januszko16XXLMandalorian013Drew,1
@dwtaber,1
https://go.microsoft.com/fwlink/?linkid=0123,1
ofmicrosoft.powershell.sdk,1
dump,1
JulTop,1
29040,1
system.management.automation.psdriveinfo.this,1
.4.5.9,1
pstracewindows,1
powershell-7.4.16-osx-x64.tar,1
Logs,1
Logo,1
features.a,1
AttributeDeclaration.Specifies,1
notspecified,1
selectthat,1
parametershelpmessage,1
parametersdebug,1
manifest.spdx.json.for,1
Driverbowser,1
assembly.getexecutingassembly,1
explorerThe,1
SECURITY_ATTRIBUTES,1
startposfind,1
confirmationmessage,1
list.powershellprerequisitesformat,1
location.duplicate,1
TutorialStopProc,1
projectspowershell,1
script2,1
PowerShellISE.PowerShellErrorColor,1
namesyou,1
theSystem.Management.Automation.ValidateRangeAttribute,1
transcriptthis,1
onlyinternally,1
listentryelement,1
2025when,1
FilterParameters.FilterData,1
newselfsignedcertificatesplat,1
AlsoPropertyCountForTable,1
environments.keys.clone,1
HotFixGet,1
bepass,1
version2.1.4set,1
useralso,1
Pos,1
PowerShell!The,1
solution.technically,1
Fallback,1
remoteregistryvalue.using,1
yoursyntax,1
displayed.PowerShellFor,1
tabto,1
doublelargest,1
methodcan,1
completesystem.idisposable,1
canstill,1
bothWindows,1
foradministrative,1
object.requirementsdemonstratesexamplec,1
sign`back,1
findapplication,1
PSSnapInThe,1
hypot,1
container.c,1
WmiInstanceWindows,1
block.membertype,1
cannotresolve,1
fileone,1
mysituation,1
#skipped,1
pipeline.see,1
delegatet,1
polices.applocker,1
accessdbprovidersample01,1
lookup.instead,1
mymodule.dlltest,1
ofsubpart,1
accessdbprovidersample02,1
meaning.when,1
usinga,1
protocol.basic,1
recipient1,1
versions.PowerShell,1
youmust,1
about_character_encoding@mklement0,1
differentcommand,1
topowershell.the,1
system.management.automation.provider.drivecmdletprovider.removedrive,1
webserviceproxywindows,1
solutions.net,1
myvm.menucompleteps,1
CurrentVersionGet,1
andComparison,1
theexecutable,1
useraccount.for,1
delegated,1
arm64ubuntusupport,1
there'soverlap,1
tabon,1
permittedtest,1
NegativeInfinity,1
path.the,1
happenedat,1
module.importing,1
opened.PowerShellAdd,1
conceptualdocumentation,1
ipaddress,1
retrieve.by,1
WorkflowWindows,1
variable.powershelldetermine,1
thecontainer,1
thesubfolder,1
fixes.the,1
there.powershellsomething,1
thesesample,1
processes.while,1
AccountExpirationDate,1
asmetadata,1
theiractual,1
supporteddistributions.supported,1
beallow,1
Formatyour,1
contribution.when,1
channel.optional,1
outputdebug,1
method.for,1
permitted.an,1
favoritenumber,1
literal.powershellfunction,1
russell411nf053c1doctordns1hrxn1kylemit1vertigoray1ehmiiz1armaanmcleod2mklement022023,1
AudioStatus,1
appendto,1
theWeb,1
entermultiple,1
reorganize,1
selectionf8stop,1
19622,1
IgnoreCase,1
toolbar.if,1
CmdletChoosing,1
-17.2.7,1
alsoformatt,1
20608,1
stackWhen,1
maintenanceMassive,1
beginchapter,1
associative.description,1
stepsus,1
thetablecontrol,1
tableissue,1
softwarecollaborator,1
shouldcontinue.powershellby,1
phone,1
9.129.17.107,1
2026final,1
appears.outputpowershelloutput6,1
usingonly,1
Thesetwo,1
19601,1
ImportantCmdlets,1
ReferenceClassName,1
Criteria,1
DataAdded,1
true.multiple,1
fromgett,1
aregistry,1
ServicePrincipalNames,1
displays.widecontrol,1
Programsand,1
containempty,1
sideof,1
WindowStyle,1
location.transfer,1
recommendationscreat,1
andoption,1
pre-define,1
20606,1
file.flush,1
machine.unless,1
assignmenta,1
ofcode,1
exceptions.this,1
ofthem.an,1
theaudit,1
helpfilehelp,1
about_Comparison_Operatorsabout_IfGlobal,1
19616,1
highlightthat,1
removesplat,1
<!--add links to related content here-->,1
generatinglarge,1
commands.powershelloutput,1
SSHFor,1
topicsthat,1
callingcatch,1
changes.by,1
shift+ls,1
PowerShell?Windows,1
orcollapseoutliningctrl,1
undone.run,1
namesresult,1
MiniRedirectorThe,1
Uninstallkey,1
foruser,1
psdriveget,1
Derickson417SnozzberriesMichael,1
hereusing,1
anyexternal,1
respectively.now,1
TrueMethodsGet,1
approval.postverb,1
vscodethe,1
it.powershellgeneric,1
AlsoResource,1
gethelpproxyblock,1
ForceShouldProcess,1
commanddeveloper,1
#Type,1
loadsstack,1
binarymilogwindows,1
vice-versa,1
favor,1
system.temporaryenumerationconstantthe,1
correctly.in,1
CodeSummarize,1
nameduselocalscope,1
indirection,1
cmdlet.siddata,1
this.cursor,1
in.net,1
statennon,1
folder.you,1
counter-intuitive,1
suffer,1
givenname,1
recentlyused,1
imported.Modules,1
confirmationrequest,1
behaviorunder,1
containsdetermine,1
entity.roledata,1
PowerShellISEThis,1
containany,1
isesnippetnew,1
about_updatable_helpupdating,1
abuse,1
ContentsNew,1
20793,1
CredentialGet,1
theSystem.Management.Automation.Runspaces.InitialSessionState.LanguageMode,1
toolsinstall,1
varydepend,1
morecontrol,1
itmake,1
noexit,1
themicrosoft.powershell.security.dll-help.xml,1
notesbulk,1
DataEnumerableExpansion,1
ProcessLinux,1
exceptionhandle,1
projectps,1
29136,1
deletethe,1
redistributable,1
conversionsus,1
scriptsthat,1
pathIn,1
successaudit,1
Index,1
20778,1
-7.6.2-osx-arm64,1
customimplementation,1
applicationon,1
parameter.A,1
usable.you,1
command.before,1
LogonWorkstations,1
folders.also,1
classicoff,1
https://github.com/powershell/powershell/releases/download/v7.6.2/powershell-7.6.2-1.rh.x86_64.rpmafter,1
NumberColor,1
row.The,1
Implicitremoting,1
define.each,1
pipe.there,1
SelectStrCommandSample.csPattern,1
thoughthey,1
19765,1
matchmatch,1
<variable>,1
HttpResponseException,1
changes.in,1
dotnetproperty2,1
zero.the,1
ExpansionYou,1
selector.the,1
useand,1
parameter.powershellpowershell,1
opened201520162017201820192020202120222023202420252026tocommunity652962135675643672442912431835628mklement019605661288202422ehmiiz2114iron72221088isazonov14108431jszabo9821561121surfingoldelephant6192kilasuit32141453juvtib157peetrike1426431doctordns53571justingrote13611323vexx323113rkeithhill122231211kirkmunro771alexandair942github,1
errors.getprocesssample05,1
fromearly,1
17111,1
theoperation.createdata,1
EmployeeNumber,1
checklisthow,1
ManualStatus,1
shift+us,1
supporteddistributions.community,1
moremodern,1
Austinlist,1
utf8.getstring,1
onlythis,1
associatesthe,1
resourcesｅoverviewcommunity,1
iseffective,1
definitionso,1
singlepublish,1
markdown.don't,1
mcr.microsoft.com/dotnet/sdk:9.0,1
rsaencryptionpadding.pkcs1,1
updatesmajor,1
gowrong,1
follow.It,1
objectand,1
thesystem.management.automation.subsystem.feedback.ifeedbackprovider,1
CommonStart,1
thetoolbar,1
thenumbered,1
drivesThis,1
onlyThreadJobReplaced,1
processed.manifests,1
definitionto,1
#implementing,1
aboutThe,1
+0.12340,1
foreachforeach,1
iaakaaoacgagaaoaiaagacaaiab9acaacgakaaoaiaakaa,1
pathTo,1
PowerShellversions,1
impaired.Images,1
folderitself,1
AppPackage,1
powershell-7.6.2-osx-x64.tar,1
NamePreviously,1
execution.both,1
rule.powershellwhen,1
copied.powershellrename,1
secondly,1
hexformat,1
false.consider,1
112025,1
ItemrmdirRemove,1
andmember,1
scriptset,1
DefaultValue,1
hopefully,1
longminvaluestatic,1
Works.To,1
separateelement,1
linelength,1
statement.PowerShellIt,1
profile.try,1
Unicodebehavior,1
forcompleteness.This,1
results.powershelloutputget,1
aresource.inputdata,1
otherpowershell,1
system.stringwith,1
communitycontributor,1
values.powershellequality,1
PesterGetting,1
usesanoth,1
type.unlike,1
negation,1
UseWindows,1
DomainsExamples,1
collection.where,1
Apscustomobject,1
keypad,1
Thiswould,1
systemlockdown,1
forwardingthe,1
propertiesbeyond,1
value.path,1
fileswitch,1
distributionsthat,1
ismerge,1
470:444,1
elements.for,1
JsonSchema.NET,1
CHANGELOG,1
Manifest.Once,1
unused.hides,1
command.parametersinstance,1
GitHubCodespace,1
totraditional,1
oneversion,1
scriptsby,1
three'switch,1
orUserName,1
numberlogstatic,1
sessionimplementationslimit,1
closedTag,1
RemoveDrivemethods,1
enablescoloring,1
QoS,1
namespacesystem.many,1
CannotChan,1
5986by,1
multiplerequire,1
onwhich,1
cmdlet3consider,1
HelpUpdatable,1
releasedownload,1
ActiveDirectoryCommandType,1
zero.when,1
articlewhen,1
computers.syntax,1
109f1caed645bb78b3ea2b94c0697c740733031c,1
17191,1
locationstack,1
documentproperty,1
types.defining,1
commandpowershellto,1
describesWindows,1
bom.powershell,1
JobStops,1
sshdInstall,1
anyorder.none.elementdescriptioncustomentries,1
articlededicate,1
headerit,1
youdesign,1
TypesParameters,1
updates2022,1
updates2023,1
PowerShellArea,1
updates2024,1
updates2020,1
updates2021,1
openeddodexahedron1sufficientdaikon3kilasuit2new,1
gmcommandtype,1
andcheck,1
Nameorder.PowerShellOutputYou,1
uname,1
element.None.None.ElementDescriptionGroupBy,1
substitution.for,1
articlemigrate,1
otherassociated,1
LeaseDuration,1
SDK.For,1
AlsoStopProc,1
powershellstandard.library,1
nookcook,1
dsclocalconfigurationmanagerget,1
writeerrorexception,1
LocalAccountTokenFilterPolicyin,1
preference.configurationnotecredsspbalances,1
arm64windowsmacosarm64macosraspberry,1
Sat'SQL,1
notavailable,1
ComputerInfo,1
closethe,1
message.error,1
bestperformance.a,1
tabTo,1
unspecified.to,1
Thischange,1
string.powershellvariations,1
unconditional,1
10megabyte,1
passthrusupport,1
enumerationa,1
Microsoft.Management.Infra,1
A.Given,1
DataEdit,1
PSFeedbackProviderPSNativeWindowsTildeExpansionPSRedirectToVariablePSSubsystemPluginModelThis,1
openedehmiiz552022,1
1507not,1
thehashtablekeysinstancepropertyimplementation,1
impact.powershellthe,1
DefaultsSM_GamesName,1
andmove,1
instancevariable,1
unboundargument,1
trivially,1
Guid.For,1
seeadd,1
parameters.you,1
help.powershellexample,1
FileServer,1
requestslast,1
andkeywords,1
def`nghi`tjkl`fmno,1
AllowReversiblePasswordEncryption,1
error2.txt8,1
availablewindow,1
tablemodulename,1
results.select,1
6.12,1
SetsUse,1
6.11,1
core.added,1
technologies.net,1
6.14,1
cleansessionstate.commands.add,1
postprocessing,1
preferencevariable,1
Inside,1
beforeor,1
6.10,1
strings.about_command_precedencewriting,1
exemptionallow,1
script.at,1
flush,1
pipingthe,1
andsystem.management.automation.host.pshostuserinterface,1
thestructure,1
exceptions.I,1
links?redirectedfrom,1
usessplatting.PowerShellThe,1
non-op,1
andwithout,1
localized.helpmessageresourceid,1
0x12lpb,1
themultiple,1
6.20,1
Hashtablesubscript,1
exceptions.a,1
OnSuggestionAccepted,1
CmdletBindingabove,1
6.19,1
eithersynchronously,1
exceptions.i,1
theShouldProcess,1
cmdlets.net,1
non-r2,1
19740,1
onlyMicrosoft.PowerShell.HostMicrosoft.PowerShell.LocalAccountsWindows,1
bom.scripts,1
20734,1
alittle,1
Blockingwildcard,1
-495,1
PSDriveprovider,1
browser.one,1
6.45,1
processingoperations.cmdlet,1
AlsoWideControl,1
19755,1
atime,1
6.49,1
whenmodule,1
100which,1
20749,1
runthe,1
Domainsin,1
errors.PowerShell,1
20745,1
2.1.4,1
alsoselect,1
manifesttemplate,1
whenChanged,1
scriptto,1
FAQ.The,1
skipheadervalidation,1
distinct.there,1
system.management.automation.functioninfo.commandtype,1
scriptsTo,1
object.passing,1
pr.you,1
ExtensionSYNOPSIS,1
theValue,1
originalbase,1
PathStart,1
gutterensure,1
runspaceadding,1
PowerShellHere,1
ofmethod,1
arerestrict,1
outputshow,1
help.when,1
Anyvalue,1
prefix.for,1
node.XML７,1
simpleexample,1
Linux７,1
UpdatesUpdates,1
Hacktoberfest.Before,1
NamePurposeValidValues,1
compressed.devicereserved,1
neednot,1
setin,1
PodcastGitHub,1
.11.8,1
setis,1
XMLIf,1
setit,1
PSSessionCapabilityis,1
lowercase.use,1
.11.5,1
spaces.scopes,1
892601:600,1
.11.2,1
.11.1,1
GreetingInvoke,1
bodyhave,1
condense,1
property.isgettable,1
CmdletsLast,1
openedbaardhermansen1derkallevombau12026,1
FrameworkDescription,1
arealso,1
reposupdate,1
non-us,1
otherpackage,1
filesystemand,1
safeexpression,1
#ignorecase,1
syntax.hash,1
myself.if,1
PowerShellHelp,1
System.Management.Automation.Provider.ProviderCapabilities,1
process.regardless,1
scriptps,1
dynamicparameter.xml6,1
pbﾉExpand,1
@MatejKafka,1
19715,1
learn.microsoft.com/en-us)don't,1
longcount,1
thecalculate,1
option.powershelladvanced,1
pstracewindow,1
6.96,1
processes.For,1
scenario1.ps1transcript,1
methodlanguageshuman,1
charssimple,1
subpartswith,1
eligible,1
method.pscodemethod.tostring,1
stufforder,1
reboot,1
twospecialize,1
Parametersnode,1
MemberMemberKindTypePurposeCmdletBindingInstanceproperty,1
SetsThis,1
PowerShellOrdinarily,1
technically,1
scriptsa,1
bookwho,1
YesProviderName,1
used.what,1
cmdletmetadata.parameters.remove,1
OddNumber,1
wideaeadisrv,1
defined.there,1
contentshell,1
cursorctrl,1
helpdiscoverabilitythe,1
Werecommended,1
win32_networkadapterconfigurationname,1
cmdlet.markdownthis,1
system.management.automation.provider.cmdletproviderattribute.c,1
thepsmemberset,1
2026supported,1
declaration.support,1
command?started,1
myActivity,1
command.nameinstance,1
followinginformation,1
setsonlineparametershowwindowif,1
powershellexplained.com.creating,1
cmdlet.powershelloutputscriptingloopingforeach,1
2020remove,1
BusinessHow,1
conceal,1
cmdletsrestart,1
compatible.for,1
debuggerlast,1
itemClear,1
aserror,1
investment,1
configuration.ensure,1
pshostprocessinfoadd,1
faster.previously,1
softwarepush,1
classwindows.forms.form,1
overhead.given,1
myfile.format.ps1xml,1
Windows.WARP.JITService.exe,1
isencountered.propertyname,1
PowerShelldrive,1
vulnerabilities.requires,1
install.shif,1
modules.An,1
null.when,1
examples.psreadline,1
available.The,1
class.runspace01,1
myp.readall,1
shinstallation,1
topic.xmlﾉexpand,1
variablePOWERSHELL_DIAGNOSTICS_OPTOUT,1
withWindows,1
orderdo,1
usability.fix,1
commanddescription,1
rational,1
headersin,1
thenperform,1
peerreview.assign,1
ListTable,1
4.3.10,1
onserverc,1
alias.formatting,1
onserverb,1
AlcModule.EngineBuild,1
Reg,1
help.redirects,1
nugetpackage.currently,1
sequence.switch,1
0x2f6aff,1
SHA,1
result.powershell63,1
withthose,1
itexecute,1
session.If,1
ReferencesArticle,1
dangerous.ps1rulename,1
na910compaq,1
matchsome,1
TableHeader,1
parametername1,1
parametername2,1
processcomparison,1
tablerowentry.sets,1
theTableColumnHeader,1
this.Ordinarily,1
asabout_mymodule.help.txt,1
2.210,1
possible.things,1
cultureen,1
Command.pwsh,1
badpasswordt,1
Hardware,1
ForceImport,1
Present,1
INPUTS.INPUTSPowerShellSyntax,1
objectattribute,1
effectiveness,1
datesﾉexpand,1
regex.A,1
KindTypePurposeDefinitionInstance,1
AuthenticationPolicySilo,1
ForceConfirmAre,1
xmldefine,1
localcomputer.c,1
youinvoke,1
installedscriptﾉexpand,1
managementMonad,1
needed.the,1
addedadd,1
CmdletIf,1
itemthat,1
Itemthe,1
COVID.Content,1
corea,1
Windowssupport,1
GetSomeObjectCommand,1
CriteriaConstrained,1
pkgthere,1
igethe,1
originalobject,1
noteprior,1
kevinmarquette,1
expressionthe,1
partition2manipulating,1
erroroccurred,1
powershellremoting.winrm,1
job.for,1
debugging.this,1
namespace.powershellset,1
SMB,1
ALC.The,1
tablemicrosoft.powershell.operation.validationﾉexpand,1
psgetrepositoryinstall,1
FeedbackName,1
theendpoint,1
2013release,1
threeparameter,1
iterates,1
VersionMajor,1
meYou,1
predictor.last,1
3enum,1
TranscriptPS,1
GitHub.Microsoft.PowerShell.SDK,1
ConsoleKey.Home,1
OutputBy,1
Comma,1
whichthey,1
#demonstratesexampleusing,1
member.powershellthe,1
loaded.powershellexample,1
nestedps,1
nordo,1
overwritingthat,1
psstyle.progress.style,1
WindowsPowerShell.System.Management.Automation.Internal,1
hashtable.powershellwhile,1
incertain,1
ascending,1
allparameter,1
orinstalled,1
resource.pop,1
about_module_manifests,1
eachitem,1
anunhandled,1
typetake,1
interface.If,1
ExchangeLast,1
valuesof,1
servicestatus,1
lev2role,1
typeconstraint,1
session.Modules,1
PSScheduledJob,1
andtheir,1
willnot,1
converterparse,1
SecurityUndo,1
mergedwait,1
doesn'tmean,1
yearthe,1
Rob,1
FinderInstall,1
it.From,1
session.An,1
orderof,1
Widthelement,1
stepseditor,1
wordtocomplete,1
icontentwriter,1
NamesThe,1
INPUTSFor,1
LocateVerb,1
PowerShellDataFilePowerShell,1
disks.powershelloutputget,1
withouthaving,1
mode.App,1
continue.data,1
topic.xml,1
thorizontal,1
Unrestrict,1
transcriptsavoid,1
core4,1
TRThe,1
we1signalwarrant1skycommand1tkhadimullin1johnkberry2juvtib2mklement02sagatboy334top,1
runtimes７,1
juneus,1
runs.you,1
finder2,1
remotely.powershellto,1
class.clusterdata,1
SSN,1
localgroupmemberdisable,1
objectlast,1
System.Management.Automation.dll.The,1
ListControlSelectionCondition,1
appreciatefeedback,1
sublevel,1
thatshould,1
theentryselectedby,1
LiteralPathand,1
easilyassign,1
threezerothreeps,1
psitem.exception.innerexception.powershellthe,1
thisspecification.Although,1
certstorelocation,1
groupsgroup,1
PowerShellusing,1
acatch.powershellthank,1
1678.13,1
167:477,1
RemovePrinterConnection,1
readingVisual,1
OUTLOOK,1
OutputIf,1
nomatch,1
statementsscript,1
GenericError,1
OutputIt,1
orerror,1
ConceptsCmdlet,1
samplestake,1
splitps,1
valuesin,1
PowerShellWorkflow,1
thatpoint,1
addition.you,1
linuxkaliinstallation,1
view.XMLAs,1
sameprogram,1
amplifyCreate,1
used.without,1
powershell.invocationstateinfo.state,1
valuesif,1
.12.1,1
Administrative,1
contentsupport,1
tear,1
2025ansi,1
tool.the,1
Theright,1
indevelopment,1
runtime'to,1
BeginProcessingBIND,1
sureyou,1
carefullyjit,1
eachproperty,1
GroupByParent,1
preserve_view,1
WindowsLinuxCompatible,1
iss.importpsmodule,1
userAccountC,1
provided.details,1
GroupByText,1
lessening,1
computer.repair,1
before.so,1
tedious,1
arereference,1
ieee,1
automatically.cmdletbinding,1
beconfigure,1
results.however,1
int.powershell,1
view.table,1
itselfissue,1
8.0.27,1
System.Management.Automation.CommandParameterSetInfo,1
PublicationStatus,1
andcreat,1
PowerShell.PowerShellOutputA,1
PSRemotingWindows,1
mrcomputername,1
misunderstand,1
SecurityGroup,1
suited,1
thedisplayed,1
alsomultiple,1
thetable.Specify,1
pathFully,1
seeabout_character_encoding,1
orprocess.block,1
overview.Another,1
restrictions.this,1
processdisable,1
AttributesNone.ElementDescriptionCustomControl,1
tablepriority,1
canreact,1
four'pipeline,1
alengthy,1
pagingid,1
agnostic,1
sql03protocol,1
intermingle,1
machine.powershelloutputwindows,1
provider.canacceptfeedback,1
TestBeginProcessingClassTemplate,1
StringBuilderPowerShellAgain,1
parameter.powershellif,1
dataselfcom5bobbybatatina2powershell,1
thesystem.management.automation.cmdlet.invoke,1
PasswordLastSet,1
CurrentVersionProgramFilesDir,1
https://github.com/powershell/powershell/releases/download/v7.5.7/powershell_7.5.7,1
parameter.managing,1
blocksare,1
debuggerwait,1
existingcontent,1
instance.your,1
theoutputtype,1
McMaster,1
usesmyfeedbackprovider.cs,1
PaneRightMoves,1
20853,1
operatorsyntaxdescription,1
matchingprocesses.addrange,1
determineit,1
ensureeverythe,1
MachineConfiguration,1
psresourcerepositoryupdate,1
Eachdistribution,1
true.powershellin,1
initialsessionstate.invoke,1
archivemethod.there,1
problem.apply,1
saved.saving,1
pipeline.Required,1
<PSToken>,1
inhtml,1
classRemote,1
definitions.wideentry,1
AlsoEnumerableExpansion,1
powershellprocess,1
thecontents.the,1
asynchronously.runspace,1
profiles?the,1
attributes.the,1
bomutf16le,1
beSystem.Management.Automation.Cmdlet.ProcessRecord,1
SSH.Remote,1
terminatingcharacter,1
ComputerCheckpoint,1
andhighernotecimcmdletswindow,1
matchedlogical,1
scenario2.ps1start,1
scriptblockprosconsexample,1
pssubsystempluginmodel７,1
SummaryReviewReferencesabout_Comment_Based_HelpVideo,1
containerEnter,1
powershellinstallation.currently,1
document.updated,1
Domainsare,1
propertyconvert,1
example.powershelloutputjust,1
aren'tcompatible,1
file.selectioncondition,1
cmdletpause,1
wtsapi32.dllmixing,1
capabilitieshow,1
2.2.5,1
supported.previously,1
2.2.0,1
2.2.1,1
forconfirmation,1
pssessionoptionnew,1
orSSH,1
OutputTo,1
key.Open,1
supplythe,1
20815,1
samplesprovider,1
True.PowerShellI,1
onlyaccept,1
tocomplete,1
defaultsystem.management.automation.runspaces.initialsessionstate,1
import.importing,1
converted.only,1
orenclose,1
inHKEY_LOCAL_MACHINE,1
lparamset,1
unit.a,1
poweruserset,1
Microsoft.Office.Interop.Excel.ApplicationClass,1
<param name="y">,1
pstokentype,1
definesa,1
19824,1
integerthe,1
searchcapability,1
19830,1
outputfunction,1
19831,1
this.linenumber,1
20826,1
supportclose,1
20820,1
commandslike,1
site.area,1
thewebpage,1
thismore,1
cmdlet.nouninstanceproperty,1
pssessiondo,1
assemblies.a,1
definition.The,1
thesemechanism,1
IsUpper,1
modernsystem,1
contiguous.positions,1
ToRegex,1
thisbook,1
firstcmdlet.the,1
2.0000,1
procedurewritten,1
directory.lastwritetimeinstance,1
psresourceupdate,1
FeedbackProviderKind,1
@commandparameters,1
inContinueCConsole,1
betterthan,1
different.net,1
value.this,1
rethrowexception,1
feedbacksuggestion,1
thedeveloper,1
assecurestring,1
furtherinput,1
account.name,1
19819,1
thesetting,1
SectionHow,1
CommandNew,1
abilityto,1
19814,1
specificcommand,1
ChangeYou,1
view.selectionsets,1
name.windows,1
nameparameter,1
importantfor,1
conceptsa,1
attribute.creating,1
withlock.release,1
Serv,1
announcement,1
theTableRowEntry,1
softwarerepository,1
providerImport,1
AuthenticationHow,1
IdGet,1
mitigatesbug,1
thesystem.management.automation.provider.cmdletprovider,1
forshare,1
Experience,1
AttributesCmdletParameter,1
RecycleBinGet,1
possible.portdata,1
registeringwrit,1
wideget,1
TGS,1
element.none.elementdescriptiontablerowentry,1
technologies.reduce,1
System.IndexOutOfRangeExceptionIterationPipelinePS,1
enumeration.To,1
notlikedo,1
written.preference,1
framework08,1
directlymanage,1
processcmdlet,1
higheror,1
charactersimage,1
101Configuration,1
commands.two,1
Frameelement.SchemaSyntax,1
areconsider,1
standaloneapplications.PowerShell,1
asemicolon.powershellthis,1
ObjectClearScreenSelectCommandArgumentGotoBraceMoves,1
reach.reduce,1
dcom.when,1
anydependencies.download,1
beachieve,1
mscript,1
mostimportant,1
forWideEntryOptional,1
executed.powershelloutputfor,1
TheInitialSessionState,1
providefeedback,1
FileVersionInfo,1
nooutput,1
it.how,1
TOC.The,1
Conta,1
blockscontain,1
whattype,1
7Set,1
developmentguidelines.when,1
ListCommon,1
changesparallel,1
ashashtable,1
application.assemblydata,1
arraysﾉexpand,1
installation.you,1
20994,1
stepbefore,1
messages.powershellhere,1
GreaterThanOrEqual,1
20999,1
processallow,1
inStart,1
followingargument,1
net.powershellbeginning,1
namedregex,1
NoneREMARKS,1
2.340,1
powershell2.0jul,1
response.there,1
cmdletsmicrosoft,1
too.powershell,1
cmdlethelp,1
expressionsif,1
areal,1
documentationadd,1
aread,1
blockanother,1
arraymust,1
238.472652435303,1
1751the,1
callable,1
articleuse,1
integrationprocess,1
attributesgather,1
allowed.The,1
ySet,1
ofmember,1
ofmove,1
204276,1
PowerShellidentifies,1
hashtableseverythe,1
featureto,1
CoreDOM,1
vmcopy,1
AdministratorInvoke,1
brew,1
rfccheck,1
thatoperator,1
closed2020,1
checkingspecifically,1
VirtualMemorySizeWS,1
notlikeis,1
ENTER.You,1
commonobject,1
objectproperty,1
profile.ps1the,1
session.writing,1
TheValueFromPipelineByPropertyName,1
supportedversion,1
win32_quickfixengineeringciminstanceproperties,1
listprediction,1
jearight,1
operationtimeout,1
childitemmanhelpmountnew,1
StandardDeviation,1
Windowsarticle.Why,1
objecttype,1
installedmoduleget,1
7mode,1
scopea,1
CoshStatic,1
mighthelp,1
CommonNew,1
elevationfor,1
manner.your,1
onehelpinfo,1
applied.about_profilesintroducing,1
logic.last,1
matching.powershelloutputuse,1
structurereference,1
SDKSupporting,1
asconvert,1
0.59new,1
sql02powershell,1
aninstance,1
likei,1
scriptyou,1
LastBadPasswordAttemptOutputIn,1
augustﾉexpand,1
notean,1
path.profile,1
retrieve.in,1
ApplicationMax,1
2.3.5.1,1
insuch,1
ClearPropertyClearPropertyDynamicParametersThis,1
2.3.5.7,1
maximumlimit,1
2.3.5.4,1
2.3.5.5,1
assignsthe,1
ofsupportyesyesyesincludedwindow,1
changes.new,1
items.you,1
defineda,1
allstatscount,1
Sqm,1
computers.however,1
notebe,1
method.psscriptmethod.script,1
enumeration.If,1
@Thomas,1
enumeration.In,1
new.directorycopying,1
string.when,1
WriteErrorcategories,1
PropertyDefining,1
ascriptrepeat,1
Syntaxpre,1
aliasrefer,1
false.powershellmost,1
noteby,1
parameterfile,1
parameter.powershelloutputbasic,1
passwordcredential,1
HashTableImplement,1
clashingwith,1
bemanipulate,1
numberstrue15,1
shell.there,1
themembertype,1
displayed.when,1
defined.use,1
validatenotnullorempty,1
previewupdateable,1
mymodulename.psd15,1
rules.this,1
tutorial.writing,1
input.dependentservices,1
passthe,1
.13.1,1
caseinsensitive,1
computers.related,1
hashtables.The,1
Management_CmdletsInvoke,1
happens.powershellattempting,1
RunspaceInvoke,1
Topicfunction,1
locationproviderinstance,1
object.count,1
ParameterizedProperty,1
areadd,1
filesthat,1
+004,1
agrsmsvc,1
switching,1
Youcould,1
handlers.last,1
suggestions.list,1
1.9.3,1
wideentry,1
CommonOptimize,1
NullAssign,1
ErrorDetails,1
executed.Don't,1
namessimple,1
system.management.automation.provider.navigationcmdletprovider,1
view.xmlselection,1
imported.Before,1
operatesexactly,1
itemsrename,1
OptionsDefine,1
CimMethodInvoke,1
expression.to,1
SelectStrPSSnapin,1
FilesHow,1
Classic,1
CimClassMethods,1
toolssupport,1
RestoreResolve,1
null.commentspipelinesstatements,1
Merges,1
data.typename,1
Merger,1
-1995-1654-4615-2295-2755-89query,1
nextoperation.supporting,1
provider.declaring,1
workloads.The,1
ControlsCustom,1
canonicalverb,1
directlywith,1
outputaccess,1
beexamine,1
otherwise.the,1
valuethe,1
ofmore,1
10syntax,1
first.consider,1
control.powershelladd,1
characterisdigitstatic,1
TermsA,1
theinvocation,1
3.0HKEY_LOCAL_MACHINE,1
MethodOrPropertyInvocationNotAllowed,1
interpret.To,1
incmdlets.cmdlet,1
both.in,1
left.To,1
beexecute,1
bashsdwheeler@circumflex,1
disrupt,1
defaultadd,1
methodsystem.collections.arraylistsystem.text.stringbuildersystem.io.streamreaderfile,1
EXAMPLE,1
myjeaendpoint.pssc,1
isdisplayed.Configuration,1
aboutmodule,1
itlater,1
detailedscenario,1
ie.visible,1
ifif,1
GUIDE,1
executionpolicyrestrictedget,1
simplefunction,1
console.this,1
tobecome,1
aren'tsupport,1
macos.windowsｅoverviewinstall,1
form80,1
theindex,1
jargon,1
emphasisuse,1
expressionstatement,1
creatingyour,1
newsgroups.how,1
unarycomma,1
positiontest1,1
Pane.Tab,1
systemchapter,1
psise.currentfile.saveas,1
objects.outputvirtualmemorysize64,1
set.for,1
MinLengthattribute,1
scriptValidateScript,1
cmdlet.types,1
KindTypePurposeAverageInstance,1
withpowershell,1
ModuleModule,1
key.The,1
startups.some,1
2026confirmare,1
about_output_streams,1
20981,1
differenttype,1
resources.powershell,1
enddescription,1
scriptfrom,1
powershell.because,1
ati2evxxaudiodg,1
syntax.powershellthere,1
.7.6.2７,1
XmlDebug,1
pairedwith,1
archiveexpand,1
charactersfor,1
wsmanstackversion,1
therequirement,1
expressionattribute,1
sessionconfigurations.beginning,1
OutputConsole,1
2.3.7,1
element.none.elementdescriptionname,1
helpfileabout_wql,1
orprogid,1
session.On,1
differ?foreach,1
it'salway,1
accepts.in,1
guide.minor,1
theobject.creating,1
alphabeticletteriswhitespacestatic,1
containyour,1
desirablewhen,1
january.csvrelated,1
getchilditemmetadata.parameters.remove,1
elements.c,1
Tag,1
action.notice,1
ShellSessionAlso,1
VerbsDiagnostic.Resolve,1
BackgroundColorMap,1
bindingfunction,1
method.psmethod.tostring,1
<subject or module name>,1
xyzabc,1
ofaddresses.outputusing,1
LinuxUsing,1
channelsfeedback,1
transactionundo,1
ArrayListEnumeratorSimple,1
null.i,1
thatca,1
later.doesn't,1
workflowanymore,1
specify.powershellone,1
KindTypePurposeDefaultParameterSetInstanceproperty,1
newitemprotect,1
repository.devcontainer,1
class.implement,1
2.3.1,1
resolvethe,1
DscLocalConfigurationManagerStart,1
expression.expression,1
20942,1
pipeline.PowerShellIn,1
differences.engine,1
qualification,1
arg2arg,1
namechosen,1
thewin32_logonsession,1
Revert,1
platform.related,1
insertion,1
NoKeywords,1
resourcegroupname,1
ofview,1
help.xmlprovider,1
powershell-7.4.16-osx-arm64.tar,1
20915,1
20913,1
20910,1
subdirectorieson,1
1024mbmegabyte,1
1.934,1
sample.powershell,1
contentabout_functions_argument_completionabout_tab_expansionﾉexpand,1
<param name="x">,1
line.trim,1
objectthe,1
enteryour,1
20925,1
logentries.count50000the,1
SchemaThis,1
website.before,1
class.Output,1
false.writing,1
PSMaml,1
about_using.2,1
20919,1
whichPowerShell,1
TimeZoneWindows,1
20916,1
collectionsother,1
loaded.powershelloutputexamples,1
system.int32.the,1
manyof,1
alsoupdate,1
blocks.markdown,1
session.To,1
-1995-1654-4615-2295-2755-89version,1
executable.powershell,1
securethan,1
GetIndexOfEntry,1
Registry.Last,1
System.OperatingSystem,1
stylelayout,1
these.I,1
ctrl+break,1
hyperlink.bare,1
thesuggestion,1
Perflib,1
allowsprevious,1
articles.published,1
PowerShell.Use,1
sessionson,1
listint.add,1
timecheck,1
wrong.some,1
System.Management.Automation.Cmdlet.WriteWarning.This,1
sourcelines.a,1
actionby,1
debugverbose,1
helloworld.ps1,1
Machine,1
typearray,1
helpCmdlet,1
jobs.system.management.automation.job,1
toconnect,1
FunctionA,1
iexploreThe,1
notenone,1
namesalway,1
computerthat,1
Thisrepository,1
avoidExpand,1
thisinstance.minuteinstance,1
subkeyand,1
SDKThe,1
openedthegraffix4crisman43raju25291dstreefkerk1vontompers1mubed1frederisk1khaffner1noamper1aksarben4new,1
elementWhen,1
sql02to,1
msdn,1
blockscan,1
returndeserialize,1
17484,1
PowerShellOutputUsing,1
PSMethodInvocationConstraints.GetHashCode,1
forwidecontroldefine,1
displayprogress.powershell,1
octobergithub,1
manualconfiguration,1
updatesabout_functions_advanced_parameters,1
line.get,1
oftenleverage,1
eachmachine.To,1
ArgumentSet,1
GroupByEntrySelectedBy,1
4summaryreviewreferencesabout_forabout_doabout_whileabout_breakabout_continueabout_returnin,1
fileadded,1
#inline,1
7The,1
thatoutput,1
topic.xml７,1
SFURemote,1
UserNames,1
NetlogonRequiredServices,1
infinityﾉexpand,1
<system.management.automation.scriptblock>,1
expressiontrap,1
moduledirectory.If,1
hostthe,1
attribute.writing,1
entries.If,1
andSystem.Management.Automation.Provider.ContainerCmdletProvider.GetChildNames,1
OperatingSystem,1
article.if,1
note2,1
more.powershell02,1
vt100,1
raised.this,1
index4,1
about_command_precedence,1
non-windowsplatformsfurther,1
contributions@xxlmandalorian013,1
cimcmdlet,1
countthe,1
name.at,1
authenticationprotocol,1
Deserialize,1
executionpolicyremotesigned,1
declarevaluefrompipeline,1
platypsthe,1
procedure.you,1
PSSessionparameter,1
15.12,1
17477,1
mergecontent,1
groupconfigurationlocal,1
startsto,1
notei,1
confirmation.confirmimpact,1
gatewayfor,1
reference.for,1
2025signing,1
DataTest,1
andhighernotemicrosoft.powershell.threadjobinstallable,1
EventLogcmdlet,1
orSystem.Management.Automation,1
eventsAlternatively,1
mostget,1
HelpPowerShell,1
samelocation,1
specified.retrydata,1
LiteralsCalls,1
DeclarationAlias,1
enumprinterconnection,1
powershellGentooSLES,1
path.returns,1
parameter.because,1
PiCommunity,1
process.by,1
dimensionalarray,1
throwerror.ps1invocationname,1
macOSﾉExpand,1
Thisconfiguration,1
thecompile,1
fdash,1
initiallyis,1
tableelementdescriptionprovide,1
beforethe,1
june83,1
andhelp,1
directsupdate,1
availablethrough,1
CannotConvertArgument,1
iscongest,1
URL,1
sameposition.remarksonly,1
topic.powershellthe,1
endprocessingwrit,1
andSystem.Management.Automation.Cmdlet.ShouldContinue.C,1
Bicep,1
array.powershellyou,1
month.content,1
thewidth,1
Declaration.System.Management.Automation.SwitchParameterParameter,1
CommunicationsDismount,1
havinga,1
Declaration.Use,1
conversionsa,1
WinFormsExampleUpdates,1
cmdletsfix,1
created.a,1
#minlength,1
memoryintensive,1
notif,1
conversion.the,1
privatedefaultsessionstate,1
system.management.automation.verbsdata,1
w32timeStatus,1
<cmdlethelppath>,1
helps.constrainedlanguage,1
Get...Import,1
interactively.the,1
detectionlatest,1
pipeline.if,1
system.management.automation.errorrecord.fullyqualifiederroridproperty,1
policyuse,1
179.19,1
userwhen,1
filenotfoundexception,1
afileinfo,1
viewwide,1
conflictsdocumentation,1
classProvide,1
cmsmessageprotect,1
40.42,1
unneeded,1
restrictionpowershell,1
directdependency,1
foldermust,1
thesystem.management.automation.cmdlet.getresourcestring,1
verb.function,1
order.a,1
bottomof,1
DataConvertTo,1
Methods.Declare,1
argumentcompleterregister,1
thisexception,1
process.if,1
4switch,1
mymodule'push,1
ObjectGet,1
PSSessionWindows,1
verbmost,1
y.xsdprotocolversion,1
andconfusing,1
andsystem.management.automation.cmdlet.endprocessing,1
scopeand,1
CommandPrediction,1
windowsupdate0,1
powershelloutputlist,1
wheredhcpserver,1
intoerror,1
PSVersionTableName,1
ConsoleColor.Yellow,1
ofobjects.hidetableheaders,1
file.below,1
string.running,1
anupdate,1
examplespowershell,1
workinglocation,1
else?everything,1
project.powershelloutputafter,1
engine.area,1
you!k,1
Manifestsabout_ModulesNew,1
myarray,1
System.IFormattable,1
into.last,1
changelog2024,1
functionsnot,1
SetPropertyDynamicParameters,1
authorneed,1
row.xmlcreating,1
+123,1
samea,1
<CC>,1
YourWindows,1
pathsinline,1
CharactersﾉExpand,1
list.This,1
showparameterhelpset,1
stringdatatype,1
promptedto,1
9creating,1
sql01'using,1
s.you,1
PowerShellOutputIn,1
method.This,1
system.management.automation.provider.containercmdletprovider.renameitemdynamicparameters,1
UpdateThere,1
bestauditing,1
specifiedby,1
forviewselectedbyoptional,1
HelpTopic,1
server013052,1
constantspecify,1
rejectsthe,1
it'slook,1
thesecmdlet,1
https://www.youtube.com/watch?v=0_deb61yomcgithub,1
oflocationspop,1
waythan,1
file.register,1
copiesthe,1
valueinclude,1
HistorySaveStyle,1
itsoriginal,1
whencontrol,1
-04-01uninstall,1
PSSessionConfigurationEnable,1
derived.Keep,1
nullsummaryeverything,1
driveFor,1
values.encodingdata,1
braces.powershellreset,1
code.loops,1
column.leftindent,1
powershellwscript.network,1
services.txt,1
createdynamic,1
StopStart,1
SDK.The,1
noteit,1
notecode,1
termination,1
network.what,1
parameter.validatelength,1
PowerShellOutputGetting,1
log.For,1
ArgumentCompleters,1
system７,1
PolicyLast,1
Controller2,1
LengthThis,1
configurations?For,1
tableWhat,1
DivisionThe,1
dc01smbiosbiosversion,1
system.arrays,1
display.You,1
orproxy,1
AutoStopping,1
AuthenticationPolicy,1
StartupType,1
@wmentha,1
AllBreakpoints.The,1
iwhen,1
dxstudioexcel,1
ServerRunning,1
PSSessionSummaryReviewabout_Remoteabout_Remote_Outputabout_Remote_Requirementsabout_Remote_Troubleshootingabout_Remote_VariablesPowerShell,1
Trust,1
MrToolkitNuGet,1
file.controls,1
thenull,1
things.except,1
theSystem.Management.Automation.CredentialAttribute,1
this.onright,1
tableenumerator,1
3function,1
singleobject,1
adcentralaccesspolicymember,1
element.in,1
binary.shshlast,1
</getcodereference>,1
work.powershellwe,1
maxrange,1
failed.pstypeconverter,1
DescendingCount,1
DisplayGet,1
element.if,1
conceptualarticle,1
17455,1
Core.First,1
2025foreach,1
System.Management.Automation.PSDriveInfo,1
ideapriority,1
markedby,1
filename.while,1
adapterappendix,1
truevaluefromremainingargument,1
suchproperty,1
hkcuget,1
menucompletefinding,1
00:00:02.36,1
receiving,1
FunctionHelpindependently,1
editortext,1
WideControlWriting,1
0Machine,1
noteon,1
viewmanaging,1
psitem.exception.filename,1
places.outputget,1
offsetof,1
PowerShellModules,1
filteredcommands,1
variableIn,1
boolindicate,1
myfile.htmlreduce,1
list.parameters,1
members.powershell3,1
members.powershell2,1
PowerShellModuleA,1
https://packages.microsoft.com/config/debian/$VERSION_ID/packages-microsoft-prod.deb#,1
GetChildNameThe,1
rmdirrmremove,1
astepp,1
IsBoxDrawing,1
ServiceHDAudBus,1
CommonRename,1
web01'other,1
organizing,1
statistics,1
</excludeassets>,1
manipulation.powershell3,1
thecontrol.When,1
rework,1
UseNewRunspace,1
logs.enforce,1
defined.only,1
thankfully,1
Culture,1
17405,1
wasrun,1
method.Error,1
article.to,1
sideeffect,1
Hypot,1
resultsinformation,1
ViewLabel,1
20162027,1
numbers15,1
begin.there,1
itempropertydiffcompare,1
logo.using,1
sugar,1
Qand,1
startswith,1
ofpackage,1
definitionsdeclaring,1
function.consider,1
icomparer,1
topicsadd,1
PowerShellHashtables,1
hansen1hrxn1peteraritchie1what,1
yourextended,1
file.follow,1
system.management.automation.pscustomobject,1
rights.launch,1
areexpand,1
session.to,1
retrieved.binary,1
thatthey,1
sysop,1
2026uninstall,1
nouserid,1
rte.errorrecord,1
set.types,1
tryto,1
valuetoconvertparameter,1
andtrailing,1
object.cmdlets,1
person.location.city,1
capabilities'jea,1
thecolor,1
wldap32.dll,1
ModuleTypeis,1
conversely,1
JanTop,1
PrinterShow,1
<!--parameter set 1 (default parameter set) parameters go here-->,1
supportside,1
ProgIds,1
ElementWrapTables,1
set.none.elementdescriptionname,1
collection.powershellwhen,1
TabTo,1
escapedcharactermeaning`aalert,1
sshd.exe,1
Motor,1
AudibleDingDuration,1
adaptthe,1
EmailaddressImplement,1
former,1
HelpFileabout_Variable_Provider,1
Artifacts,1
Uninstall.Ｕ,1
interpretation,1
hasfinish,1
GetChildNamesDynamicParameters,1
PowerShellOutputWe,1
proceeding.by,1
page.powershell,1
psresourcerepositorytest,1
tested.powershelloutputthe,1
verificationversion,1
igfxIntcDAud,1
value.ps,1
revocation,1
System.ServicePro,1
ElementsElementDescriptionWideItem,1
icollection.type,1
NETcode,1
exception.invoke,1
thatprovider.there,1
systemc,1
used.schemasyntax,1
ModuleMemberLast,1
files.defaultlanguage,1
TrueUpdating,1
MrPSVersionScript,1
shell.add,1
inpowershell.exe,1
typecategory,1
content.powershellremarks,1
fromsystem.management.automation.provider.icontentcmdletprovider,1
blocktip,1
services.the,1
Multiselection,1
UserNameif,1
JobsThis,1
includeshell,1
similarguidelines.a,1
isnegative,1
UbuntuAlternate,1
desired.be,1
error.consider,1
subscripting,1
switcheverythe,1
System.Management.Automation.Cmdlet.Invoke,1
blockthe,1
PSReadLinePSReadLine,1
-10-14included,1
GetPropertyGetPropertyDynamicParametersThis,1
itemsoutputbecause,1
happen.i,1
helpinformation,1
2022operate,1
information.microsoft,1
charsan,1
raw$,1
commands.function,1
writeincreasingly,1
longerresponding,1
parameterargument.validatescript,1
thetypes.ps1xml,1
60ea,1
whatyou,1
perhaps,1
VPN,1
rate,1
elevated.there,1
mthe,1
JEAArticle,1
FormatError,1
asystem.net.http.httpresponsemessage,1
openedmatt9ucci4yecril71pl3tholabrk1lukejjh1oechiih12021,1
theSystem.Management.Automation.PowerShell.Invoke,1
Middle,1
rowseach,1
methodonly,1
SHIFT+F,1
theColumnNumber,1
SetValueInvocationException,1
SecureRandomUsing,1
files.each,1
line.for,1
thepipeline.param,1
authorization,1
localvariable,1
adebugger,1
listview.configuration,1
isitemcontainerprotected,1
object.pspropertyset.copy,1
viewpropertyname,1
SSH?See,1
commandsagainst,1
allowedcommands,1
Undo,1
CmdletSupported,1
class.releasing,1
DisplayRoot,1
makepublic,1
inputstrings.by,1
27.6.4,1
cescape,1
fileexpand,1
about_Simplified_Syntax,1
article.last,1
PowerShellrequired,1
definedmodule,1
about_remote_faq,1
2025testing,1
vnet,1
drivePSSerializeJSONLongEnumAsNumber,1
Whenthis,1
memberparam,1
ComputerInfoGet,1
True...Get,1
communication.when,1
constructorsabout,1
code.After,1
thecomponent,1
workflows.transactiontype,1
openedskycommand1springcomp1cwilson,1
releasedhcpleaseallinvoke,1
thoseoperation,1
shellCustom,1
ScriptStackTrace,1
boththe,1
WindowsmacOSLinuxAdditionally,1
+2.3,1
NameOfProperty,1
UncompressExport,1
OpenSSHfor,1
win32,1
replacereplace,1
switch.the,1
asinput.powershelloutputget,1
manifest.spdx.json.the,1
starttime.dayofyear207the,1
DebianUbuntu,1
object.psmemberset.copy,1
platforms.cmdlets,1
othermiscellaneous,1
6201,1
havebut,1
commandpowershell,1
whensomething,1
methoddesignator,1
alignmentis,1
OverviewWriting,1
ServerBbelongs,1
aregroup,1
Errors.Keywords,1
XMLStep,1
Help.Syntax,1
8859,1
Appinfo,1
AlsoOutOfBand,1
00c04fd58a0b,1
theC,1
MyProcess,1
@jorgeasaurus,1
keyword.autogenerated,1
pipeline.running,1
misunderstanding,1
ofsystem.console,1
panemaximizedmaximize,1
users.PowerShellSpecify,1
withoutrealize,1
here.there,1
hostcomparecompare,1
isesnippetimport,1
specifichost,1
scopepowershell,1
stopprocess,1
concepts.cmdlets,1
ImportantEssential,1
MemberStatus,1
192.168.1.81,1
toosmall,1
System.Management.Automation.Runspaces.Runspace.ThreadOptions,1
line.psreadline,1
exceptionthat,1
solutionsloading,1
scenario3.ps1start,1
directorythat,1
foralphabetical,1
itemthis,1
thet,1
ther,1
usingjust,1
ModulesUserinstalledAllUsersscope,1
paramstatementthis,1
categoryissue,1
falsesome,1
CurrentControlSetGameConfigStore,1
thedomain,1
mymodule.deps.json,1
#message,1
avoidConnect,1
helpdynamic,1
keywords.The,1
quotesfunction,1
HostMake,1
4now,1
that.i,1
jobwhere,1
not.a,1
maintenancearchive,1
descriptionthis,1
properties.ets,1
toexplicitly,1
view.xmllistentry,1
typesprovider,1
make.this,1
notfit,1
system.object７,1
conversionwhen,1
apart,1
87.7.4,1
policyenforcement,1
blocktry,1
HKEY_CLASSES_ROOT,1
variableand,1
applicableparameter,1
define.your,1
secondzeroonewe,1
theprinciple,1
strings.In,1
</command:returnvalues>,1
closed,1
defined.powershellyou,1
beingreferenced.consider,1
levelmetadata,1
thosedecision,1
remote７,1
codesamplesquality,1
JSONColor,1
recursecreating,1
wildcardpattern.escape,1
problemsprofile,1
idynamicpropertycmdletprovider,1
reluctant,1
creation2,1
apowershellwhen,1
property.one,1
reasonably,1
multi-byte,1
thin,1
accessa,1
nullin,1
installedpsresourceget,1
ForwardWord,1
inputwould,1
ordinaryvariable,1
order.for,1
Theresult,1
Va.,1
ofdefinition,1
GuidelinesFor,1
implement.system.management.automation.host,1
typesallow,1
system.management.automation.provider.ipropertycmdletproviderinterface,1
examination,1
levelMoved,1
about_wildcards,1
controlnew,1
01/26/2026,1
bewritten,1
FilesFor,1
slight,1
isdisplayed.typename,1
automationｉreferencemicrosoft.powershell.secretmanagement,1
dependon,1
module.demonstratesexamplechanges.xmlthe,1
location.examples,1
abcxyz,1
Oldest,1
variable.a,1
whetherthey,1
decrementoperator,1
away!We,1
5scriptname,1
88.44,1
anextension,1
CodeLearn,1
types.this,1
documentsPowerShell,1
seetheir,1
helpfileabout_logging,1
internationalization,1
EXTERNALHELPPowerShellThe,1
experimentalfeaturename,1
started.this,1
HKEY_LOCAL_MACHINEYou,1
this.powershell,1
CustomObject,1
MediaProgramFilesPath,1
gettingupdate,1
HelpFileabout_Variables,1
constructed.the,1
SamAccountN,1
wmisearcher,1
2025digitargumentsee,1
moreaccurate,1
<nullable>,1
JobSave,1
command.using,1
addingto,1
17579,1
CopyProperty,1
completion.fix,1
andtypescmdlet,1
codeproperty.IsSettable,1
value.powershellbut,1
pstransportoptionout,1
MenuRun,1
too.powershellthe,1
feedback.there,1
scenario4.log124path,1
selectitem,1
DataExport,1
wOut,1
codepropertyelement,1
VisibleProviderscommand,1
easily.avoid,1
@renameitempropertysplatdeleting,1
isdeserialized.The,1
security.keycontainernamedata,1
about_pipeline_chain_operators.2,1
themicrosoft.powershell.diagnostics.dll-help.xml,1
listentrywrit,1
andToUpper.When,1
<lastname>,1
#hacktoberfestStatus,1
issystem.collections.generic.dictionary,1
Mount,1
View.ListEntry,1
adeveloper,1
utf16be,1
repository.github,1
tracesourceset,1
necessarydependency,1
7:57:07,1
areunspecified.extended,1
version.for,1
seconds.string,1
wheninstall,1
alsonon,1
enumerationconstant,1
ConfigurationFile,1
17535,1
run.c,1
getsupport,1
WIP,1
run.a,1
starting...invoke,1
TheAliasProperty,1
contentpreventing,1
runtimedesign,1
problem.there,1
pdfif,1
modulessupport,1
suppressed.defaultparametersetname,1
thehashtable,1
pipeline.examples,1
add_explorer_context_menu_openpowershell,1
CurrentVersionConfirmThe,1
theculture,1
processname.length,1
ifThe,1
patterns.below,1
command.see,1
sqlpsitemparametersa,1
alsoaccessdbprovidersample01this,1
thedatabase,1
access７,1
#create,1
Anavigation,1
truesummaryreviewabout_pipelinesabout_command_syntaxabout_parameterspowershellget,1
hivesif,1
2025approved,1
ModuleAnalysisCache,1
WinGetCommandNotFound,1
expanded.ElementDescriptionEnumerableExpansionElementDefines,1
modules.turn,1
rightmargin,1
None.None.ElementDescriptionDefaultSettings,1
hashtablesWhen,1
Enumerable,1
severalstring,1
this.powershelli,1
MemberCommandType,1
myModuleinto,1
WindowsIntegrates,1
0xfffff,1
host.setting,1
filter.if,1
Winlogon,1
function.writing,1
projectalongside,1
sets.default,1
parameter.powershellthis,1
27095,1
restrictions.wldp_can_execute_blocked,1
share.the,1
myexception,1
default.create,1
names.in,1
weekly,1
likecolor,1
CodeSee,1
articles.area,1
azureopenai.types,1
memory.OutputNew,1
containproperty,1
andexplain,1
confirmparameter,1
spelling.vale,1
request.last,1
everyuser,1
versionneed,1
attributecmdletbinding,1
processoptions,1
infpath,1
tocollect,1
suite,1
packagemanagement.psm1,1
EnumerationDetermines,1
System.IO.DirectoryInfo.When,1
issuework,1
timeline,1
characterscan,1
processeswhile,1
yours,1
thesize,1
displayed.entryselectedby,1
platyps.cmdlet,1
tag.if,1
propertywith,1
punctuatorb,1
long_bit,1
Agere,1
DataClear,1
bycomma,1
ModulesModule,1
commandshould,1
own.in,1
computers.you,1
WindowsManage,1
7.2.22,1
manifestan,1
settings.resource,1
7.2.23,1
<cmdlethelppaths>,1
distributionsThere,1
largeparam,1
WQL,1
FunctionsToExportsection,1
tomanipulating,1
theALC,1
number.the,1
AlsoGetProcessSample05,1
http://server01:5985/wsman,1
AlsoGetProcessSample04,1
psstyle.fileinfo,1
AlsoGetProcessSample03,1
DocumentsWriting,1
verificationauthorization,1
definition.there,1
samplea,1
inpowershellthe,1
conceptualconceptual,1
Mitigating,1
stillexplicitly,1
parameter.As,1
Core７,1
tricksps,1
punctuatordescription,1
withinPowerShell,1
presentingthe,1
returnan,1
Joel,1
variableget,1
considerationspowershell,1
type.whitespace,1
andvalue2,1
textf8f8list,1
thespelling,1
oldalex,1
sandbox.store,1
cmdlet.platyps,1
unspecified.echoargs.exe,1
operation.confirm,1
completermore,1
interpolate,1
sourcesuch,1
thisoperator,1
nuancespre,1
parameters.c,1
alsolearn,1
seeCmdlet,1
sessions.narrow,1
file1.txtyou,1
manifests７,1
a-thonup-for-grabsany,1
packagecurl,1
objectinitialsessionstate,1
<noteproperty>,1
injection.module,1
ProvisionedAppPackage,1
Side,1
AsHashtable,1
costly,1
well.administrators,1
Microsoft.PowerShell.Host,1
net.the,1
PowerShell.See,1
parameters.input,1
homebrew,1
aninterest,1
controlput,1
0disable,1
yousupport,1
powershellgetthe,1
name.Alternatively,1
error.powershellhowever,1
notesystem.math,1
takeadvantage,1
wincompatThe,1
parameters.to,1
articles.help,1
resultsyou,1
BrowserWindows,1
message?starting,1
Windows.There,1
notrailing,1
RuntimeExceptionFunction,1
passwordl,1
about_classes,1
tobelong,1
pre-assign,1
module.removing,1
tick,1
InformationSupport,1
Functionality,1
GreetingTx,1
column.none.none.schemasyntax,1
lastformat,1
toexpand,1
emphasisbold,1
outsidethe,1
adigital,1
Invalid,1
another.preexisting,1
burn,1
about_functions,1
PrependData,1
screen.console,1
comments.output,1
aremutually,1
limitationszip,1
alice'powershell,1
RenameProperty,1
18servicepackmajorversion,1
MoveItemDynamicParameters,1
psbreakpointset,1
inour,1
ofcustom,1
otherformat,1
wrapelement.none.none.schemasyntax,1
secs.jobcount,1
file.use,1
contentunderstand,1
value2,1
ProfilesLast,1
PropertiesName,1
localhostget,1
assembly.attributedata,1
successfully.processing,1
cmdletsupdated,1
v2.xpowershellget,1
WindowsXP,1
ofuse,1
none.use,1
cmdlet.you,1
command.xml,1
redirected.metadata,1
bits.operationdata,1
openedehmiiz55szabolevo57anderjef2turbedi1desk71cobrabr1zyinmd12023,1
532:6451:5630,1
mute,1
parameter.define,1
17619,1
code.use,1
thetablerowentry,1
astandard,1
descriptionreflect,1
outputsnone,1
theeffect,1
languageprimitives.convertto,1
implementingthesystem.management.automation.provider.idynamicpropertycmdletprovider.renamepropertydynamicparameters,1
supportansi,1
moduledynamic,1
PowerShellAssuming,1
toexamine,1
processdebug,1
foldersthis,1
Josh,1
functions?about,1
780.45,1
predictor.the,1
ListItemPropertyName,1
-123.60010.6,1
serverthe,1
ValidateScriptAttributeAdded,1
parameter'identity,1
countwrit,1
correctly.with,1
Federal,1
resolved.ﾉexpand,1
ResolveMyCmdletCommand,1
includetypeinformation,1
positionon,1
authority.certstorelocationdata,1
stringcomparison,1
methods.get,1
UbuntuUbuntu,1
expressionoutputthis,1
name.powershelloutputto,1
numbersin,1
LanguageSpecification,1
stop.error,1
01lax,1
thecmdletbind,1
performed.in,1
rhide,1
plural,1
reenable,1
DataYou,1
it.sometimes,1
returnsa,1
CommandCompleter,1
CanonicalNa,1
aredocument,1
Moduleallows,1
state.you,1
add.the,1
runningon,1
help.comment,1
ModuleVideo,1
com.openssh.sshd７,1
CommonSelect,1
anddialog,1
option.you,1
frameworksystem.diagnostics.eventlog,1
providersvisibleprovider,1
people.kevin.age36ps,1
PSCommandNotFoundSuggestion,1
microsoft.powershell.c...aliasesget,1
System.Management.Automation.PSTypeName,1
mayfind,1
field.powershellwhere,1
livethe,1
works.with,1
#VBTo,1
data.tablecolumnheader,1
AlsoWrap,1
17687,1
script.Run,1
accountin,1
stack.redo,1
scriptsPowerShell,1
tipa,1
Carroll111raynbowbriteVanda,1
PSSessionConfiguration.To,1
run.compatibleversiondata,1
withMicrosoft.PowerShell.SDK,1
registryWSManWSMan,1
System.Management.Automation.PSPropertySet,1
thatretrieve,1
names.to,1
variousattribute,1
15035,1
reboot.powershellthe,1
Con...Exit,1
17693,1
identifywhat,1
runningan,1
multi-dimensionalarray,1
performtheir,1
updatedsession,1
Wed,1
outputGet,1
TheAliasInfo,1
avoidbee,1
PSDrive.PowerShellOutputThe,1
mylist.add,1
everyone.prs,1
17664,1
values.powershella,1
17660,1
17661,1
aggressively,1
theverb.When,1
repeatedhere,1
referencePowerShell,1
theshouldprocess,1
2025accessdbprovidersample06this,1
FullyQualifiedTypeName,1
trueremove,1
youin,1
read.outputps,1
unboundset,1
SQLServerGet,1
user.this,1
algorithm.credssp,1
emphasismarkup,1
operatorsassignment,1
dependenciesneed,1
path.certsubjectnamedata,1
psgallery,1
entry.The,1
forshouldcontinue,1
useeither,1
megabytes.powershellby,1
acceptswildcard,1
dangerousfunction,1
AlsoValidateRange,1
impact.the,1
17654,1
row.elementdescriptiontablecolumnitems,1
DateTimeFormatif,1
17650,1
theconditional,1
powershellproperty,1
ParametersSecurity,1
usingthi,1
alsolimit,1
singlelinequery,1
container.these,1
workitem,1
performed.to,1
pipeline.you,1
count.countdata,1
learn.microsoft.com.before,1
17621,1
lifecycle.last,1
CodeVisual,1
kindtypepurpose,1
accountor,1
EXTERNALHELP.EXTERNALHELP,1
for.focus,1
slowprocess,1
PSNativeWindowsTildeExpansion７,1
enforcementWhen,1
2.607,1
theHKCU,1
DisplayVersion,1
call.press,1
moduleexport,1
stopped.PowerShellOutputYou,1
ParametersResource,1
file.xmlthe,1
alcs.using,1
export.bulkload,1
fulltrust.Cmdlet,1
NameCreating,1
loadsAlcModule.Engine.dll,1
themeThe,1
providerthe,1
valuea,1
endpointthese,1
2025propertyname,1
ComputerRestoreGet,1
commentsyntaxsyntax,1
sentence.always,1
caller.when,1
1234.5,1
2025updatable,1
AssertionOperator,1
go.microsoft.com/fwlink/?linkid=135170.at,1
e294721,1
1.1320754716981112,1
methodsitem,1
expressionsexpression,1
CompletionRequiresQuotes,1
modelsJeffrey,1
16387message,1
tooldecide,1
affects.In,1
physicalcomputer,1
number0ps,1
aview.scriptblock,1
VersionFunction,1
tomedium,1
theApp,1
localizeddata,1
text.the,1
misuse,1
properties.minimuminstance,1
properties.get,1
ScheduledJobEssential,1
restmethod,1
list.ignorecaseforce,1
Booleanparameters.If,1
remotesigned.powershellif,1
produces.the,1
ModulesInstall,1
command.some,1
automaticallyconfigure,1
ServiceStart,1
GetCommandCommand,1
eitheradd,1
table.tablecolumnitem,1
DateTimeand,1
invokedefaultaction,1
updatesWhat,1
rulesare,1
VerbsLifecycle.Register,1
somethingcustom,1
spacebarthe,1
new.directorydirectory,1
erroroccurred.pipelineiterationinfo,1
ControlsView,1
mark@at,1
theconfirmimpact,1
orpattern,1
ofregex,1
promise,1
service.powershellan,1
service.powershellas,1
terminal.psreadline,1
orparenthese,1
help.powershelldid,1
00:00:02.19,1
parametersets.when,1
location?The,1
codebox,1
effect.the,1
anyfile,1
BaseThe,1
theftattack,1
articleto,1
value.powershellthis,1
unlinkedit,1
practice.keywords,1
confusion.before,1
orstart,1
20230310prodid,1
8:10,1
tableFor,1
NameDescriptionRef.AliasAlias,1
representation.type,1
Thisenumerable,1
aFind,1
Windows.The,1
currentprocess.processid,1
parameterQuality,1
seeabout_workflows,1
2.37start,1
cmdlet.outputtypeinstanceproperty,1
administrativetask,1
tocontrol,1
xUnit,1
VerbName,1
availableproperties.it,1
TableControlWidth,1
System.Management.Automation.PSVariable.Windows,1
JobStarts,1
NoteConditional,1
assembly.system.management.automation.pssnapinsystem.management.automation.custompssnapinregistering,1
stringsthi,1
GetScriptBlock,1
eventcmdlet,1
ItemExistsPop,1
powershell'true'powershell,1
ConceptsThe,1
file.frame,1
namesso,1
servicesｃHOW,1
KindPurposeContinueEnumerationconstantThe,1
asystem.management.automation.errorcategory,1
tracking,1
orasynchronously,1
systemwith,1
fresh.modulename,1
AsyncMac,1
location.clear,1
ascii.getbytes,1
first.powershelleven,1
andwriteline,1
articles７,1
commandsmultiple,1
Whenany,1
declaration.things,1
acceptpipeline,1
03the,1
console.powershellthis,1
8:58,1
openedchangeworld2dickson,1
columnheader,1
TKey,1
order.none.elementdescriptionview,1
BindingInterrupt,1
lowervalue,1
specified.commanddata,1
ActiveDirectoryGet,1
statementtrap,1
utf8nobom,1
ValueFrom,1
cleanupsupdate,1
lastwritetime.powershelloutputyou,1
attackspowershell,1
properties.propertyinstance,1
theshow,1
drives.demonstrates,1
@thomasnieto,1
LastLogon,1
-7.4.10-win-x64,1
ispossible,1
notenumerate,1
nounidentify,1
pathsoverriding,1
6415,1
2026closing,1
returnsone,1
layoutof,1
property.use,1
controllerdefaultdomain,1
mayuse,1
PSBreakpointHow,1
Iconfigured,1
value.powershellpowershelloutputexploring,1
thetarget,1
CodeMethod,1
angleIn,1
modulemanifest.test,1
theSystem.Management.Automation.CustomPSSnapIn,1
sooner,1
additionalvalidation,1
theAdd,1
psboundparameters.keys,1
aliases.the,1
specified.None.ElementDescriptionListEntry,1
PSAdapter,1
icollection,1
scriptList,1
enter.continuecontinues,1
anyavailable,1
object.only,1
reported.cmdlets,1
person.location,1
ContentCode,1
CallableWrapper,1
ALC.To,1
literalcharacter,1
SetupMode,1
ResourcePositionMessage,1
http://schemas.dmtf.org/wbem/wsman/1/wsman.xsdproductvendor,1
theSystem.Management.Automation.Internal.AutomationNull,1
psreadlineoptionthis,1
csvcmdlet,1
variables2,1
4.16,1
siteOpen,1
String.PowerShellI,1
taskscan,1
path.getdirectoryname,1
output.dataadded,1
4.23,1
typeWhen,1
noenumerateps,1
action.powershellthe,1
edita,1
syntax.syntaxan,1
thebound,1
parameters.outputanother,1
lev1role,1
theUseSSL,1
4.17,1
parameter.declaring,1
NoteSome,1
myobject.idremove,1
block.in,1
tellpowershell,1
overrule,1
isn'tgett,1
gpscommand.runspacepool,1
variablesa,1
ComputerGet,1
NotePowerShell,1
GAWhat,1
parameterstop,1
adynamically,1
system.management.automation.runspaces.runspacepool.threadoptions,1
StringTypeReturns,1
MarquettePS,1
treatsthem,1
theeventlogclassic,1
inpowershell.to,1
variableto,1
compliantadd,1
ElementColumnNumber,1
17719,1
17715,1
17716,1
block.if,1
length.consider,1
avoidcomplete,1
additionaloutput,1
Inorder,1
changesyou,1
ConsoleKey.Escape,1
runin,1
serversin,1
withcomments.convertfrom,1
autoclose,1
4.2.6.1,1
Sectionexample,1
aview.typename,1
4.2.6.2,1
candownload,1
cmdletsshare,1
CommunicationsSet,1
manifestsA,1
disallowedThe,1
pipelineexecuted,1
cmdletsare,1
theserules.ms.date,1
https://github.com/powershell/powershell/releases/download/v7.6.2/powershell-7.6.2-linux-musl-x64.tar.gz,1
system.hashtables,1
iexploreId,1
AlsoProvider,1
4.71,1
ofInternet,1
treatsingle,1
78701,1
Sharing.d,1
inone,1
manifestto,1
needfrom,1
provideris,1
Selection.There,1
empty.If,1
test02parameter,1
indeed,1
providerin,1
StatementsSyntax,1
inputhandle,1
ISEStep,1
folder.any,1
bettermethod.if,1
0don,1
2006release,1
changespowershell,1
detail.since,1
4.92,1
event.cmdlets,1
hop.configure,1
itscommands?how,1
27123,1
asynchronously.The,1
de-obfuscate,1
variables７,1
reporting.to,1
CapabilitiesSession,1
forrole,1
appendingto,1
includereference,1
powershell.privatedata,1
available.PowerShellOutputＵ,1
subprocessTo,1
arise,1
elseifthe,1
27139,1
thelogical,1
writingexception,1
renewdhcpleaseallcreating,1
output?get,1
export.aliasestoexport,1
DevelopersPowerShell,1
torepackage,1
MarquetteDoePS,1
entriesabout_registry_providergithub,1
namesby,1
fromyour,1
teamdevelop,1
stringcomparison.currentcultureignorecase,1
17785,1
ReferencedMemberName,1
17780,1
27106,1
system.management.automation.provider.cmdletprovider.writeitemobject,1
27109,1
@single,1
foreign,1
arity,1
proc.log,1
2powershellif,1
iscalled.system,1
GetValueExceptionexception,1
add_path,1
item.first,1
DelegatePowerShellPowerShell,1
https://www.powershellgallery.com/packagesMarkdown,1
contentmetadata,1
17796,1
thanshouldprocess.using,1
userexperience.robust,1
ReferenceLast,1
identifier.When,1
system.uri,1
path.powershelloutput,1
informationwrite,1
runtime.In,1
basicsand,1
features.scripts,1
themodule.invokeinstancemethodcollection,1
otherapplication,1
installsnapd,1
subclass,1
value.powershelloutputcmdlet,1
17799,1
persistentstorage,1
DateTimeFormat,1
useSupportsShouldProcess,1
menu.this,1
PowerUser,1
used.last,1
TimeFilter,1
directoriesspecify,1
notepowershell,1
microsoft.powershell.standard.module.templatedotnet,1
ElementsRemarksSee,1
services.msc,1
variabledo,1
15109,1
GetChildItemsGetChildItemsDynamicParametersGetChildNamesGetChildNamesDynamicParametersThis,1
error.beginning,1
thesystem.management.automation.powershell.endinvoke,1
NormalView,1
iexploreSee,1
ConsoleColor.Magenta,1
takesone,1
idynamicparameterspublic,1
8/3/2018,1
formatdatacmdlet,1
WinGet７,1
Contextsin,1
getprocesssample04folder,1
instead.Each,1
EventLogging,1
runor,1
runon,1
QuickstartThis,1
bigint,1
17750,1
writeerror,1
hostps1eyou,1
17751,1
17752,1
structure.cimcmdlets.getciminstancecommand,1
statement.for,1
https://aka.ms/powershell-release?tag=ltspreview,1
uri`http,1
multipleparameter,1
value.powershellvariable,1
ProduceSkip,1
displayed.expand,1
userconvenience,1
fortable,1
AllUsersView,1
seamlessly,1
tomore,1
emptysystem.management.automation.runspaces.initialsessionstate,1
thisdocument,1
siteretire,1
count4ps,1
vscode.powershell,1
PSMDBuildProjectSelect,1
time.there,1
packagesystem.management.automation,1
BlockCommon,1
with.powershelloutputmultiple,1
argumentsallow,1
theirurl,1
logoffread,1
calllast,1
so.powershellsmart,1
about_functions_advanced_parameters,1
SCCM.If,1
wheneverpossible.in,1
afolder.If,1
stopprocesssample01,1
stopprocesssample04,1
powershellGet,1
TabSee,1
backticks.for,1
avoidusinginvokeexpression.carefully,1
andmklement0,1
rcarriage,1
Personnel,1
serverfind,1
psstandardmembers,1
lastlogontim,1
CustomEntryOptional,1
thesubdirectory,1
GetCommunications,1
suchBackground,1
stopsthe,1
accuracyensure,1
tableverb,1
displayed.windows,1
topcontributor,1
withinanother,1
computer.powershellstarting,1
variable.how,1
buffer.psreadline,1
article.features,1
directoryrequirementsdemonstratesexampleus,1
my.powershelluse,1
cimexception,1
2606.45,1
file.customentry,1
Legacy,1
<onedrive>,1
tomove,1
0x000000,1
about_Remote_Output,1
MemberColor,1
hasthe,1
variable.sometimes,1
displayany,1
definedsecurity,1
here.this,1
WinRM_VA,1
ofattributesGets,1
AttributesElementDescriptionPropertyName,1
4.5.14,1
ProviderCmdletName,1
itemprovider,1
andsign,1
modulemanifestnew,1
avoidingduplication,1
property.the,1
notdirectly,1
msiPowerShell,1
onpowershell,1
theholidays.GitHub,1
CommandThe,1
themouse,1
statecollect,1
thetest01,1
tasksthis,1
ParametersRemarksCmdlet,1
node.XML,1
11/29/2017,1
useminimalheader,1
27266,1
parameter.PowerShellAn,1
powershellfeature,1
AttributeDeclaration.System.Management.Automation.ValidateScriptAttributeValidateScript,1
#Your,1
#vbdefining,1
myscriptmodule.psm1.powershelltry,1
parametersif,1
EndProcessingClass,1
DataResume,1
PowerShellBut,1
2key,1
getconf,1
literalsmust,1
p.lengththe,1
parametermultiple,1
data.autosize,1
session.powershellwhile,1
powershelldatafileimport,1
microsoft.powershell.preview,1
information.powershelloutputit,1
domain.to,1
theoptionalcomponent,1
<param name="key">,1
surfingoldelephant38,1
functionsvisiblecmdlet,1
wewant,1
SecuritySave,1
process.stopprocesssample03,1
executionapproach,1
name.PowerShellTest,1
ReferencedProperties,1
remainingunname,1
fileone.txtoutputto,1
handle.when,1
FameThe,1
both.now,1
repackagethird,1
continuing.PowerShellI,1
tableelementdescription,1
<operation>,1
lines.despite,1
bool.get,1
Functionfunction,1
parametersof,1
pipelinecapability,1
maxindex,1
behaviors.powershell,1
3424.76,1
openedskycommand2justingrote1orangutech1changeworld1thomasnieto1samerde1vlad13002content,1
numbercosstatic,1
too.powershellsplatting,1
PublicationSTATUS,1
yield,1
whereresource,1
Window.If,1
platforms.Script,1
argumenthave,1
Keywordskeyword,1
managementavoid,1
problem.unhandled,1
setattribute,1
2025host06,1
2025host01,1
view.to,1
PowerShellEven,1
orparameter,1
rentypecatget,1
NanoServer,1
1operation,1
fabrikam8,1
0x000080,1
loggingmechanism,1
statementdescription,1
impersonate,1
Cmd.exe.PowerShell,1
limitmore,1
#declaring,1
iTerm,1
presume,1
comparedagainst,1
WindowsWindows,1
system.you,1
PowerShellOutputPowerShellOutputPowerShellOutputPowerShellOutput,1
userinstalling,1
rememberwhat,1
theinstallpscorepolicydefinitions.ps1,1
possible.powershell,1
x509,1
setpatternparameterset,1
cdxml,1
0x00008b,1
notepersistently,1
nothingon,1
interfaces.drive,1
defaultinternet,1
beingpage,1
articlesthe,1
declaration.validatecount,1
redo,1
likeoperate,1
documentation.after,1
tasksthat,1
orSave,1
PSSession.Since,1
methodsalternate,1
releaseneed,1
powershell-7.6.2-osx-arm64.tar,1
issuessometime,1
order.conceptually,1
resourceidentifier,1
s.powershellafter,1
policy.If,1
archives７,1
2026about,1
RunspaceConnectionInfo,1
WindowsApps,1
fabrikam9,1
object.modifying,1
initializationStep,1
permissionsin,1
codeto,1
iteasy,1
PSTransportOption,1
annual,1
workgroupserver,1
byte.syntax,1
reorganizing,1
Host.Runspace,1
https://github.com/powershell/powershell/releases/download/v7.6.2/powershell_7.6.2-1.deb_amd64.deb####################################,1
count459get,1
result.powershellif,1
onlyUnregister,1
tableremarksexamplexmlcreat,1
system.string'w32time,1
pscredentialuioption,1
NULL?PowerShell,1
stepis,1
DirectoryFor,1
using.Here,1
file.customentries,1
each.A,1
RobbinsObjectClass,1
suchthat,1
element.None.NoneSchemaSyntax,1
thisdefinition.elementdescriptionenumerableexpansionselementdefines,1
notion,1
packagesource,1
ignored.For,1
-05-31start,1
article.cannot,1
actionsare,1
parameterswa,1
shells.they,1
parametersus,1
ScriptHalted,1
0xfff81,1
ofmalicious,1
powershell.foreach,1
andformat,1
codeus,1
reft,1
code.Technically,1
basedexperimental,1
password.usernameinstance,1
KindTypePurposeEStatic,1
securestringget,1
performaction,1
headers.xmlcreating,1
system.serviceprocess.servicecontrollerobjects,1
9:34:15,1
1668.13,1
ContentWhat,1
PowerShellOther,1
format.ps1xmlfiles,1
collection.powershellps,1
psitem.invocationinfops,1
objectscreating,1
17804,1
fragmented,1
9:58:17,1
powershellSupport,1
o.gettype,1
LogName.LogName,1
WideControlPropertyName,1
astring.credentialdata,1
ofalpine,1
impersonationlevel,1
class.get,1
<switchparameter>,1
it.arm,1
Theplacement,1
first.all,1
multi-level,1
ASCIIUnify,1
focusis,1
processstop,1
StrictMode,1
ProjectUri,1
takai,1
Analysing,1
input.powershelloutputas,1
method.here,1
theviewdefinition,1
arespecify,1
includeIOT_POWERSHELL,1
TCPconnection,1
positiveinfinity,1
proxied,1
directly.powershellnormally,1
administratorcan,1
copyRow,1
EndpointName,1
iscase,1
<Width>,1
offer.i,1
valuefrom,1
isname,1
forsimilar,1
15265,1
Manual,1
collection.parametersetsinstanceproperty,1
class.transaction,1
nextend,1
explanatory,1
driveConditional,1
length3with,1
int64,1
parameters.all,1
severely,1
adaccount,1
files.certificate.format.ps1xml,1
ClassesCmdlet,1
eqpowershellat,1
tablecomparison,1
count.when,1
thatscope,1
WinRM.JEA,1
steps1,1
currentPipeline.Commands.Add,1
cmdlets.use,1
LeftGet,1
CommonRead,1
macOSRegister,1
mypsscript.the,1
effortand,1
9.8841501,1
themThe,1
moduleLast,1
validatenotnull,1
seeabout_Providers,1
HashtablesAssigning,1
insidea,1
trolling,1
27229,1
Expression.In,1
often.powershellthis,1
wideview.selectionsetname,1
permissionsto,1
<!--add return value information here-->,1
ElementDescriptionDefines,1
linksby,1
ErrorGet,1
insider,1
file.ownerdata,1
null.powershelli,1
WindowsUpdateThe,1
parameters.parameterfunctionalitycountdata,1
inotmatchdash,1
ObjectEventRegistrationBase,1
15257,1
MyLocalGroup,1
modules.implementing,1
transactionget,1
7Uninstall,1
MicrosoftPrivacy,1
krb5,1
WinVM,1
SecureStringcarefully,1
scriptchange,1
method.outputlast,1
ssh.Make,1
ofexpression.in,1
<outofband/>,1
differentname,1
lsasslsm,1
stepsregister,1
default.simplematchuse,1
contentrelease,1
entryanother,1
StepHow,1
Bitstutorial,1
namevalueauditfailure4503599627370496auditsuccess9007199254740992correlationhint218014398509481984eventlogclassic36028797018963968sqm2251799813685248wdidiagnostic1125899906842624wdicontext562949953421312responsetime281474976710656none0update,1
instancethat,1
tocustomize,1
817513320211110population,1
attributecollection.add,1
thesecurity,1
imagesuse,1
tablequality,1
anddistribution,1
pscmdlet.shouldprocess.you,1
differentexception,1
withvalue,1
memorizethousand,1
PSEvent,1
HelpFileabout_Switch,1
unprofessional.unapproved,1
up.If,1
myId,1
displayed.tableheaders,1
usingautosize,1
breakpointYou,1
17864,1
sampleThis,1
onaccurate,1
transcriptsArticle,1
importantafter,1
provided.powershellinline,1
andengine,1
afternoon,1
this.initialize,1
GroupEnd,1
logic.We,1
session.when,1
loopThe,1
possible.XML,1
NoteSyntax,1
OnlineTo,1
sessionanother,1
Buenos,1
codedo,1
class.serialization03,1
draindata,1
asverbose,1
PaneTopMoves,1
immediatelyby,1
PSProvider.PowerShellFor,1
effect.a,1
is.how,1
<scriptproperty>,1
pool.namespace,1
indexoutofrangeexception,1
historycmdlets.powershelltrace.format.ps1xml,1
Fileparameter,1
iteration.powershelloutputthe,1
removesthe,1
differentresults.powershellif,1
forActive,1
hostarea,1
actualprogram,1
hashtables.I,1
process.restrictions,1
theSystem.Management.Automation.PowerShell.AddParameters,1
directly.powershellthis,1
mechanics.When,1
powershelldatafiletest,1
nameparameter.determine,1
makingcall,1
propertyimplementationthe,1
programdo,1
accessdbprovidersample04.system.management.automation.provider.navigationcmdletprovider,1
specified.shortnamedata,1
a.psm1,1
time?where,1
itemsreturn,1
guiabout_jobsabout_scopesabout_splattinglast,1
containobject,1
parameters.To,1
GroupByNewLine,1
platformnotsupportedexception,1
returnobject,1
2019remote,1
somewhat,1
useful.Dexter,1
NoteInformation,1
@newItemSplatThis,1
encoding.be,1
selectwhich,1
pathlimit,1
withenhancement,1
Managementprotocol,1
pwshuninstalling,1
it.powershellthere,1
community.the,1
cmdlet.registry.format.ps1xml,1
scriptwhere,1
thestandard,1
Besure,1
togerman,1
suggestions.when,1
night.for,1
ImportantUbuntu,1
configuringsetting,1
table.powershelloutputuse,1
platforms.improving,1
isapply,1
boundaries.blocking,1
theitemselectioncondition,1
nestedfunction,1
GroupByCreating,1
PowerShelldoes,1
TheGridView,1
ahuadabwahuadaagac0asqbuahaadqb0ae8aygbqaguaywb0acaajabpacaacgakaaoaiaakacaaiaagacaaiaagacaaiabtahqayq,1
youpress,1
viewtablerowentry,1
withstring,1
TheNarrator,1
SecurityDescriptorSddl,1
parameter.by,1
mostperson,1
typedataget,1
none.elementdescriptionexpressionbinding,1
HostGet,1
recalculate,1
itsoperand,1
mytest,1
thisfunction,1
coercion,1
definedcollectioninformation,1
ComputerCheck,1
<sid>,1
Exclude.Length,1
27395,1
JumpSplit,1
27397,1
27398,1
computer.winrm,1
issuesrelate,1
basetype,1
file.display,1
thattext,1
with`twhite,1
clean.by,1
informationand,1
Credential.In,1
limitto,1
docsetremove,1
-04-01７,1
updatesthe,1
contentcommunity,1
rulesAvoidMultipleTypeAttributesAvoidSemicolonsAsLineTerminatorsAvoidUsingBrokenHashAlgorithmsSee,1
appropriatekey,1
endpoint.You,1
hasﾉExpand,1
state.unlock,1
viewalignment,1
Scrolls,1
cheatsheet.The,1
EventLogStart,1
andgetsourceobjecteventname,1
core.this,1
DiagnosticUnblock,1
paralleldocumentation,1
markdownFormat,1
view.typename,1
existsbefore,1
script.powershellreduce,1
cmdletlook,1
value.count,1
parameterentrySee,1
unwrapping,1
Definesthe,1
character.Matches,1
assignmenttaken,1
container.keylengthdata,1
bread,1
characterdescription,1
efficient.powershelloutputget,1
subnetbroadcast,1
InstallationThe,1
writingcmdlets.in,1
filesystema,1
foraccessibility,1
thecmdlet.The,1
as.example,1
weakenyour,1
progress.when,1
<param name="script">,1
findvalue,1
Windowsauthentication.PowerShell,1
expressioninto,1
true.powershellyou,1
VersionDefault,1
expansionbelow.results,1
andsystem.management.automation.host.ihostuisupportsmultiplechoiceselection,1
subscriptingto,1
scriptblock.checkrestrictedlanguage,1
SyntaxIf,1
otherwise.suppressing,1
silentlyremove,1
outputverbose,1
improveperformance,1
parameters.keyscomputernameverbosedebugerroractionwarningactioninformationactionerrorvariablewarningvariableinformationvariableoutvariableoutbufferpipelinevariablesupportsshouldprocessnotice,1
likeAzure,1
PowerShellGallery.The,1
ElementOutOfBand,1
options.use,1
shared.dependency.dllusing,1
parameter.For,1
focused,1
abnormaltermination,1
Donot,1
basichtmlwebresponseobject,1
non-adminwhere-object,1
nameuse,1
systemadministration,1
http://schemas.microsoft.com/powershell/,1
couldconflict,1
digitally,1
bedouble,1
engine.We,1
appears.use,1
checklistNo,1
features.disable,1
ParametersGet,1
thisprovider,1
KindTypePurposeCountInstancePropertyintGets,1
adocker,1
customformat,1
PanesKeyboard,1
pipe.commands.addscript,1
blockscript,1
hosts.the,1
ElementSelectionConditionScriptBlock,1
headersDo,1
substitutioneverythe,1
interfaces.last,1
PowerShellManaging,1
localsystem,1
thebackground,1
changeswithin,1
GetProcessSample052,1
sequencing,1
stream.terminating,1
PowerShellunless,1
object.for,1
supporthelp,1
@description,1
occursif,1
mergedﾉexpand,1
occursin,1
multilineerror,1
maliciously,1
sectioncreat,1
operatorscomparison,1
madden1gijsreyn1tma,1
helpfileabout_arrays,1
thecharacter,1
aboutpscustomobjectpscustomobject,1
Management.PowerShell,1
skipheadervalidation.file,1
toverify,1
thesystem.management.automation.internal.cmdletmetadataattribute,1
providerusing,1
4072,1
managerenable_mu1,1
informationcmdlet,1
providersin,1
ProcessNameparameter,1
17948,1
13.140625,1
prshave,1
others.use,1
silent,1
exists.function,1
definition.expressionbinding,1
StrictModeVersion,1
elements.description,1
contosojea.psd1,1
system.management.automation.powershellobject.runspace08,1
working.then,1
threeselection,1
newestwindow,1
better.foreach,1
guide.how,1
savethe,1
view.xml,1
undefined.some.fake.propertytrueps,1
restriction.consider,1
anyorder.For,1
17955,1
OutputVerbGet,1
ViewsTable,1
removehttp,1
databetween,1
0for,1
similarfunctionality,1
PowerShellYour,1
powerShellProcesses,1
element.None.None.ElementDescriptionWideControl,1
nextright,1
extreme,1
control.it,1
toprovide.powershelladd,1
controlchapter,1
conversion.implicit,1
justprovide,1
control.in,1
for.powershellarrays,1
GetProcessSample022,1
ScriptExamples,1
changesRemove,1
container.consoleto,1
designindicate,1
discord,1
17938,1
StoreThis,1
expend,1
robocopy.exe,1
errors.reporting,1
sensitivityupdate,1
SamSs,1
#other,1
willautomatically,1
parameters.in,1
usage.powershelltake,1
GetProcessSample032,1
DataBlock,1
hostingPowerShell,1
17907,1
JITcompile,1
implementation.recommendations,1
17902,1
methodsystem.stringsystem.int32system.object,1
currentuser.currentuser,1
run.powershell,1
errorsadd,1
PUBLIC_KEYPUBLIC_KEY_REQUESTENCRYPTED_SESSION_KEYThe,1
GetProcessSample042,1
compatibilityupdated,1
paththat,1
InputFormat,1
object.outputtype,1
neededsyntax,1
information.namesynopsissyntaxdescriptionparametersinputsoutputsnotesexamplesrelated,1
releasesAlternate,1
centerscreen'similarly,1
rowsavailable,1
ignored.keywords,1
canstart,1
system.guid.format.ps1xml,1
breakpointunless,1
commandparameters,1
AlsoRequired,1
YourNameHere,1
wherepowershell,1
hasexplicitly,1
callssystem.management.automation.cmdlet.writeobject,1
keyword.powershellthis,1
CommonCompare,1
platformnavigation,1
cmdlet.PowerShellYou,1
ContentMigrated,1
PowerShellCopy,1
remotingpowershell,1
typename.getreflectiontype,1
appropriatechanges.when,1
GitHubaccount,1
precedingscript,1
andjoin,1
file.powershelllast,1
2005-11-29,1
characteris,1
paragraphCode,1
panestatus,1
maintenancemodule,1
asmuch,1
IsNotNullOrEmptyif,1
combination.for,1
documentationpowershell,1
providersproperty,1
39348,1
resourcesｄTRAININGPowerShell,1
controls.formatting,1
DataEnable,1
PaneExpand,1
someof,1
4.5.23,1
4.5.25,1
4.5.22,1
docsInstall,1
nottypically,1
PowerShellNote,1
thesystem.io.directoryinfo,1
powerfulformatting,1
AutoSizeAddress,1
Name.TrimEnd,1
administrator.register_manifest,1
namesort,1
sentenceis,1
DscConfigurationGet,1
verbs.users,1
insecurely,1
2025confirmare,1
localized.data,1
fileone.txtrename,1
ofsystem.management.automation.provider.navigationcmdletprovider,1
ProcessVS,1
2026wide,1
10:11:07,1
tool.you,1
seesystem.management.automation.validatecountattribute.to,1
27328,1
shouldnot,1
modifytim...msds,1
attributetype.information,1
surprisingly,1
unintentional,1
non-reproducible,1
othermodule,1
editing.for,1
20/2018,1
helpsystemThe,1
provider.c,1
release.shif,1
usingsystem.management.automation.cmdlet.processrecord,1
CommonGet,1
PowerShellBuilding,1
madness.one,1
8fcabd81,1
shellsummarize,1
Aprovider,1
<text assemblyname="system.management.automation" basename="filesystemproviderstrings"                  resourceid="directorydisplaygrouping"/>,1
buttonswitch,1
manner.a,1
Bravo,1
provider.A,1
2005-11-11,1
used.customentry,1
showsecuritydescriptorui,1
xmlscriptblock,1
andlogical,1
CompatibilityｈWHAT,1
thosesession,1
initialsession,1
DescriptionThis,1
terminologyexceptionthrow,1
tofrequently,1
securely,1
DscConfigurationDocumentRestore,1
bowser,1
extension.creationtimeinstanceproperty,1
tobool,1
psversiontableimplement,1
strings.but,1
example.PowerShellOutputWMI,1
errorsprotected,1
boxcreat,1
numerictype,1
succinctly,1
novupdate,1
15337,1
password'convertto,1
module.session,1
propertiestest,1
session.PowerShellQuery,1
comparebetween,1
successif,1
defined.dynamic,1
resultfor,1
matchesswitch,1
runtimeexception.message,1
job.wait,1
documents.If,1
JoinMount,1
about_preference_variables.2,1
Thestandard,1
ps1powershell,1
writesmultiple,1
Dockerdownloads,1
than2,1
than1,1
elementsthe,1
highernoteconnect,1
namespacepath,1
iexploreHandles,1
numberasinstatic,1
ThePSCodeMethod,1
identifier.commandnotfoundexception,1
andfire,1
commandssynchronously.runspace09,1
JSONAssume,1
ll.Commands.StopServiceCommand,1
eventsubscriber,1
list.powershelluse,1
iscomplicate,1
function.powershellin,1
project.powershellthese,1
tempif,1
attacks.implicit,1
DataConfirm,1
issuesmetablaster,1
AttributesParameterAliasArgument,1
hashtables.PowerShellThis,1
system.management.automation.cmdlet.writeobjectmethod,1
powershellenumerate,1
.1.9.2,1
.1.9.1,1
forcommon,1
VirtualUsers,1
mayﾉexpand,1
statement.powershellif,1
67.4,1
workbench.colortheme,1
ProsConsPSSessionConfiguration,1
Codeterminal,1
thelink,1
noteconfigurationconvertto,1
</helpinfo>,1
customcompleter,1
theline,1
abbreviation,1
attacks.type,1
thenote,1
myfile2.txtif,1
computer.for,1
complicated.you,1
algorithmsadd,1
OverviewTypes,1
parameters.xmlbecause,1
lttng,1
641cpu,1
viapreference,1
forarray,1
space.the,1
ble2milekjakub1atman,1
SqlAgentJob,1
RenewDHCPLeaseAll,1
62.96,1
system.version,1
aboutboth,1
aredebugg,1
appliesrestriction,1
Governmentcybersecurity,1
forevent,1
mypc,1
tableElementDescriptionLabel,1
paneshowintellisensehelpctrl,1
gitdiff,1
anactivity,1
errorsswallow,1
possible.for,1
methodmove,1
FileUncompressed,1
similarto,1
ConfigurationRightIndent,1
presentationhow,1
isother,1
digitisletterstatic,1
binps,1
conceptsthat,1
exampledemonstrate,1
datastore.The,1
for.PowerShellThis,1
store.note,1
platyps1,1
Stablereleases,1
parametersappear,1
commonscenario,1
versatile,1
thecopy,1
culture.UICulture,1
25.52,1
openSUSERaspberry,1
linksfile,1
errorvariable,1
tomicrosoft,1
thata,1
conversionoccurs.when,1
deployedby,1
Extract,1
CmdletsCmdlets,1
Ifthere,1
them.powershell,1
OutputDetermine,1
valuesallowed.In,1
Mandiant,1
used.selectioncondition,1
object.powershellbecause,1
resource.track,1
parameterwrit,1
operator.this,1
asosc52,1
locationspecify,1
thekeyboard,1
whetherthe,1
performance.output,1
available.table,1
alsoWinRM,1
0get,1
left.elementdescriptiontableheaders,1
crazy,1
team.The,1
LINK.LINK,1
PowerShellArticle,1
50.09,1
PowerShellPowerShellPowerShellWhen,1
formatthat,1
core.you,1
myvm,1
filebehavior,1
YesPath,1
characterthe,1
verbpart,1
directlyto,1
remotesessionconfigure,1
dominantencoding.many,1
formatstoprocess,1
4104,1
value.count0,1
basicfunctionality,1
filesupdate,1
succession,1
Sets.A,1
4123,1
generatedhelp,1
<helpinfo xmlns="http://schemas.microsoft.com/powershell/help/2010/05">,1
returnssystem.diagnostics.process,1
powershellpg,1
itsextend,1
Pane.To,1
numericabsolute,1
bedecorate,1
clientsudo,1
issystem.management.automation.runtimedefinedparameter.the,1
separatedinto,1
powershellps,1
myexample,1
pwsh.the,1
#add,1
accesselement,1
insensitive.ﾉexpand,1
basedremote,1
2008run,1
namesproperty,1
powershellor,1
strings.examples,1
patternshashtablespowershelloutputif,1
aclean,1
reference11,1
reference12,1
EditingUsing,1
clixmlconvertto,1
seecref,1
Theindentation,1
fence.the,1
gallerythe,1
folder.with,1
releasesof,1
WinmgmtServicesDependedOn,1
dothi,1
things.the,1
tocafter,1
it'simportant,1
62.39,1
displayed.listitem,1
documentation.See,1
pssessionone,1
code.system.management.automation.idynamicparameters,1
efficiencyexpert,1
mechanism.if,1
2006-05-16,1
2025remove,1
systemmanagement,1
workflowb,1
BinaryMiLogWindows,1
62.44,1
developmentdocschoose,1
restrictedconstrainedlanguage,1
german.creating,1
Refactor,1
system.management.automation.commandmetadata,1
objectsｃHOW,1
distinguished,1
modulesCommand,1
defaultmodule,1
commas.for,1
thesystem.management.automation.provider.containercmdletprovider.copyitem,1
evaluated.powershelloutputa,1
theCmdlet.ThrowTerminatingError,1
<maml:uri/>,1
yourunderstanding,1
recordedin,1
condition.elementdescriptionentryselectedby,1
default.powershellwrite,1
whereit,1
community.due,1
month.ps1synopsis,1
ParametersUse,1
1234567.888,1
itbecome,1
navigationcmdletproviderclass.accessdbprovidersample06,1
notworry,1
night,1
<Computer>,1
Explorer.ADD_FILE_CONTEXT_MENU_RUNPOWERSHELL,1
panemakelowercasectrl,1
taskmgr,1
to32,1
pack,1
isdangerous,1
updatesbulk,1
PSMemberTypes.ScriptMethodenumeration,1
particularcommand,1
called.you,1
excludestrings.length,1
ServiceControlleror,1
thecode,1
conversiontype,1
cursorKey,1
type.a,1
AudienceWindows,1
statementsyntaxdescription,1
.8.13,1
helpinfo.xmlthe,1
tstotal.totalseconds.tostring,1
discarded.powershell,1
PowerShellOutputBecause,1
transactiondue,1
wmiobjectwindows,1
occurs.If,1
itthrow,1
<param name="position">,1
releaseton,1
behaviorof,1
declarationwrit,1
helpfileabout_sequence,1
xmlprovide,1
resourcesMarkdown,1
thecmdlet.versiondata,1
moduleshelp,1
fortheir,1
targetingtheir,1
PSProviderparameter,1
Beaware,1
ofUbuntu,1
startquery,1
process.this,1
environment.memory,1
Non-Confirmation,1
2022in,1
inTo,1
example.powershellthe,1
numberfor,1
modulecmdlet,1
confirmpreferenceby,1
concerned.the,1
PowerShellOutputDetermine,1
debug.this,1
thesefilter,1
codingcredential,1
github2,1
writingand,1
fileone.txt,1
this.myId,1
programmatic,1
error.here,1
pipelinestate.running,1
Wecan,1
thatselect,1
ArgumentCompleter.PSReadLine,1
pain,1
JobWindows,1
9and,1
indirectlyget,1
Win32Reg_AddRemovePrograms,1
classescan,1
Jessen,1
environmentvariable.powershellthe,1
talkabout,1
powershellresult,1
availability.lockdown,1
Attacks.It,1
ListEntrySelectionCondition,1
investigation.powershell,1
SystemPolicy,1
ll.Commands.UpdateHelpCommandGet,1
name.powershellyou,1
25.20,1
interactiveaction,1
multiplechoice,1
highervalue,1
previewpsversion,1
InvokeMethodOnNullChecking,1
25.38,1
parameterwithin,1
104.73,1
TValuePowerShell,1
sampleshow,1
Month.ps1.OUTPUTS,1
powershellbe,1
youcreated.powershelladd,1
153.17,1
powershellan,1
NoServiceFoundForGivenName,1
afilename,1
comparisonchapter,1
accidental,1
entryto,1
preservethe,1
allowuntrust,1
PSCmdletusing,1
sensitivesearch,1
provideinput,1
MatchString,1
AuthenticodeSignatureNew,1
stopwrite,1
helpusing,1
27479,1
RegisteredUserGet,1
27472,1
ViewLeftIndent,1
managementthe,1
Open.The,1
linkonline,1
problems.diagnosemeasure,1
methods.given,1
usesimple,1
invaluable,1
notepad.get,1
psedition_desktop,1
Memberto,1
tosupply,1
module.When,1
Microsoft.PowerShell.Standard.Module.Template,1
theseuser,1
Unite,1
designated10,1
section.you,1
unavailable.you,1
13.11,1
distributionsPowerShell,1
guidenext,1
UpperCaseName,1
byload,1
platypsgenerate,1
27454,1
forupdatable,1
truncated.The,1
thetimespan,1
indicators.prompts,1
gci.next,1
feedbacksupport,1
options.powershellthe,1
supportendpoint,1
AAnaaloogoouus,1
TestProcessRecordClassTemplate,1
greater.for,1
27426,1
27423,1
shouldremain,1
DecTop,1
thesystem.management.automation.provider.ipropertycmdletprovider.clearpropertydynamicparameters,1
TrueRequiredServices,1
permissions.last,1
service_644de,1
datazero,1
allconnection,1
Syntaxfor,1
examplesLocal,1
contents.LONG,1
labelor,1
andmacOS,1
27438,1
anattribute,1
27432,1
notmean,1
27430,1
thetable.SchemaSyntax,1
pathurl,1
forthese,1
cpuget,1
output.extending,1
operatorsunary,1
addingthe,1
auiculture,1
ParametersFormat,1
strictusing,1
issuesvectorbco,1
inan,1
block.spacing,1
likemicrosoftdoc,1
documentation.The,1
usersaccess,1
2147483647the,1
rowentry,1
fails.powershellthis,1
keyscreat,1
image.microsoft,1
Ireferenced,1
TricksBasic,1
issueshow,1
armv6,1
iaakaaoacgagaaoaiaagacaaiaakagkaiaa9acaamqagaaoacgakacaacgagacaaiaagahcaaabpagwazqagacgaiaakagkaiaatag,1
basedauthentication,1
adoption,1
handing,1
furtheractioncode,1
declaration.windows,1
providessimilar,1
forgroupbyspecify,1
parametersget,1
outputstreamsthe,1
previousversion,1
psscfile,1
DataUse,1
JSONAfter,1
share.how,1
ec8b,1
insteadpack,1
makesthi,1
libraries.prior,1
parameters.parameterfunctionalityappenddata,1
showcase,1
answeredclose,1
catch.powershellthe,1
Certificates,1
directlyat,1
200.77,1
infa,1
100predictionsource,1
legal,1
SetFind,1
ssh09,1
completionimprove,1
1.1export,1
System.Management.Automation.ErrorCategorySystem.Management.Automation.ErrorCategoryInfoSystem.Management.Automation.ErrorRecordSystem.Management.Automation.ErrorDetailsSystem.Management.Automation.InvocationInfoWindows,1
commandunblock,1
provider.To,1
number.xmlthe,1
InformationDerived,1
ProcConfirmAre,1
name.check,1
WDAC.When,1
management.automation.internal.commonparameterssystem.management.automation.internal.shouldprocessparameterssystem.management.automation.internal.transactionparameterswriting,1
Methods７,1
itprovide,1
scoping,1
filterhashtablemanaging,1
existingcontainer,1
guide82,1
processingbefore,1
state.C,1
2025viewdefinition,1
42.9,1
sel...set,1
endpoint.virtual,1
alarge,1
vmicvssrequiredservice,1
beadd,1
supportdsc,1
DevelopersThe,1
dependenciesreduce,1
disk.lowenumerationconstantthe,1
@processoptionsinvoke,1
OSVersio,1
ofsystem.management.automation.provider.icontentcmdletprovider,1
firstway,1
code.editorial,1
requireadditional,1
InputPowerShell,1
extrasection,1
notcontainsdetermine,1
1.24.0,1
arguments.you,1
asystem.management.automation.runspaces.wsmanconnectioninfo,1
besystem.management.automation.cmdlet.processrecord,1
ismicrosoft.vscode_profile,1
wherewould,1
For...Format,1
topic.examples,1
filefound.log,1
GetNetworkCredential,1
sinceit,1
object.configuration,1
identityLocal,1
drivesthe,1
DiagnosticRestart,1
48layer,1
boxcontrol,1
startadding,1
Roleswitch,1
metadatathe,1
alsosecure,1
positionally.outputget,1
bytyping,1
@mention,1
bnotdash,1
toThe,1
ModuleWriting,1
string.concat,1
acceptsdelegate,1
separateexpression,1
41787920,1
x.value,1
capabilitiesare,1
syntax.statement,1
Sen...Start,1
about_automatic_variables.2,1
consolereadline,1
WarningUnregistering,1
ProcessRecordProtected,1
recognition,1
Imported,1
myfile2.txt,1
ebce,1
necessary.careful,1
resultget,1
sessionoption,1
-1-5-21-611971124-518002951-3581791498-1105surname,1
WMI.Furthermore,1
macos.azure,1
NameInstance,1
Remoting.RemoteRunspace01,1
environmentActive,1
2function,1
listb,1
whenneeded.PowerShellI,1
SessionStateProviderEntry,1
changesrelease,1
avoided.a,1
v2.x,1
<privateassets>,1
remotecomputer.these,1
properties.psscriptmethod.copy,1
7.5convertfrom,1
thecontext,1
loadedLeave,1
possiblevalues,1
articles.PowerShellTo,1
cmdlet.use,1
disallowedblock,1
match.powershellhere,1
onleft,1
nonsense,1
enable.halt,1
name.length,1
inps,1
general.I,1
thepropertycountfortable,1
toillustrate,1
PSResourceGetRefreshed,1
don'tcome,1
sourcefile,1
beforeyou,1
linux.beginning,1
ConflictingCommand,1
schema.function,1
Countproperty,1
elementsthat,1
tofiles.you,1
startingPowerShell,1
hashtable.powershelli,1
languagesadd,1
MOMMSASCui,1
opensource,1
exprfunction,1
platform.for,1
trap.shell,1
layoutget,1
insa,1
officiallysupport,1
systemand,1
Frameelement.Child,1
System.Console.Write,1
30line,1
topicsfor,1
int2,1
forconfigurationoptional,1
int3,1
commaseparate,1
ishandle,1
retesting.Required,1
folderremove,1
1.2345,1
Update.TroubleshootingWhy,1
cmdlets.providers,1
statementspipeline,1
attributesdescriptioninstanceproperty,1
green'redblue,1
System.Management.Automation.Provider.NavigationCmdletProvider.GetChildName,1
helpsection,1
form.cmdlets,1
sessionha,1
returnsimmediately,1
ifstatement,1
ISE.Start,1
FeaturesPSAnsiRenderingFileInfo,1
characters.types,1
time.powershellps,1
filewhere,1
system.management.automation.provider.providercapabilities,1
ListPredictionSelectedColor,1
methodmanually,1
pipethe,1
includingthe,1
GamesPSPath,1
whenestablish,1
ControlView.SelectionCondition,1
system.runtime.interopservices.runtimeinformation,1
protocolrequire,1
lnk.targetpath,1
261.96,1
GitLens,1
MembersDefine,1
releaseInstall,1
6psedition_desktopcompatible,1
theOutOfBand,1
PanesTo,1
astbuilt,1
TenantId,1
mod.engine,1
ErrorCategory,1
itrecognize,1
this.insert,1
forwideentryspecify,1
registryentry.powershellreg,1
youfind,1
iscontain,1
system.management.automation.psscriptcmdlet,1
forcea,1
enhancement,1
compatibility.area,1
Excel,1
update-month-help.xml,1
packagesourcesave,1
3.5.1,1
non-printing,1
3.5.2,1
theRegional,1
CmsMessageSupport,1
pbin,1
value'ps,1
Discard,1
EngineGet,1
exists.module,1
@hayhay27,1
clauses.if,1
objects.powershell,1
prompts.msi,1
domain.Get,1
decimaluint32,1
ofconstrain,1
userneed,1
polymorphic,1
ConfigurationsDSC,1
termand,1
bymicrosoft,1
lineswithout,1
Branch,1
MarkdownTable,1
OnEnter,1
ChecklistProofread,1
successful.important,1
accessiblethrough,1
manner.an,1
revealeda,1
platforms.beginning,1
MethodException,1
pairsﾉexpand,1
markdownoptionadd,1
module.New,1
scope.different,1
@newItemPropertySplat,1
this.myid,1
HKCUGet,1
berunn,1
force1,1
followingtable,1
servicesuspend,1
run.press,1
dscjsonschemaget,1
specialway,1
insto,1
allclass,1
MemberOf,1
types.memory,1
txtpowershell,1
microsoft.powershell.tostringcodemethods,1
GetTempPath,1
<helpcontenturi>,1
inputsnone,1
LocalRoleCapability,1
valuestogether,1
Arguments,1
remoterunspace02,1
remoterunspace01,1
本,1
execution.new,1
cmdletlist,1
LoadWithPartialName,1
thesystem.management.automation.provider.icmdletprovidersupportshelp.gethelpmaml,1
GetProperty,1
interfaceto,1
definition.selectionset,1
LimitationsSee,1
Lifecycle.Previously,1
others.one,1
anapi,1
LifecycleEnter,1
theSystem.Management.Automation.Provider.ItemCmdletProvider.ItemExists,1
StateConfiguration,1
specifyalternate,1
confirmationprompt.if,1
HotFixClear,1
project.we,1
namesbold,1
naturally,1
acmdleta,1
41b1,1
v2quality,1
formedmodule,1
controls７,1
plugins.the,1
andhost,1
collectivelycall,1
findmodules.by,1
toreference,1
containnothing,1
null1234ps,1
usabilityFor,1
sections.the,1
hasto,1
KeyFilePath,1
powershelllibraries.editorial,1
MemberMemberKindTypePurposeLengthInstanceProperty,1
particularvalue,1
alladditional,1
openedskycommand2lukebarone1praveengururaj1blake,1
abouttypes.ps1xml.alias,1
argumenttype,1
theMarkdown,1
andaccessible,1
parameterfunctionalityasdata,1
HunterLast,1
Algebra,1
a-v11422armaanmcleod46last,1
listformatting,1
performobject,1
parameter.powershelloutputyou,1
ComputerRestorePoint,1
repositoryconfiguration,1
yourPowerShell,1
transition.requires,1
sql03get,1
sessionto,1
IComparable,1
assignableconversion,1
Doe'RequiredModules,1
SUCCESSFUL,1
specificallyfor,1
output?can,1
powershellwrite,1
System.ServiceProcess.ServiceCon,1
ignored.updating,1
conceptsapply,1
cmdlet.define,1
Messagean,1
data.these,1
measured.wordsinstance,1
end.month,1
wordsStatus,1
junecontent,1
time.wevtutil.exe,1
areunchange,1
Code.Next,1
thequery.powershellfiltering,1
activities.the,1
foryour,1
JobSwitch,1
@farmerau,1
authorized.allowing,1
system.xml.xmldocument.type,1
forgroupbyadd,1
character.a,1
aname,1
toad,1
@josea,1
openeddonalddwebster1emerconghaile1floojah1imere1mcdonaldjc1rayden841sirsql1tig1b,1
provider.this,1
filenames.all,1
instead.falseps,1
tablemicrosoft.powershell.corecmdlet,1
Inmany,1
ElementsElementDescriptionListControl,1
toexception,1
credssp.it,1
yourequire,1
<module-name>,1
commandsyntax,1
variable.powershellwhatever,1
mcr.microsoft.com/dotnet/sdk:9.0docker,1
FilesWindows,1
userwhenever,1
fileYou,1
recurseadd,1
tableparameterfunctionalityspeeddata,1
runningremotely,1
forexist,1
localgroupmemberremove,1
microsoft.samples.powershell.host,1
samplesthis,1
stream5debug,1
configurationdo,1
inEcma,1
PowerShell.NET,1
computernamecommandtype,1
</packagesources>,1
experimentalfeature.previously,1
automation12023,1
commandparameter,1
GroupingFormat,1
ElementRemarksExample,1
beware,1
operatorsmultiplicative,1
precedingobject,1
module'sremoval,1
brandenburg1o,1
toWeb,1
openedsethvs102yecril71pl10mklement017springcomp12SquirrelAssassin2thorstenbutz2aetos3821crumdev1joshSi1kmoad1New,1
74096,1
turninto,1
providernow,1
anothercommand,1
inputdirectly,1
policycase,1
thatfeature,1
PathRestart,1
moredependency,1
linksdeep,1
programfrom,1
success.Ｕ,1
SmartcardL,1
Jump,1
405.24,1
commandsrunn,1
2026verbose,1
applications.if,1
operatorspowershell,1
SystemTo,1
articleallow,1
microsoft.powershell.utilityuse,1
else.by,1
praktyk161vors151pull,1
automatically.when,1
RemoveProperty,1
powershellhashtable,1
wrongcould,1
representation.the,1
parentloading,1
branchnotesca,1
beempty.possiblevalue,1
anyobject,1
fileright,1
andin,1
openedehmiiz87changeworld3szabolevo12022,1
package.install,1
KindPurposeArchiveEnumerationconstantThe,1
audstubstate,1
updatesin,1
andif,1
anduninitialize,1
breakdown,1
v3.0,1
reviewer.use,1
serverpasswordauthentication,1
thatcomment,1
received.the,1
Holt,1
toit,1
timeoutfor,1
PowerShellOne,1
SubExpression,1
readability.it,1
variables.When,1
<command:parameter required="true" globbing="true" pipelineinput="true (byvalue)" position="1">,1
character.an,1
modules.specifically,1
drives.to,1
significance,1
4.4.6.27483,1
openediron75jikuja2update,1
element.none.elementdescriptiontablecolumnitem,1
system.string.when,1
fee449ee0e3965a5246f000e87fde2a065fd89d4,1
Data.ﾉExpand,1
otherlanguage,1
untagged,1
Excludeparameter,1
3.7.1,1
propertiesthat,1
mustdesignate,1
objectcount,1
group.configuration,1
pipeline.powershellthe,1
understand.get,1
valuesshown.the,1
configurationname'jeamaintenance,1
uselowercase,1
8752encodedcommand,1
followingexample.PowerShellThis,1
PowerShelldocumentationThis,1
slowestmethod.output,1
twospecified,1
seeabout_hash_tables,1
pipeline.invoking,1
updated.the,1
PowerShellProvider,1
ps1troubleshoot,1
line.wraptables,1
more.configuration,1
keyword.in,1
optionsdirectly,1
mailmessageset,1
thrown.This,1
MultiString,1
provided.that,1
PSScriptAnalyzer.Lee,1
improvementsInclude,1
nullreference,1
script.The,1
PowerShellDevelopmentVisual,1
Setsof,1
v3.x,1
predefine,1
netstandard.dll,1
areseparate,1
psresourceunregister,1
higher.this,1
modulescreate,1
promptthen,1
anti-pattern,1
it.include,1
systemdesktop,1
identifier.You,1
itssuccessor,1
ItemPropertySet,1
messages.no,1
numbering,1
domain.when,1
updatesai,1
supportedretire,1
neededThis,1
helpNAME,1
ConfigurationChild,1
storethe,1
methods.how,1
accessdbprovidersample05.for,1
support.microsoft,1
releaseuse,1
serioussecurity,1
loaded.exporting,1
PSAliasProperty,1
andNano,1
PassThruPath,1
setpipepipelinea,1
SystemCan,1
magenta,1
PowerShellOut,1
mandate,1
usingspecific,1
code.Windows,1
directory.powershellget,1
computerscreat,1
significant.none.elementdescriptioncontrol,1
thatredistribute,1
lightweight,1
forCustomCustomControl,1
workagainst,1
forinstallation,1
andby,1
arametervalidationthe,1
TableFormat,1
workable,1
entry.name.equals,1
WrapName,1
Breakpoint.How,1
installedVisual,1
109839607808Size,1
argument'svalue,1
orsystem.collections.generic,1
applications.separate,1
duringthe,1
tableGet,1
17.6.3,1
bitsperf.dll,1
Markdown.Remove,1
buildMSBuild,1
valuesremoveinstancemethodvoid,1
badoperatorargument,1
intellisense7,1
mustcustom,1
howremoting,1
valuezero.one,1
system.attribute,1
Edition.For,1
Guidelines.SupportsShouldProcess,1
registerthe,1
ConsiderationsLast,1
ISEAdded,1
Commandcmdlet.PowerShell７,1
account.domain,1
literallywithout,1
be.not,1
isdisplayed.scriptblock,1
above.powershellthere,1
about_ANSI_TerminalsPSCultureInvariantReplaceOperatorPSNotApplyErrorActionToStderrPSUnixFileStatThe,1
21748the,1
indicatewhether,1
MaxRangeparameters.The,1
OnCommandLineExecuted,1
module.define,1
thatregister,1
wideview.configuration,1
linksudo,1
spoolerps,1
ConsoleKey.Delete,1
suchan,1
Sowe,1
tous,1
stored.configured,1
Insensitive,1
theSystem.Management.Automation.SessionState.Path,1
parameter.Windows,1
RegistryYou,1
cmdletpipeline,1
cmdlets.you,1
VerifyTrace,1
process.assert,1
andsnap,1
delimiter.ExplicitCaptureIgnores,1
shouldbe,1
creationAn,1
datafile,1
AlsoRegistering,1
ise.actionkeyboard,1
npowershell,1
notdescription,1
longlong,1
returned.Examples,1
successivesubpart,1
examplelinux,1
itdirectly,1
jeathe,1
system.idisposablepattern,1
ImportantWithout,1
stealingcompany,1
modulesSupport,1
BiosSeralNumber,1
system.collections.generic.stack,1
you!maamue,1
magnify,1
hasaccess,1
runspace.all,1
pipelinesort,1
help!updating,1
scripters.The,1
50016,1
cmdletAny,1
53line,1
AttributeDeclaration.To,1
articlesfrom,1
methodscriptblock,1
anyway.powershellif,1
runningscript,1
Thesame,1
cmdletmight,1
unexpectedly.system.management.automation.cmdlet.shouldcontinue,1
Break,1
conceptsscript,1
consoleloggerparameter,1
system.management.automation.provider.containercmdletprovider.getchilditemsdynamicparameters,1
50dingtone,1
25061,1
one.an,1
documentOther,1
memoryprovide,1
substitutethe,1
script.powershell1,1
mynonterminatingerror.exception,1
Reporting.When,1
System.IEnumerator,1
DelegationProtocol,1
OU=www.verisign.com/CPS,1
25076,1
ActionKeyboard,1
andun,1
withlisting,1
inalphabetical,1
ondevice.powershelldeploy,1
SelectionRuns,1
areworth,1
charactersfrom,1
asclearitemdynamicparameter,1
about_type_conversionupdated,1
pool.closing,1
handlersThe,1
System.Diagnostics.Eventing.Reader.StandardEventLevelName,1
hostculture,1
newrelease,1
usefulwhen,1
connections.PowerShellTo,1
helptopic.for,1
ignored.however,1
25051,1
predictorsgetting,1
inparallel,1
5function,1
f1key.when,1
object.unlike,1
commandwould,1
net.exe,1
reader.readline,1
drives.in,1
imoduleassemblycleanupinterfaces.cmdlets,1
items.powershellswitch,1
sessionthat,1
Microsoft.PowerShell.ThreadJobin,1
633.3695,1
25022,1
commands.one,1
Parame,1
archivesalternate,1
ModulesThis,1
HelpCAB,1
<element name="supporteduicultures" minoccurs="1" maxoccurs="1">,1
windows.creationtime,1
file1deleting,1
correctspelling.the,1
aren'tsubject,1
usesseveral,1
Learn.Rules,1
occurs.when,1
indifferent,1
AlsoViewSelectedBy,1
ofsystem,1
modes.in,1
ContentPublished,1
toknow,1
@remotekeyparamsdealing,1
improvementsexperimental,1
technology.the,1
123.456e,1
quilter1new,1
want.By,1
mustrun,1
responses.when,1
label.a,1
categoryinfo,1
tothis,1
tableElementDescription,1
cmdletspowershell,1
boot.inilast,1
cmdlet'simplementation,1
FAQTons,1
guideexpectation,1
scope.after,1
resource.for,1
usingparallel,1
InformationThis,1
adminmenu'outputsett,1
PowerShellfrom,1
v3.When,1
theinject,1
iconuri,1
configurationsasset,1
aretype,1
IndexOutOfRangeException,1
Canonical,1
LevelWhen,1
psmodulemanifestupdate,1
principal.trusteddata,1
MarkdownBefore,1
side.powershellthere,1
pipelineaddcommandpowershell,1
input.always,1
trailing,1
objectprovide,1
currentpsobject,1
useRights,1
parameterspublic,1
server02.powershelluse,1
PowerShellOutputInvoke,1
Cyrillic,1
text.when,1
ConnectionTimeoutSeconds,1
filesconvert,1
appends.commands,1
markisupperstatic,1
TablesHyperlinks,1
inundoctrl,1
IPAddressOutputThe,1
displayed.powershelldefining,1
propertyXMLLast,1
containnull,1
HomeDirecto,1
6.2disable,1
pwshstart,1
system.security.permissions,1
iphl,1
cmdletsspecial,1
innovation,1
methoddepend,1
transcripts.if,1
fewthing,1
literalsa,1
countan,1
deleted,1
SDKExchange,1
System.Management.Automation.Cmdlet.WriteObject,1
internetexplorer.application７,1
exampleoutput.here,1
deletea,1
block.the,1
tableparameterfunctionalitysystem.management.automation.pscredentialpassword,1
scalable,1
Command?Invoke,1
somescenario,1
AlsoWideEntry,1
toCredential,1
2025parameter,1
manageable,1
stopprocesssample04folder,1
decrementing,1
docsetUse,1
<command:noun>,1
unforeseenproblem,1
objects.you,1
encoding.existing,1
readme.md6,1
s5124path,1
feature.for,1
TopicDesign,1
commandslast,1
Save.By,1
Pathcmdlet,1
example.initializing,1
commandspowershell,1
withoutinteract,1
eachprocess,1
scripts.For,1
displayed.xmlscriptblock,1
resourceresolution,1
PowerShellOutputMany,1
conversion.conversions,1
anautonomous,1
itsproperty,1
policy.for,1
true.If,1
TransactionParameters,1
almostidentical,1
informationvariable,1
beginwith,1
YYYYChange,1
anyparameter,1
psbreakpointget,1
valuethan,1
obj.psobject.properties.add,1
argument.not,1
AutoSizeName,1
charactersif,1
thattake,1
judd11grand,1
64792,1
System.Net.Http.HttpResponseMessageobject.The,1
0x00810x100000000,1
them.authors,1
PSScriptAnalyser,1
thesystem.management.automation.contentcmdletproviderintrinsics.getreader,1
msixbundlealternatively,1
transcribe,1
string.last,1
articledelete,1
decimaldecimal,1
uptimeget,1
isdisplayed.firstlinehanging,1
agood,1
typesystem.management.automation.runtimeexception,1
remotingdo,1
4448,1
CmdletAttributeDeclaration.For,1
computer?to,1
asecond,1
directoriesto,1
generated.powershelloutputfor,1
scheduledjoboptionnew,1
password.invoke,1
terminates.parameters,1
keywords09,1
objectnew,1
originalCultureInfo,1
proxydeployment,1
Specifiesa,1
Infographic,1
system.security.accesscontrol.objectsecurity.after,1
notesetting,1
hastype,1
specificversion,1
runs.the,1
pickerarticle,1
thesystem.management.automation.provider.icontentcmdletprovider.getcontentwriter,1
resolvedcommand,1
lightbackground,1
computerCredentials,1
characterset,1
keyword.If,1
help.synopsis.description.parameter,1
2.25,1
thesystem.management.automation.provider.drivecmdletprovider.newdrivedynamicparameters,1
2.22,1
wikilimitation,1
thattalk,1
play.The,1
PowerShellEditorServices.psd1With,1
managemachine,1
FileSystemCmdletProviderEncoding,1
asupport,1
#reporting,1
NounCustom,1
requiresthat,1
asaccessing,1
toobject,1
v5.indicating,1
verbosemessage,1
2.45,1
iss.languagemode,1
ComputerTo,1
getout,1
pathsdescribed,1
it.write,1
psrepositoryupdate,1
enforcementmode,1
github.the,1
2.37,1
realizethat,1
ModuleThis,1
theIsNullOrEmpty,1
blockspowershell,1
remotely.is,1
TimeService.ps1Status,1
it.Syntax,1
NamespaceName,1
MysteryValueif,1
hostPowerShell.You,1
filename.how,1
file.delete,1
Dowst11thepowerstring11KevinMarquetteKevin,1
could.shouldprocess,1
examplereturn,1
addmember,1
Distinguish,1
beaware,1
CmdletHelp,1
blockmodule,1
operatorvariable,1
customentry,1
mostunix,1
folder.powershelloutputto,1
sDRightsEffe,1
asnewdrivedynamicparameter,1
4.1.1,1
PSFPropertyValue,1
name.calling,1
25104,1
WarningIt,1
NoteAll,1
conflictingmodule,1
4.1.3,1
internetlocation,1
25108,1
output2.txt,1
HexFormat,1
modular,1
numbermaxstatic,1
Filename,1
displayget,1
configuration.for,1
<init>,1
names.The,1
theSystem.ServiceProcess.ServiceController.Status,1
firsttry,1
25112,1
optionsmicrosoft,1
WmiObjectThe,1
ofwhich,1
instead.powershellthis,1
conference,1
placesthe,1
2.99,1
ifanother,1
2.98,1
textcreating,1
SectionValidateSet,1
NOTbitwise,1
disturb,1
brace.default,1
codeStart,1
articles.If,1
users.The,1
literal`u,1
modulec,1
isactive.To,1
ExpandString,1
WarningIf,1
actions.use,1
openedrkeithhill1frenchiveruti2paulaustin,1
starts.however,1
Attributes.PowerShell,1
documentsabout_Windows_PowerShell_CompatibilityPowerShell,1
psscriptrootdotnet,1
DeclarationWindows,1
workingbranch,1
discussingissue,1
HandleCountHandles,1
ScriptPowerShellLast,1
wmimethodwindows,1
enabledPowerShell,1
application.For,1
toolbar.clear,1
frameworkinstallation,1
only.reparsepointenumerationconstantthe,1
platyps.make,1
alone.notcontentindexedenumerationconstantthe,1
timesdesignate,1
thecount,1
namedmatches.powershelloutputyou,1
handshake.using,1
osversion,1
systemctl,1
AudioThere,1
XMLfiles,1
dependenciesInvoke,1
Anonymous,1
withy,1
github.com/powershell/powershell/releases/download/v7.4.16/powershell-7.4.16-1.rh.x86_64.rpmthe,1
throttling,1
LexikosDisplayVersion,1
integertype,1
nTSecurityDescriptor,1
yourformatt,1
OpenSSHrepository.Get,1
andWorkflows.This,1
powershellus,1
documentation.Hide,1
countto,1
systems.the,1
pwshpowershell,1
witha,1
3.7.5,1
conceptualuse,1
resumescan,1
PowerShellArray,1
locallyImport,1
powershellv3,1
onremove,1
spaces.these,1
WmiObjectTypically,1
featuresabout_language_modesfinally,1
TableControlEntry,1
webbrowser.powershellfor,1
cmdletsThis,1
SampleNestedModule.dll,1
store.in,1
rulesdiffer,1
DataOnce,1
Stopcatch,1
eachtopic.examples,1
25186,1
usedage,1
thedefault.Here,1
recommended.you,1
newdrivethe,1
entriesget,1
literaloutputthe,1
43cf,1
class.and,1
badapp,1
<psparseerror>,1
about_preference_variables,1
examplea,1
objects.neither,1
Mikey,1
istheir,1
buildImport,1
PSCustomObjectEverything,1
chosenlocation,1
tjd1juvtib1kozhemyak1omarys1ryandasilva29921sethvs1sneakernuts1new,1
@nomorefood,1
orderive,1
Win32_BIOS,1
NoStartTime,1
thatrequire,1
ObjectNew,1
scheduledjobenable,1
25172,1
bold.use,1
25177,1
alanguage,1
containersPowerShell,1
Iwould,1
PaneClears,1
control.C,1
supported.psstrictmodeassignment,1
#mandatory,1
cmdlet.powershelldisplays,1
thehelpinfo,1
theConfirmImpact,1
wasfirst,1
ProviderCapabilities.ShouldProcess,1
from.a,1
SubjectAlternativeName,1
cccccmexec,1
hubfor,1
hasassociate,1
Redo.To,1
pscmdlet.shouldprocess,1
scenario4.logps,1
runningcommand,1
populated,1
null.countps,1
getdynamicparameter,1
cmdlet.however,1
partsyntaxsyntaxverbatim,1
connectiontest,1
helpfunction,1
system.collections.dictionaryentry,1
repository.powershellget,1
valid.this,1
itempropertylocation,1
25129,1
roleslast,1
usedand,1
WideControlOptional,1
snover,1
25122,1
MemberNotice,1
schema.this,1
jeause,1
datazeroonetwothree,1
driveNew,1
someapplication,1
fform,1
profile2,1
user'scommand,1
directoryunder,1
commandsafter,1
view.custom,1
PSSessionConfigurationUnregister,1
infpspath,1
theScript,1
debuggerctrl,1
theaccent,1
microsoft.powershell.platypsedit,1
NumberOfCmdlets,1
file.lastwritetimeinstanceproperty,1
comSummaryReviewReferencesNo,1
assemblyname.name,1
CommonDebug,1
problemscrash,1
evaluatedonly,1
completionsallows,1
asimple,1
RunspaceDisable,1
userpes７,1
DocsLightning,1
pbdash,1
historically,1
providerdrive.a,1
haveyour,1
key.getting,1
propertydefinition,1
objectpath,1
beoverridden,1
keyaccept,1
Guten,1
Top.To,1
2025transaction,1
havenoun,1
CimClassName,1
4500,1
highernotewrite,1
isdisplayed.elementdescriptioncustomentries,1
WideItemWideEntry,1
dependencies.an,1
other.limit,1
avoidJoin,1
JobRepositoryWriting,1
groups.customcontrolname,1
groupsa,1
class.add,1
null.powershellbecause,1
combined,1
wellform,1
<typeparam name="t">,1
JanuaryUpdated,1
type.this,1
system.management.automation.provider.cmdletprovider,1
translations.last,1
Microsoft.PowerShell.Commands.GetItemCommandSupport,1
microsoft.getting,1
thesystem.management.automation.psdriveinfo,1
wildcardcharacters.If,1
vvertical,1
indicateitem,1
untilloop,1
processedlater,1
someclr,1
dependencies.the,1
theannouncement,1
CrescendoUpdated,1
thePSSnapIn,1
WinlogonOutputLet,1
articleincrement,1
multipleitems.powershellnormally,1
propname,1
maynot,1
DataMove,1
called.implementations,1
literally.wildcard,1
<CommandInfo>,1
describewhat,1
candescribe,1
containsps,1
telemetry.last,1
<implicitusings>,1
OpenPublishing.Build,1
type.You,1
pipeline.although,1
alsoneed,1
methodbefore,1
aconsole,1
uint64int16,1
clixml2024,1
typesspecify,1
from.net,1
NewPropertyNewPropertyDynamicParametersThis,1
whosetype,1
Serviceon,1
stepsJEA,1
why?powershell,1
reg_qword,1
eachitem.markdown,1
<data name="win32error">,1
file.fullname,1
decisions.the,1
Linux.BashTypes,1
modules.you,1
see.outputdo,1
netproject,1
openedtompazourek1kenyon1cjvandyk1jtbrinkmann1mklement04carlotoso3kylemit2iron72what,1
selectable,1
timeout.there,1
noteprovider,1
niceoption.this,1
thiscommon,1
psstyle.formatting.error,1
connectioninformation.the,1
-1.212,1
ItemInvoke,1
cmdlet.memory,1
encodingdynamic,1
Microsoft.PowerShell.Commands.GetCommandCommand.In,1
psstyle.formatting.formataccent,1
oferror,1
token.value,1
theendpoint.By,1
blog.New,1
3.1.0.0Get,1
string.powershellthis,1
system.management.automation.host.pshostsystem.management.automation.host.pshostuserinterfacesystem.management.automation.host.pshostrawuserinterfacelast,1
manager.alpinedebianmicrosoft,1
7design,1
altered.group,1
element.last,1
checkfor,1
accountrunn,1
2025error,1
commandtypeparameter.powershellanother,1
handlingan,1
affectonly,1
orthey,1
examplewith,1
NetworkHKEY_CURRENT_USER,1
PSHostProcessAdded,1
CustomEntryTypeName,1
stopped.make,1
aliasesCmdlet,1
Del.,1
verbi,1
Pinned,1
memberscreat,1
these.For,1
cmdletsWeb,1
preprocess,1
459c,1
topicsfrom,1
10.0.2...Get,1
andsynopsis,1
entry.PowerShellOutputThis,1
columncomponent,1
UnixCommandNotFound,1
runwith,1
GitHubLots,1
true.xmlthere,1
toswitch,1
torndown,1
above.In,1
rarely,1
runtime.overriding,1
file.savesaves,1
terminal.app,1
regardfor,1
environmentA,1
true.by,1
someissue,1
diskcollect.ps1establish,1
a.2,1
true.at,1
ReferenceWindows,1
orthat,1
bothitem,1
inseemingly,1
ControlComponents.The,1
breadcrumb,1
a-c,1
clickinggo,1
PSSessionConfigurationTest,1
http://schemas.dmtf.org/wbem/wsman/identity/1/wsmanidentit,1
UnableToRetrieveHelpInfoXml,1
arrowkey,1
25224,1
coderepositoryus,1
keyboardchord,1
25229,1
schemas.dmtf.org/wbem/wscim/1/cim-schema/2/,1
keywordsadd,1
ParameterThe,1
tablepscommandnotfoundsuggestion７,1
2024article,1
alsogetprocesssample01,1
characterstatement,1
articlesAlso,1
getsunwrapp,1
HexNum,1
butany,1
a.x,1
40856,1
thedo,1
session.You,1
4.2.6,1
firstitem,1
25230,1
compilationtarget,1
recognizesruntime,1
log.Script,1
a12,1
availableonly,1
Dept,1
4.2.0,1
25206,1
4.2.5,1
aresignificant,1
commonway,1
moreinformation.typeconverter,1
filename.for,1
ThePropertySet,1
pssnapin,1
retention,1
tasks.a,1
sensitive.powershellnotice,1
forwideentryoptional,1
powershell.management,1
closedﾉexpand,1
object.An,1
theft,1
Intro,1
classesget,1
25211,1
15897,1
detailedconfigurationpssessionconfiguration,1
privatenetwork,1
withan,1
15861,1
4.0.30319.42000,1
LayoutHKEY_CURRENT_USER,1
helpquality,1
newbuild,1
Desc,1
namevalueverbose5informational4warning3error2critical1logalways0the,1
a2f,1
onlyPSWorkflowUtilityWindows,1
tablepsdesiredstateconfiguration,1
resultare,1
macOSNew,1
method７,1
feedbackinterface,1
System.Type,1
@reabr,1
ExpressionAvoid,1
objectswhen,1
system.diagnostics.processobjects,1
NonExistantFile,1
acrossserialization,1
44298250240,1
xpreview,1
integrationImproved,1
Review,1
state.creating,1
Win32OwnProcessFax,1
binaryarchive,1
BrowserCompositeBus,1
operator.about_language_modesmeasure,1
marchhelp,1
CDXMLfile,1
equalssign,1
completion.fall,1
DetermineTest,1
a63,1
appropriate.to,1
<outofband />,1
system.management.automation.pscmdletbase,1
action.the,1
15853,1
runspacedebug,1
message.to,1
orsystem.management.automation.custompssnapin,1
pricing,1
AEIOU,1
explorerget,1
running.PowerShellThe,1
them.,1
provideexample,1
detaileddescription.use,1
areinterchangeable.as,1
int32this,1
anexpression,1
outputdisplay,1
parentheses.powershellignorecase,1
interfacesicollection,1
locationarchive,1
functional.for,1
entry.typename,1
then4,1
tableremarkspropertyname,1
then3,1
then2,1
psnativecommandargumentpassing,1
then6,1
then5,1
CommandUpdate,1
PrivateAssets,1
scriptblockthe,1
theclient.When,1
valuable,1
text.beginning,1
UseWindowsPowerShellAs,1
system.management.automation.errorcategoryinfoclass,1
ISE.3,1
25283,1
methoda,1
hashtable.this,1
aliascommand,1
fordiscard,1
system.management.automation.pssnapin,1
uicultureget,1
utf8.getbytes,1
remoting.works,1
thedestination,1
system.io.fileattributes,1
about_PowerShell_exe,1
psworkflowutilityﾉexpand,1
aprnew,1
mayprevent,1
facility,1
converterimplicit,1
update.last,1
includeinstruction,1
optionalforce,1
amanif,1
PSCustomObjectPowerShellOutputPowerShellOutputThis,1
CompoundIdentitySupported,1
profileslast,1
LifecycleSuspend,1
NameIf,1
thegu,1
CmdletsThis,1
longget,1
AMName,1
prescribe,1
onlydebug,1
labeledand,1
TableView,1
atooltip.On,1
procedures.select,1
WindowsSupport,1
theinstruction,1
containthe,1
transcriptstranscriptdirectory,1
cmdlet.powershelloutputdotnet,1
itemuse,1
https://dl-cdn.alpinelinux.org/alpine/edge/main,1
highernotepsconsolehostreadlineremove,1
#splatting,1
onearlier,1
timeoutreduce,1
conditiondefined.for,1
connection?command,1
25245,1
Licensing,1
NoEndTime,1
isreturnedWeb,1
SectionWindows,1
indetermine,1
theif,1
aboutvariable,1
EXTERNALHELPkeyword,1
origps,1
specified.XML,1
powershelloutputpowershelloutputto,1
conditionalif,1
anynew,1
linux2,1
psboundparameterspsboundparameters,1
table.logical,1
contextof,1
withno,1
RenameItemRenameItemDynamicParametersThis,1
it.A,1
moduleinstallation,1
work.using,1
trip,1
assembly.with,1
parameters.provider,1
displayed.Specify,1
VersionRemove,1
PowerShellReferring,1
seamless,1
underspecified,1
enumeration.xml5,1
-79228162514264337593543950335,1
LanmanWorkstationServicesDependedOn,1
platform.powershell,1
runwhen,1
classaccessdbpsdriveinfo,1
NetworkService,1
block.consider,1
netportable,1
PowerShellNow,1
pooland,1
optional.how,1
InformationalGet,1
tostreamline,1
columnget,1
command.names,1
5true5,1
htmlabout_calculated_propertieslast,1
passin,1
TheRunAsUser,1
byteminvaluestatic,1
it.a,1
it.C,1
returned.powershellby,1
versa.multidimensional,1
theOS,1
12quarter,1
thisarticle,1
variableparenthesize,1
2025mixing,1
2012r2out,1
domainmembers.txtworking,1
byPowerShell.For,1
containerprovider.declaring,1
MemberPowerShellThe,1
2000,1
Names6,1
astart,1
System.RuntimeTypeOutputWe,1
beneficial,1
LinuxRed,1
DismAdd,1
namespace.powershell,1
content.outputget,1
agroup.customentry,1
runspacesPowerShell,1
generaluser,1
procidclean,1
first.get,1
stopdetermine,1
platyps.see,1
2007,1
enter.selective,1
GrooveMonitorhpqwmiex,1
ForceSome,1
cmdlet.don't,1
theycorrespond,1
JuneThe,1
openedanyplace780312026,1
theFormat,1
scopeha,1
KindTypePurposeAttributesInstance,1
correctlyconfigure,1
stablenon,1
query.rather,1
sectionaccessdbprovidersample06,1
2014,1
object.unless,1
.4.5.20,1
acannot,1
array.singletonarrayarray,1
.4.5.13,1
ReplacementError,1
.4.5.16,1
necessary.becoming,1
suggestionshould,1
set.view,1
file.formatting,1
objectswrite,1
file.customitem,1
Japanese,1
Overview.For,1
mustprovide,1
actionsperform,1
JEAMaintenanceAuditors,1
XmlSelect,1
tool.if,1
theoption,1
available.readonlyenumerationconstantthe,1
system.datetime.the,1
extension.The,1
BodyWhen,1
yourHelp,1
operationsps,1
10test,1
in.powershellhowever,1
Code.PowerShellYou,1
module.powershelldetermine,1
ModifyData,1
paneshow,1
followingscreenshot,1
parameteraccept,1
SecretStoreｃHOW,1
preventfurther,1
-01-11includedwindows,1
powershellcoreexecutionpolicy.adml,1
implementsIModuleAssemblyInitializer,1
cautionarystarting,1
PipelineImplement,1
jeamaintenanceadmin,1
splattingexample,1
.4.5.21,1
onlythose,1
documentation.issues,1
coveredthat,1
-0.123407.2.6,1
thesedocument,1
methodsgetting,1
nestedpromptlevel,1
wheneverpossible.users,1
powershellfalse10,1
System.Management.Automation.CmdletAttribute,1
commandshandling,1
literals.text,1
forGroupByRightIndent,1
ZeroPS,1
NamesHow,1
doesand,1
tablemicrosoft.powershell.archiveﾉexpand,1
2080,1
appropriate.If,1
b.1,1
b.2,1
viewdisplay,1
ispart,1
topublish,1
redditor,1
markdownadd,1
cmdlet.outputs,1
handlingfunction,1
operationsdefine,1
PSRemotingConnect,1
obj.psextended,1
итог,1
h2limit,1
AllowInsecureRedirect,1
server01exit,1
win32shareprocessthe,1
Changes,1
driver'slicense,1
JuneTop,1
SSHHostSSHHostHashParam７,1
deviation,1
ViewCustomEntries,1
transcriptstop,1
PSRPwas,1
evident,1
instance.yearinstance,1
functionsPowerShellThere,1
https://oneget.org,1
</Width>,1
trwa,1
valuesmight,1
b10,1
redundant.in,1
path.for,1
ListControlSpecify,1
ResourcedependentImplement,1
25346,1
typecatget,1
GAC.Again,1
ArgumentException.ThrowIfNullOrEmpty,1
otherwisewithin,1
orsystem.management.automation.pscmdlet,1
optionsenabled.powershellfor,1
siterefactor,1
tutorial.cmdlets,1
25357,1
ListControlSelectionSetName,1
value.path.lastindexof,1
haveany,1
limitationof,1
applicationfor,1
pool.last,1
accessor.when,1
25324,1
path.at,1
2025terminating,1
PowerShelldocumentation.Open,1
shellpowershell,1
itemthe,1
filesusing,1
GameDVR_Enabled,1
brightyellow,1
4.3.5,1
collection.that,1
25330,1
StreetAddre,1
@dhcpscopesplatting,1
4.3.9,1
users.PowerShellAdd,1
thosecredential,1
decimala,1
sendgreet,1
correctserver,1
25303,1
25305,1
25306,1
andSpacebar,1
@msiparamsinstall,1
disk.this,1
export.functionstoexport,1
BeginInstall,1
agrid,1
15993,1
verb.get,1
stepsDiscover,1
sectionhow,1
System.Management.Automation.Provider.IContentCmdletProviderinterface.The,1
property.system.diagnostics.eventing.reader.standardeventlevel,1
outputstreams.powershellrunning,1
wantthe,1
cmdlet.powershelldisabling,1
-22.30010.6,1
non-zerois,1
ctrl+g,1
ctrl+f,1
Diagnostics,1
theNTLM,1
directory.powershellhow,1
forwarding,1
declaration.validatecountvalidatelengthvalidatepatternvalidaterangevalidatescriptspecifies,1
powershell.begininvoke,1
ctrl+s,1
myjeaconfig.pssc,1
ctrl+z,1
FrameSpecifies,1
noneretrieve,1
executionwithin,1
andsystem.management.automation.provider.providercapabilities,1
issuearticle,1
isidentify,1
encrypted.to,1
NullifyClose,1
additions2,1
backgroundterminal,1
caveat,1
runtimealong,1
system.writing,1
powershellcmdlet,1
beforesystem.management.automation.cmdlet.writeobject,1
EnumerableExpansionXMLThe,1
sidebar,1
this.everything,1
andmethod,1
atialvar,1
inpowershell.when,1
supportproxy,1
b632e90c,1
theTest,1
#demonstrates,1
enumerationmember,1
Sen...Out,1
basemodule,1
exitingﾉexpand,1
versionsissue,1
private.c,1
bom.windows,1
types.attribute,1
removedriveprotected,1
assemblies.invoking,1
theComputerName,1
cmdletgenerate,1
orupdate,1
modulesupporting,1
modulescript,1
ConnectionClear,1
MethodsThese,1
substitute,1
whoami.exe,1
propertiesbeginn,1
PowerShellcoerces,1
HelpDo,1
lifecycleget,1
conversion.string,1
FunctionsToExportfield,1
AlsoError,1
shift+enter,1
improvementsCorrect,1
intcount,1
testerfind,1
methods.system.management.automation.cmdlet.beginprocessing,1
buttonSee,1
plugins.to,1
1hour,1
first.be,1
thrown.powershell,1
aretrimm,1
alsotype,1
markdownThis,1
orprocess.acknowledge,1
duffneyYou,1
71 7412 4540,1
ApplicationsSupporting,1
called.c,1
ThreeAccessing,1
Panda1philanderson8881BlackFalcons1milaandahiya1mklement02New,1
codeproperty,1
uploading,1
aboutexceptionserror,1
andback,1
2025hacktoberfest,1
scheduledjobremove,1
TeamJEA,1
Thisstep,1
comparisonstatement,1
dangerousfor,1
25396,1
fullyqualifiedid,1
installpscorepolicydefinitions.ps1,1
copy.the,1
parameter.here,1
use.expressionbinding,1
theFictionalTools,1
StatementSeparator,1
method.writing,1
post-increment,1
arrayseverythe,1
aserver,1
availablepackage,1
platforms.Removed,1
PSSnapinExport,1
openedhrxn1kevinholtkamp1mikeybronowski1tommymaynard42022,1
theIn,1
ncomplex,1
Usinga,1
2026community,1
ThrottleLimitWhen,1
ExpressionMost,1
sectionwrit,1
modulemanifestwrit,1
7.1.4.2,1
noteeditor,1
<!--<rule>,1
theId,1
commands.powershellspecifies,1
errors.powershellerror,1
notesadd,1
Microsoft.In,1
WindowsGet,1
preexisting,1
prerequisites.use,1
thecreate,1
operatorcontext.an,1
ioexception,1
JEAMaintenancePSVersion,1
ISETo,1
scriptfileinfopublish,1
not.if,1
markdownlintensure,1
prefix.use,1
#using,1
means.i,1
console.now,1
progressgithub,1
downloadurl,1
CodespaceAuthoring,1
TransformationFormat,1
securityhealthservice.exe,1
maylog,1
cultural,1
forand,1
originalcommand.the,1
instead.right,1
register.removewait,1
itemsso,1
wsmansessionoptionwindows,1
System.Enum,1
OctTop,1
Closuresfunction,1
experimentalfeatures.install,1
aliasesfor,1
similar.i,1
ServiceStop,1
MinStatic,1
21.2,1
tasks.due,1
verb.similar,1
AliasRemove,1
collectionsreturn,1
MasterFile.datIf,1
aba,1
txt.the,1
2100,1
DscDebugEnable,1
aliasesensure,1
tasks.this,1
contains.the,1
andpublish,1
UICultureVersion,1
wouldskip,1
thatProperty,1
currentpipeline.commands,1
v7.x,1
data1234,1
InvocationInfo,1
False.An,1
usercall,1
7.27.3.0,1
noteusing,1
path.on,1
http://www.acmecorp.com/widget.html.linksyntax:syntaxdescription:this,1
CompleteInput,1
previously.loading,1
typesexpect,1
CommonParameters,1
ado,1
becausereleasing,1
Consoleopened,1
hostenvironment.calling,1
synopsissection,1
<pssnapinassemblyname>,1
eachaction,1
@gigascratch,1
performed.when,1
noundifferentiate,1
thanks@scuzqy,1
scriptRepeat,1
<phone>,1
use.namedata,1
argumentimmediately,1
netignorecase,1
notifiedof,1
SetItemNew,1
toworking,1
forany,1
VSCode.Other,1
ISEAccessibility,1
element.PowerShellLee,1
topics.xmllast,1
redblue,1
ViewGroupBy,1
BookContributing,1
properties.gettercodereference,1
about.powershellthe,1
loop.powershellthe,1
matches.phone,1
contributionsfrom,1
ProcessObject,1
equalthese,1
variablevalue.The,1
session.export,1
unsaved,1
services.you,1
data.count4multiplying,1
thepwsh,1
HTML.The,1
rsp.open,1
ArgumentCompleter.The,1
Redmond,1
non-admin,1
ago,1
7.4.12,1
7.4.10,1
otherrunspace,1
matchinglabel,1
cmdlets.cmdlet,1
isto,1
typeif,1
implementapplication,1
nativecommand.change,1
delegable,1
59.51,1
IntelliSenseprovides,1
25510,1
toRemote,1
25511,1
25514,1
arecall,1
U.PowerShellAlso,1
onestatement,1
module.PowerShellThe,1
reserved.restore,1
system.management.automation.provider.navigationcmdletprovider.makepath,1
arguments.the,1
validpowershell,1
Objectguide,1
filesget,1
Idefine,1
theTotalProcessorTime,1
todisable,1
ProcessWhen,1
topics.conceptual,1
theprogress,1
arename,1
powershell10,1
2025wsman,1
524288000,1
withOpenSSH,1
directoryrequirementsdemonstrateshow,1
restrictedall,1
h3.inline,1
netfirewallservicefilter,1
types７,1
callingany,1
setsparameter,1
typeha,1
testbinarymodulecmdlet3command,1
powershell02,1
outputencoding,1
schemaonly,1
powershell?differences,1
objectsus,1
system.management.automation.powershell.stop,1
rating,1
abc123,1
2025jeffrey,1
thedeclaration,1
first.powershellcommand,1
pagingtypename,1
set.typenameofvalue,1
psresource,1
bycmdlet,1
powershell.6,1
secondarynotification,1
PowerShellOutputProgramFilesDir,1
tableTriage,1
youmostly,1
andextract,1
windows.add,1
code.powershell７,1
multiplemonitor,1
optionalcomponent,1
OperatorColor,1
contentoptimize,1
alsoselectionset,1
Defrag.Using,1
objects.selectstring,1
linter,1
objectsto,1
one.you,1
warningmessage,1
package.use,1
startingwith,1
internationalizedscript,1
gcs.pscommandwithargs７,1
filechange,1
objectswe,1
wideformat,1
Pane.From,1
runtime.The,1
programspowershell,1
recommendedto,1
4psobject,1
commands.have,1
aliasparam,1
pageprovide,1
open.copy,1
usedwrit,1
rcfoldercopy,1
system.management.automation.host.pshostuserinterface.readlineassecurestring,1
windowscomponent,1
CmdletParametersOften,1
Mail,1
responseresponse,1
keyexchange,1
NuGetRetired,1
viewselectioncondition,1
6:29:53,1
supportedPowerShell,1
command.parametersetsinstance,1
returned.powershelloutputthe,1
secretsｐCONCEPTOverview,1
objectsid,1
Runwith,1
apk,1
protocol.powershellnotice,1
pr.labelstatusresolution,1
46c3,1
25479,1
CounterImport,1
systems.you,1
use.reasondata,1
atomic,1
flowcontrol,1
variesdepend,1
11pro,1
accessor,1
manually.Import,1
type'microsoft.activedirectory.management.adcomputer,1
itemset,1
ofunconstrain,1
topics.developer,1
25440,1
ssh!these,1
isn'tspecified,1
currentcontent,1
format.configuration,1
choicesand,1
repositoriesare,1
cre...measure,1
historyif,1
related.the,1
holder,1
defaultdirectory,1
aview.expressionbinding,1
help?the,1
change.changing,1
theworking,1
studiocode７,1
cmdlet.verbinstanceproperty,1
2025accessibility,1
<!--add input type information here-->,1
andinterface,1
11.18,1
npress,1
other.powershellin,1
commands.This,1
https://go.microsoft.com/fwlink/?linkid=01122,1
method.data,1
cimsession.powershellquery,1
nand,1
ato,1
LinuxSupporting,1
wrappedin,1
notesstart,1
NoteSince,1
saved.press,1
arunn,1
.6.13,1
cmdlet.PowerShellOutputWinRM,1
Thelist,1
issuesarticle,1
WorkflowCmdlets,1
.6.19,1
4.4.6,1
maycontinue,1
somefeature,1
volunteer,1
add_Disposed,1
2025github,1
language.Verb,1
this.inputobject,1
there.implicit,1
aur,1
xmlformat.conceptual,1
scopes.PowerShellOutputAll,1
itemsin,1
completelist,1
completecorrect,1
psmodulepathﾉexpand,1
Saved,1
SessionsPowerShellOutputPowerShell,1
Service.PowerShell,1
macOSGitHub,1
resigning.VS,1
workfor,1
hives.creates,1
c9f,1
patch.github,1
<element name="uiculture" minoccurs="1" maxoccurs="unbounded">,1
table.when,1
allWindows,1
isstandard,1
libunwind8,1
itemsif,1
ObjectsWriting,1
ShouldProcessmethod,1
10/10/2019,1
wrappedto,1
crednotice,1
PowerShellInstead,1
parameter.PowerShellThe,1
result.when,1
cmdlet.Remove,1
AMbreak,1
KindTypePurposeIsLowerStatic,1
conciseview７,1
TimeStatus,1
lastname,1
one.powershelldon't,1
pathsto,1
community.have,1
corecopyright,1
mrpsversion.ps1,1
sorting.lastwritetime,1
correlateindividual,1
exercise,1
byexception,1
structurethat,1
specified.scriptparameterset,1
withnative,1
LastKnownParent,1
subordinatecontent.to,1
makewindow,1
you.Let,1
11.91,1
methodOverloaded,1
it.examples,1
pkg.use,1
significant.If,1
DomainsFinally,1
Copythat,1
cred.powershell７,1
GUIDEHow,1
requirelicenseacceptance,1
47.18,1
conflictsall,1
win32_localtimeday,1
isclosed.storing,1
ofapprove,1
thatreturn,1
1363148.80,1
EraseRename,1
nonearest,1
itin,1
user.how,1
src'dotnet,1
SetValueException,1
2025selectstr,1
scenario2.ps1transcript,1
ofselection,1
PrimaryGroup,1
widespreadadoption,1
rulestoken,1
objectcpcopy,1
howthey,1
thisenable,1
effects.this,1
jctrl,1
servicelast,1
psbreakpointremove,1
PSCommandPath,1
operatorscmdlet,1
11.46,1
itemsps,1
Html,1
main.merge,1
végösszeg,1
aguid,1
#Cmdlets,1
modulepathinstance,1
AuthRoot,1
well.A,1
specified.noneschemasyntax,1
25497,1
more.com.that,1
2too,1
latter,1
typeto,1
cases.code,1
executedby,1
sha256,1
PowerShellSupported,1
bag,1
abstraction.Because,1
secondsdo,1
22.5,1
commandand,1
custominteractive,1
forwhen,1
modulesextensible,1
CompliancePowerShell,1
types.ps1xmlfile,1
EnterpriseLinux,1
changeBranch,1
collectioncontain,1
theSystem.Management.Automation.WildcardPattern,1
outputfrom,1
powershellinitialize,1
programs.azure,1
r.either,1
operation.PS,1
miscellaneous,1
values.instead,1
jeaformyhoster,1
ofsingle,1
discoverablepowershell,1
yousure,1
threadjob.start,1
thebeginningPS,1
Stri,1
NoteSite,1
file.additional,1
newer.we,1
keysthis,1
node.add,1
longerincluded,1
moduleMoved,1
2026function,1
information.syntax,1
PowerShellrunspace,1
powershell1.0nov,1
values.editorial,1
ServicePS,1
AlsoWide,1
thesystem.management.automation.provider.navigationcmdletprovider.isitemcontainer,1
BackspaceScript,1
bet,1
dialog?what,1
ValidateSets,1
spoolerstart,1
github.com/powershell/powershell/releases/download/v7.5.7/powershell-7.5.7-linux-arm32.tar.gzhttps://github.com/powershell/powershell/releases/download/v7.5.7/powershell-7.5.7-linux-arm64.tar.gzpowershell,1
featurescontent,1
propertyload,1
ncreate,1
codesave,1
containshundred,1
object.to,1
Debugger,1
names.powershelloutput,1
arguments.definitioninstanceproperty,1
targetsnetstandard,1
+0007,1
overviewdsc,1
netstandard.library,1
+0008,1
ins.writing,1
ContentNo,1
refactoring,1
ObjectCategory,1
that.powershellif,1
Helpis,1
topics.Cmdlet,1
oftrue,1
firstrole,1
posix,1
100c2f,1
GroupByCustomControl,1
DynamicParameterselement,1
transcript5,1
ascopyitemdynamicparameter,1
Stub,1
McClellan14ThePoShWolfAnthony,1
everyrelease,1
aparameterpurposefunction,1
FeaturesNew,1
Stringify,1
projectscreat,1
itwa,1
inconstrainedlanguage,1
code.PowerShellfunction,1
2.2.9.1,1
childiteminvoke,1
bis,1
follows.commandnotfoundexception,1
exception.c,1
aredisplayed.types,1
object.if,1
gegreater,1
110.0,1
closed.A,1
withcreat,1
ManagementSee,1
redothe,1
downloadthe,1
typingPowerShellorPowerShellPath,1
projecturi,1
25631,1
d.2,1
calledby,1
ControlSet,1
areexpose,1
elementsfilter,1
item.this,1
itus,1
dhcpserver,1
TypesRequired,1
coreimplementation.this,1
0nul,1
ImportantFormatting,1
takesprecedence,1
classes.writing,1
operations.c,1
anddefine,1
items.when,1
operations.s,1
stored.powershelltranscripts,1
#how,1
ServerThis,1
officefor,1
resourcesimport,1
awhere,1
archivessudo,1
NamesWriting,1
anyform,1
Snapsudo,1
application.Windows,1
unset,1
Right.To,1
functionwork,1
warningaction,1
submitthe,1
hotfixidhotfixid,1
CharactersSee,1
using.powershell,1
OutputTypeInstanceproperty,1
PSRoleCapabilityFile,1
1.22.0,1
ex.message,1
non-letter,1
hostwrite,1
nothingtrueps,1
orderedset,1
optional.for,1
system.management.automation.powershellobject.adding,1
invokecommand.expandstring,1
sessionpowershelloutputpowershelloutputpowershell,1
remotecomputer.powershelloutputthe,1
submitter,1
bot,1
mayinclude,1
ConceptsLast,1
otherswant,1
standard.to,1
GetChildNamesprotected,1
alias.avoid,1
object.on,1
withoutconfigurationGet,1
task2,1
VariableVariable,1
installedside,1
commandast,1
about_ansi_terminals,1
currentprovider,1
ittest,1
macOS.CimCmdletsMicrosoft.PowerShell.DiagnosticsMicrosoft.WSMan.ManagementPSDiagnosticsSome,1
toinvestigate,1
linux.there,1
wasdefinedNameInstanceproperty,1
typeaccelerator,1
replaced.in,1
object.an,1
above.Here,1
resourceJEA,1
Method７,1
objectswill,1
System.Security.Principal,1
newdocumentationupdate,1
0.004366812227074247.6.5,1
presence.there,1
labelsare,1
valueswrite,1
classdeclare,1
parameter.qword,1
25590,1
@fsackur,1
updatesretire,1
orbitwise,1
string.powershelloutputthe,1
codeblock,1
accessdbprovidersample04.for,1
platyps.file,1
OneGet,1
bufferand,1
microsoft.powershell.managementget,1
ofmatch,1
PowerShellCommunity,1
system.management.automation.provider.itemcmdletprovider.isvalidpath,1
25568,1
for.the,1
ChangesUpdated,1
ifany,1
workspaceroot,1
ListControlelement,1
offensive,1
identifier.as,1
ie.quit,1
block.one,1
executedto,1
caughtand,1
comment.a,1
servicetype,1
WindowsPowerShellFor,1
object.at,1
task.if,1
handlingif,1
only.system.management.automation.cmdlet.writeerrorsystem.management.automation.cmdlet.throwterminatingerror,1
ret...group,1
Multi-Select,1
Modifiers,1
associatelock,1
GenericModuleFor,1
WindowsFor,1
declaration.you,1
25547,1
nomeaningful,1
ConflictingCommandImport,1
boxes.for,1
informationwindow,1
shrdash,1
query.for,1
valuedesignate,1
logoff.exe,1
wereable,1
LinuxThere,1
them.manually,1
interface.c,1
elementsviewdefinition,1
maximumerrorcount,1
anuntrust,1
arecommands,1
25559,1
sourcerepository.experimental,1
startingat,1
Venus,1
loading.loading,1
containsyour,1
ismeant,1
msixpackage.benefits,1
whenspecify,1
stepsusing,1
parameters.how,1
toread,1
setspsadapt,1
moretightly,1
moreexpensive,1
terminal.microsoft,1
mountuserdrive,1
objects.customentry,1
system.windows.forms.datagridview,1
TypeSystemErrors,1
wideentrycreat,1
identifiersDo,1
recursemapp,1
PowerShell.Previously,1
pssessioncmdlets.requirementsdemonstratesexample,1
usingthose,1
495..,1
isdetermine,1
bya,1
25538,1
containslink,1
aliasesThis,1
CommonImport,1
4.5.7,1
forremote,1
openedjhribal4ariehein2bergbok11colinwebster,1
4.5.8,1
CodespaceOnce,1
addition12,1
enterprisewhen,1
user32.dll.when,1
highlighting.if,1
onlywant,1
MrParameterValidation,1
MaintenanceModule,1
Thisarticle,1
herethat,1
thePSTypeConverter,1
addedabout,1
packagesourceimport,1
errorsreport,1
validationfunction,1
SupportBecause,1
2010-2-1,1
path.additional,1
roam,1
mayimprove,1
TableControlTableHeaders,1
HistoryAndPluginPredictionViewStyle,1
powershellplatforms.to,1
KindTypePurposeDescriptionInstance,1
updates.syntax,1
Analysing'Account,1
FDResPubDISPLAYNAME,1
writablelocation.examples,1
computer.powershellsuspend,1
nothingness,1
removed.the,1
ElementDescriptionFrame,1
Fenced,1
WmiInstanceInvoke,1
input.trapping,1
17.1.6,1
GuidelinesDesign,1
areusing.PowerShell,1
Security.Principal.WindowsPrincipal,1
operatorthis,1
variable.DISABLE_TELEMETRY,1
package７,1
NewValueofPropertyXMLFor,1
shastri1bravejhawk1coolhome1johndward011lor3k1new,1
reviewor,1
sparingly,1
foreachstatement,1
CopyItemThe,1
ParametersName,1
andDebug,1
SelectionSetDefines,1
element.none.elementdescriptionselectioncondition,1
495616,1
cease,1
dc01wsmid,1
localcomputer.powershellthis,1
behaviour,1
robo,1
4.5:1,1
blockmarkdown,1
wscript.networknew,1
processcommandtype,1
MNSLogonAccount,1
important?common,1
Itemri,1
asynchronously.calling,1
removed.powershellpowershell,1
mustalway,1
doubleminvaluestatic,1
tabledebuggingtaskdescriptionhow,1
fixclose,1
ifadd,1
system.diagnostics.processobject,1
GroupBySelectionSetName,1
onlywait,1
287.66,1
CommonOut,1
solutionsthat,1
specificinstallation,1
initialization3,1
handledate,1
attacks.powershell,1
accessdbpsdriveinfosystem.management.automation.provider.itemcmdletprovidersystem.management.automation.provider.containercmdletprovidersystem.management.automation.provider.navigationcmdletproviderdesigning,1
hoverinformation,1
commands.jea,1
itemthird,1
configurationget,1
isconvert,1
variables.You,1
tableadministrator,1
covering,1
views.the,1
curate,1
commandadd,1
comments.line,1
packagesPSReadLinein,1
attributesif,1
Newtonsoft.Json.Schema.With,1
library.powershellthis,1
successfulbind,1
thoseapplication,1
itemsPS,1
psproviderprovider,1
removedLoggingJob,1
Linux.Microsoft,1
invokeother,1
non-critical,1
DebugConsole,1
yourWindows,1
SubsystemManager.UnregisterSubsystem,1
oraugment,1
ReleaseDHCPLeaseAll,1
events.powershelloutputthe,1
csrsscsrss,1
a.net,1
RangeThis,1
pagingget,1
tableelementdescriptionwideitem,1
runtimeexception.errorrecord.invocationinfo.invocationname,1
CommandsYou,1
existingproperty,1
typefile,1
namewith,1
2300,1
thefabrikam,1
nolevel,1
bydoc,1
theenumerable,1
condition.powershelloutputgreater,1
newer.session,1
kevin1skycommand1jsilverm3mklement02new,1
dis...new,1
packageDeploy,1
appears.outputhow,1
beinghidden,1
command.Windows,1
modewhen,1
Don'tuse,1
keyword.The,1
roll,1
loopseparate,1
contributingto,1
SecureMove,1
nullgit,1
objectpowershellcall,1
ElementWide,1
NoteVisual,1
HttpVersion,1
shellsnetsh,1
andend,1
forpsreadline.many,1
StringRead,1
NewProperty,1
avoidapprove,1
entering,1
valueproper,1
4996,1
AddWindowsPrinterConnection,1
julythe,1
versions.powershell,1
variablenames.if,1
hostadd,1
set.typename,1
used.Specify,1
thesystem.management.automation.provider.cmdletprovider.writeitemobject,1
redirection.in,1
andprose.The,1
scripts.modules,1
confirmation.in,1
attribute.dynamic,1
completionTo,1
encodingfor,1
<projectreference include="..\alcmodule.engine\alcmodule.engine.csproj" />,1
Obtain,1
VersionCommandType,1
tothese,1
body.at,1
system.management.automation.cmdlet.stopprocessing,1
uninstaller,1
DocsTop,1
ofconfigurationdefine,1
tableElementDescriptionName,1
cim,1
supportedcollapse,1
types.change,1
wheresyntax,1
aprilnew,1
PowerShellreads,1
nullget,1
false.valuefromremainingarguments,1
KindTypePurposeDayInstance,1
System.Management.Automation.Cmdlet.WriteProgress,1
Rem...Set,1
AllJoyn,1
requestsfeedback,1
MrPSVersionCommandType,1
Variable.Any,1
LifecycleStep,1
issystem.management.automation.parameterattribute.the,1
doublesquare,1
NormalizeRelativePath,1
PSCustomObject.NOTES,1
containscontain,1
@reduckted,1
peoplename,1
37.1.8,1
used.wideitem,1
expansionsupport,1
corrected.the,1
PSObjectBase,1
LifecycleSwitch,1
Issuesabstraction,1
</tasks>,1
cls,1
kb4048951,1
devdtct2dm1service,1
restartingservicesstop,1
MicrosoftAdding,1
WinmgmtRequiredServices,1
followthese,1
25726,1
powershellsupport,1
disk.don't,1
e17,1
Elementfor,1
functionschapter,1
applicationdeveloper,1
them.complete,1
modulemanifestupdate,1
tuple,1
microsoft.powershell.commands.getcommandcommandnotice,1
itemorder,1
sectionsof,1
way.To,1
it'snot,1
configuration.optionally,1
statementsadd,1
procedure.for,1
e1d,1
methodjoin,1
for15,1
constraintson,1
524288000７,1
578cpu,1
e1l,1
CimIndicationEventWindows,1
usersprovide,1
tohold,1
e35,1
guidelines.because,1
powershellshYou,1
psdata,1
nameoverride,1
multistring,1
PSPrimitiveDictionarySwitchParameterPSListModifierPSCredentialIPAddress,1
documentationredir,1
performsanother,1
aboutwhy,1
DoesNotRequirePreAuth,1
stack.powershellexceptions,1
powershellexplained.com.basic,1
isused.typename,1
pscmdletdeclare,1
gous,1
e3d,1
brightblack,1
OptionalSupporting,1
filesplit,1
nounsdescription,1
member.type,1
Methodtrue,1
beterminator,1
system.management.automation.sessionstateentryvisibility,1
value.path.substring,1
<filename>,1
equalmany,1
runremotely,1
Thethird,1
bracketterminate,1
orhigh,1
nameelement,1
tofamiliarize,1
ViewLast,1
text.powershell,1
xrelate,1
orsupport,1
Cre...Debug,1
PrintPowerShell,1
rowa,1
TypesUse,1
RunspaceDebugExport,1
do?the,1
class.powershelloutput,1
literalsliteral,1
forpowershell.the,1
indicatethat,1
about_powershell_configupdate,1
them.PowerShellThis,1
<statement list>,1
parsethe,1
256:2,1
Datathese,1
work.the,1
expression0x0f0f,1
view.XMLCustom,1
forIn,1
Formatcmdlet,1
seconds.there,1
true.powershellthere,1
11076,1
non-commercial,1
workflowThe,1
versions.Hosting,1
arraystyle,1
NotificationStopped,1
@which,1
Thisextension,1
RequestingConfirmation.The,1
performcommon,1
twotype,1
practicesarticle,1
EditorFileFrom,1
elementstable,1
modules.this,1
<helpitems xmlns="http://msh" schema="maml">,1
WindowsArticle,1
executed.PowerShellWe,1
OperationTimeoutSeconds,1
whileIn,1
handside.powershellps,1
articlescmdlet,1
commandyou,1
stopping.powershell,1
objects.Consequently,1
displayed.ﾉexpand,1
#DemonstratesExamplenamespace,1
OutputUsing,1
greatexample,1
AssemblyLoadContextRick,1
FaxServiceType,1
ConsoleColor.DarkCyan,1
languaget,1
#vbthe,1
2026user,1
DirectoryBinary,1
25696,1
errorsongo,1
HelpHow,1
recently.the,1
anattempt,1
modulesblog,1
principal.isinrole,1
orsystem.management.automation.host.pshostuserinterface.writeline,1
WindowsPowerShellremotely,1
tested.it,1
HunterInjection,1
user@host,1
checklist2,1
completed.a,1
objects.viewdefinitions,1
code.Change,1
workif,1
specialconfiguration.these,1
messagess,1
PowerShellExtension.Key,1
users.limit,1
thatrule,1
kevin,1
Amendment,1
usingget,1
ItemClearItemClearItemDynamicParametersThis,1
schemaprovider,1
cmdletprocess,1
PowerShellcontinues,1
RedirectStandardError,1
13692,1
2025casting,1
method.psmethod.overloaddefinitions,1
ThePath,1
specified.aliases,1
powershelllist,1
testget,1
aleaf,1
11033,1
WednesdayEnum,1
control.itemselectioncondition,1
console.last,1
noconversion,1
methodsystem.management.automation.cmdlet.writeobject,1
lifting,1
input.errormessage,1
NoteWhere,1
CatalogVersion,1
usingunconstrained,1
tosort,1
pkgfile.if,1
areliteral,1
DayOfWeek,1
stringtolowerinstance,1
CsvConvertTo,1
examples.the,1
injection.type,1
deeper.it,1
definition.schemasyntax,1
25656,1
version.PowerShellC,1
BitsDiscover,1
withselect.outputuse,1
similarguidelines.nouns,1
SealRevoke,1
usersthat,1
2147483648.1,1
Ret...Get,1
blocksequence,1
thecommands.catching,1
shells.Windows,1
orwikipedia,1
defined.movenextinstancemethodnone,1
fancyword,1
Conference,1
System.Management.Automation.Provider.ItemCmdletProvider.ItemExists,1
verifiesthat,1
LocationGet,1
HelpContentURIelement,1
1384.03,1
messages.yes,1
capabilitiesyou,1
use.a,1
ScriptsToProcessNext,1
assemblies７,1
use.C,1
forceget,1
theform,1
forprocess,1
SDKMicrosoft,1
processingit.the,1
filesnext,1
usesthat,1
pack.blank,1
variablesis,1
openedsurfingoldelephant382allyyyyy1jborean931justingrote2content,1
cluster.culturedata,1
mode.the,1
PowerShell?Major,1
insensitive.a,1
domainca,1
copy.person.nameps,1
parameters.system.management.automation.idynamicparameterssystem.management.automation.idynamicparameters.getdynamicparametershow,1
butoutside,1
scriptscustomize,1
defaultmessage,1
<additional-path>,1
GalleryLong,1
flagsattribute.this,1
AprilClarified,1
areonly,1
maythrow,1
Creat,1
true.C,1
italic,1
selector.invoke,1
loginstead,1
batchconclusionsthe,1
administrator.windows,1
arg2psdesiredstateconfiguration.invokedscresourceenables,1
derivationhierarchy,1
true.PowerShellOutputThe,1
withmatch,1
specifycommon,1
under_manifest,1
ISEMode,1
yourchoose,1
projectquality,1
dbg,1
f935dc23,1
automation1content,1
modulesOther,1
PowerShell'sALC,1
samplepredictor.dllpowershelloutputlast,1
InputHow,1
Re-indexPowerShell,1
dbp,1
4:55,1
message?because,1
openedbergmeister1hrxn1jebeckham1new,1
functionsvisiblefunction,1
genericcatch,1
messagewhen,1
PowerShell?Where,1
Thisdirective,1
variableset,1
GalleryPSDiagnosticsWindows,1
psnativecommandpreservebytepipe,1
point.another,1
2400,1
objectsabout,1
ySome,1
packageproviderregister,1
maximumvalue,1
ConfigurationDefaultSettings,1
Linux.PowerShell,1
confirmation.low,1
transaction.c,1
ddd,1
workwhen,1
whatifps,1
export.for,1
ofconcurrent,1
permanentadministrator,1
specifickind,1
PSDriveRemove,1
Debugparameter,1
modules.Modules,1
enteredit,1
argument.validatepattern,1
FileHashGet,1
updatespsscriptanalyzer,1
wildcardpattern.containswildcardcharacters,1
operator.powershellthis,1
restrictedblock,1
environmentdata,1
PowerShellwildcard,1
otherwiseseparate,1
functionimmediately,1
user.enter,1
scanner,1
sensordataservice.exe,1
PowerShell.Verb,1
forTableControlSpecifies,1
dscconfigurationthis,1
applicationthrough,1
file.function,1
andabout_remote_jobs,1
16622096freephysicalmemory,1
ShortcutsLast,1
treatment,1
fileenable,1
interactswith,1
myInputObject,1
opened.this,1
command.load,1
MigrateNew,1
arerun,1
dgo,1
assemblyquick,1
22ps,1
efficiently.to,1
2012full,1
sameexperience,1
thepip,1
default.In,1
Scripting.Dictionary,1
processcommand.creating,1
0.00,1
@memberParamObjects,1
0.01,1
PosterPowerShell,1
fileupdate,1
b.toupper,1
features.powershell,1
typeclear,1
forviewspecify,1
releases.however,1
issuesrazo,1
ExportedCommands,1
dig,1
accountExpires,1
needed.PowerShellOutputThis,1
clrfacade,1
sessionand,1
0.09,1
0.04,1
HostSTATUS,1
0.05,1
0.03,1
executed.In,1
determinedfrom,1
all.selecting,1
anysemantic,1
discarded.ordinarily,1
entriesand,1
they'reuseful,1
getobject,1
System.Management.Automation.Provider.ContainerCmdletProvider.Declare,1
brown,1
scriptsget,1
andmonthly,1
documentation.an,1
JobStop,1
system.convert,1
AlcEngine,1
runinteractively,1
GitHubAction,1
roles.the,1
isdesirable,1
functionality.os,1
process.consider,1
exceptionwa,1
instead.generally,1
rulesnew,1
itself.The,1
PSSessionGet,1
2012release,1
Y.PowerShellAn,1
multiplepowershell,1
0.26,1
productAlways,1
defineddata,1
64path,1
wshshell.createshortcut,1
openedcrisman23tsanzo,1
PowerShellExplained.com.The,1
namereference,1
NoEcho,1
blockfunction,1
thesystem.management.automation.provider.containercmdletprovider.removeitemdynamicparameters,1
servers.windows,1
results.powershelli,1
2025deep,1
studio.how,1
boot.ini,1
f10,1
f11,1
block.powershellthe,1
resolution.given,1
thedimension,1
actionssystem.management.automation.confirmimpact.low,1
0.53,1
exampleget,1
servicewarning,1
thesystem.management.automation.provider.cmdletproviderattribute.providercapabilitiesproperty.private,1
balance,1
0.49,1
Updatinghelp,1
f0d,1
herewsmanconnectioninfo,1
selectsave,1
Setspoints,1
0.67,1
0.64,1
samplepredictor,1
aren't.an,1
h.upper,1
feedbackitem,1
company.use,1
doa,1
feedback.getsuggestion,1
orcontain,1
doe,1
theassociate,1
dog,1
25847,1
ApplicationDomains,1
dom,1
PSResourceGetSupported,1
cmdlets.writing,1
build.By,1
0.72,1
using.the,1
script.powershelllast,1
modulesExchange,1
sent.cmdlets,1
backticks,1
control.runspace03,1
LinksAdd,1
view.listentry,1
resourcesadditional,1
grammarinput,1
improvementssummarize,1
Butthere,1
computation,1
astandalone,1
PSSessionobject,1
PSMemberTypes.CodeMethodenumeration,1
methodmmanif,1
Squarzon.Start,1
decimalsingle,1
MemberCorrected,1
onecomputer,1
input.how,1
stepswithout,1
implementationdefined.type,1
1conversion,1
onepowershell,1
tovariable,1
Template,1
arrangement,1
patterntrue,1
use.child,1
displayed.width,1
particularaction,1
CimSessionWindows,1
setting.check,1
tableRemarksExampleListEntry,1
system.missingfieldexception,1
module.powershelloutputsince,1
klist,1
samaccountty,1
bearing,1
2025summaryresolving,1
ConsoleKey.LeftArrow,1
differentoperate,1
wildcardexpansion,1
listpredictionselected,1
resource.create,1
example.you,1
settingsﾉexpand,1
seeManage,1
25806,1
relationaloperator,1
examples.use,1
overviewalpinedebianr,1
ReturnsNullString,1
list.because,1
psuser,1
thanthrow,1
runGet,1
providedomain,1
thesystem.management.automation.provider.itemcmdletprovider.clearitem,1
lintingSpellingAll,1
exceptionor,1
byother,1
documentation.We,1
DesktopPSCompatibleVersions,1
filteredcommandsyou,1
2average,1
wewant.assembly.loadfile,1
behundred,1
PSRedirectToVariable７,1
f93,1
tamper,1
andcompatibility,1
help.placing,1
name.use,1
thecurrentuserallhost,1
wsmanquickconfigwindow,1
ElementList,1
notdash,1
substring.certusagedata,1
location.you,1
GitHubArticle,1
language.windows,1
syntaxquality,1
longerpoint,1
youget,1
minimally,1
CommandValidationHandler,1
therestart,1
triggered.powershelloutputall,1
correctedin,1
parameter.kerberos,1
arraytype,1
code.invoke,1
date.microsoft,1
information.powershellthe,1
sequencestep,1
takeinput,1
PSDesireStateConfiguration,1
shareaccessible,1
objectsfrom,1
runspace02,1
runspace01,1
runspace04,1
runspace03,1
MethodSupporting,1
host.c,1
theSystem.Diagnostics.Process,1
<getcodereference>,1
compatibilityprevious,1
handlersComplete,1
output1.csv,1
later.for,1
record.fullyqualifiederrorid,1
lifecycle.for,1
csp.groupdata,1
host03,1
octobera,1
23156,1
runspace09,1
logsSession,1
runspace06,1
runspace05,1
runspace08,1
class.there,1
resource.calculate,1
23152,1
again.suggestion,1
documentstheir,1
runspace10,1
defaultproperties.powershellthat,1
seesystem.management.automation.validatepatternattribute.to,1
2203.03,1
forvalue,1
ofcollect,1
REG_EXPAND_SZ,1
knowwhich,1
progra,1
cmdlets.host06,1
reformat,1
nosuchprocess2,1
errorsthe,1
25780,1
PreinstalledWindows,1
uniformly,1
canaudit,1
notethese,1
however.If,1
kiosk.this,1
var.x0the,1
Confirmationfrom,1
arraysstringbuilder,1
PSProvider.You,1
thesystem.management.automation.validatesetattribute,1
RemoteSignedExecution,1
way.we,1
functioncode,1
operators.last,1
APIPort,1
pipeline.modulemodule,1
steps.outputhow,1
thepipeline.C,1
logic.loading,1
frameworks.for,1
representation.a,1
contextsassembly,1
Objectconstruct,1
ofalcmodule.engine.dll,1
stavanger3aungminko937503settrend2cdichter2reuvygroovy2top,1
actualimplementation,1
DebuggingQConsole,1
canconfigure,1
methodperform,1
BitsTransfer,1
theout,1
process.powershell７,1
25774,1
progressrecordtype.completed,1
a.ps1,1
butnotice,1
abraham1robertkruk1mikemm702new,1
Microsoftdoes,1
usewildcard,1
data.high,1
cleansessionstate.providers.add,1
shell'true'powershell,1
13799,1
open.for,1
ArmWindows,1
uncaught,1
StringArrays,1
operatorsmatch,1
this.total,1
ascript７,1
nds.GetMemberCommandGet,1
member.powershellpsobject,1
basedWindows,1
string.compare,1
ConfigurationXMLThe,1
astvisitor2,1
ParametersLast,1
document.are,1
InputParameter,1
SSH.The,1
exceptional,1
work.use,1
characters.charactername,1
name.syntax,1
anenumeration,1
inequality,1
theSystem.Management.Automation.Cmdlet.WriteProgress,1
EnumSingleTypeConverter,1
andexecute,1
documentsProduct,1
runtimeusing,1
AEADIFiltersDisplayName,1
registrykeysthis,1
PSSessionFor,1
asubsequent,1
yourimage.these,1
eab,1
entriesthis,1
secret,1
usernamea,1
parttype,1
view.elementdescriptionviewdefinitions,1
valueshave,1
domain?set,1
PropertyPowerShell,1
SliderHelp,1
page.The,1
issues.rename,1
sensitive.note,1
CanonicalName,1
System.Console,1
anyvalue,1
Keyword,1
commas.detect,1
resolutionapplication,1
0xf0x0f0f,1
andreliable,1
willwork,1
ebp,1
executed.if,1
GetContentWriterGetContentWriterDynamicParametersThe,1
DESCRIPTIONDescription,1
loopfor,1
about_Parsingabout_Quoting_RulesPowerShell,1
exception.powershellthis,1
Property.In,1
theone,1
openedrezach1hertz,1
descriptionsWrite,1
content７,1
directlythe,1
CommunicationsRedo,1
thesystem.management.automation.provider.itemcmdletprovider.isvalidpath,1
2500,1
expectthis,1
default.if,1
thissection,1
onecommand,1
blocksliststerminologycmdlet,1
moreuser,1
edd,1
running.New,1
fasterthan,1
documentation.It,1
Windows.Get,1
NullChar,1
articlesabout_character_encodingabout_output_streamsusing,1
thatrepresent,1
determinewhat,1
GitHubrepository.Next,1
executedrepeatedly,1
outputviewpowershell,1
GUIDEPreventing,1
x509subjectalternativenameextension.enumeratednsnames,1
view.view,1
ElementVBThe,1
team.PowerShell,1
asneed,1
contentｕ,1
35172,1
text.actionkeyboard,1
2524,1
thesystem.management.automation.errorcategory,1
settings.typename,1
aSystem.Management.Automation.Runspaces.SessionStateAliasEntry,1
avoidreceive,1
variablethe,1
orderedkeyword.powershellnow,1
Troubleshoot,1
code.many,1
psstyle.formatting.warning,1
view.firstlinehanging,1
tzdata,1
InterfaceUpdate,1
ModulesManifest,1
erroractionerroractionthere,1
validateandacceptline,1
expressionand,1
loading.net,1
examplesadd,1
file.itemselectioncondition,1
andexamine,1
locationinclude,1
NumbersSupporting,1
4:50:21,1
endpoint.It,1
casesensitiveignorecase,1
branch.periodically,1
documentationresolution,1
formattingfile.selectionsets,1
appears.enter,1
system.management.automation.psmemberinfo,1
upterminate,1
looknook,1
2560,1
microsoft.powershell.psresourcegetcmdlet,1
moduleccommonparameterddot,1
25910,1
necessary.When,1
statearticle,1
feedsretire,1
documentationresurrect,1
ServerC,1
Prasoon,1
conversion.constructors,1
grammarb,1
itssystem.management.automation.cmdlet.beginprocessing,1
memory.the,1
mailaddresscultureinfox509certificate2,1
ComputerMachinePasswordRestore,1
EventLogMicrosoft.PowerShell.UtilityConvert,1
whetherthere,1
sometimescall,1
system.security.accesscontrol.objectsecurity,1
converted.the,1
succeeded.building,1
installed.enabling,1
notehistory,1
interactiveand,1
TotalSales,1
character.question,1
cmdletsUsing,1
keysnew,1
thecomputer.Adding,1
alsoworking,1
detection.app,1
thestop,1
type.For,1
AlcEngine.Use,1
mshshort,1
ServerOffline,1
antimalware,1
message?i,1
endpoint.If,1
it.PowerShellThe,1
excludeStrings.Length,1
evidence,1
savedwith,1
cmdlet.inside,1
tosystem.management.automation.cmdlet.writeprogress,1
effect.several,1
theSystem.Management.Automation.IContainsErrorRecord,1
InitialSessionStateEntryCollection,1
syntaxfor,1
AppPackageVolume,1
notspecify,1
powershellconvert,1
Presario,1
readingand,1
startedmicrosoft,1
Lombardi,1
avoided.in,1
operand.multidimensional,1
removesan,1
topics.to,1
CimSessionconfigured,1
called.non,1
filessecret,1
parameters.bbinary,1
pwshpwnd!ways,1
thatmachine.jea,1
CertFileData,1
idynamicparameters,1
definedcollectionspecify,1
precedence.markdown,1
Theexamples,1
separatedidentifier,1
rolea,1
roleb,1
configurationsupdate,1
0.046875,1
extensionsthe,1
insteaduse,1
Code.Command,1
pm11,1
MethodWrite,1
TableColumnItemDefines,1
verbname,1
values.default,1
usetx,1
risk.should,1
scopeTroubleshoot,1
specified.none.elementdescriptiontablecolumnheaderelementoptional,1
thanonce,1
ElementsNone.ElementDescriptionItemSelectionCondition,1
DisableUnblock,1
Microsoft.PowerShell.Commands.SendMailMessageThe,1
eop,1
rootmodulepathnew,1
markdownlint.json,1
fixissue,1
denied.at,1
67640.79,1
forward.PowerShell,1
neis,1
problemswhen,1
isnumpad2,1
initialsessionstate2,1
turna,1
Con...Write,1
NETStandard.Library,1
blocksthe,1
order.The,1
themeWhat,1
values.powershellhere,1
tableremarkscreat,1
AustinPS,1
controlview.selectionsetname,1
username.an,1
nein,1
memberWelcome,1
CmdletThe,1
andtype,1
wixwinget,1
faqbeginn,1
accesshelp,1
tablerun,1
function.last,1
updatechannels.No,1
removedpowershell,1
runtime.within,1
CalendarImport,1
PublicYou,1
theaction,1
format.for,1
lax'lax,1
neededby,1
PowerShell.Enter,1
theconceptual,1
system.web.script.serialization.javascriptserializer,1
AdministratorsSSH,1
about_jobsabout_job_detailsabout_remote_jobsto,1
IntegerDeclaring,1
memory.SYNTAX,1
lifecycle2021,1
netassembly,1
@psroptionsset,1
wasadd,1
configuringssl,1
themall,1
but150,1
providerproviderpathinstance,1
abitwise,1
categoriessee,1
preferencesbeyond,1
ocmsn.log...,1
Packages,1
directory.when,1
codewithout,1
other.powershelluse,1
experimentalPowerShell,1
Proccmdlet,1
platyps.using,1
help.supporting,1
tablesFor,1
profile.allusersallhostsalluserscurrenthostcurrentuserallhostscurrentusercurrenthostyou,1
etw,1
MachineParameterName,1
themaml,1
ListControlPropertyName,1
callingsystem.management.automation.provider.cmdletprovider.writeitemobject,1
conversionspowershell,1
securitylearn,1
Code's.Another,1
onLinux,1
thatnew,1
openedjmiller762VShrubowich1TEBandCo1skycommand1darthwalsh1diecknet1tabad7mklement02Top,1
Macintosh,1
bedifficult,1
inotlikedash,1
SelectionSetNamechild,1
visiblefunctions5,1
2025validatelength,1
Gateway,1
ubuntuvm1linux,1
on.PSMemberInfo.IsInstance,1
PipelineSupport,1
comments.each,1
filesfunction,1
original.you,1
doesprovide,1
formy,1
improvementsAdd,1
types.configuration,1
adjacent,1
themicrosoft.powershell.commands,1
modulewindow,1
oldAPI,1
powershellmkdir,1
PowerShellhost,1
7.0unregister,1
toMicrosoft,1
Meta,1
byget,1
7.58start,1
e.codegeneration,1
theservice,1
includingwindow,1
alreadyinstall,1
ItemRemove,1
newversion,1
safegetprocessesbyname,1
searchorder,1
LAPS,1
exo,1
ext,1
fulldiscussion,1
methodexception,1
eye,1
only.folder,1
theactive,1
action.requesting,1
errorscreate,1
Hutchison,1
separateparameter,1
data.enumerableexpansionselementoptional,1
variable.If,1
CommandPowerShellThe,1
firstargument,1
Registry７,1
usesfor,1
ISE.ﾉExpand,1
both.listitem,1
processExecute,1
thedependency,1
30temp,1
beforesystem.management.automation.cmdlet.shouldprocess,1
gray,1
aninterpreted,1
Use...Invoke,1
orrenew,1
modulecompanyname,1
onevalue,1
releasesupdate,1
InputAdding,1
tabsKeyboard,1
localgrouprename,1
installationsarticle,1
2025processid,1
system.management.automation.runtimedefinedparameter,1
cmdlet.When,1
performance.strongly,1
wsock32.dll,1
documentation.code,1
grab,1
cmdletpowershell,1
experience.to,1
specification.there,1
392.13,1
parameterselect,1
Multiprocessor,1
thelow,1
storethem,1
cmdletsjoin,1
evenrealize,1
18362buildtype,1
members.second,1
JEADesired,1
assemblyName,1
containsmultiple,1
localizationlocalization,1
pressshift,1
@TSanzo,1
Invocation,1
second.the,1
enumeration.For,1
WinRMEnter,1
writeindividual,1
eachtarget,1
switch.powershellbreak,1
presentor,1
23272:2006,1
console.set,1
endpointby,1
sessioncmdlet,1
attributeenable,1
news,1
1048576,1
isspecified.forcedata,1
ownhelp,1
StartNameOutputFor,1
25896,1
linkscleanup,1
system.int16,1
csvconvertfrom,1
67how,1
System.Management.Automation.Provider.CmdletProviderAttribute.The,1
SecurityUnpublish,1
canupgrade,1
list.the,1
commandmeasure,1
cmdlet.using,1
toolswinget,1
NullArray,1
parameterwhen,1
intoreusable,1
ProcessComparison,1
thisinstance.hourinstance,1
scripts.PowerShell,1
FSysAgent,1
bedisplayed.writing,1
LocationStop,1
CmdletsCmdlet,1
statementinlinescript,1
operatorslogical,1
psscriptfileinfoimport,1
useof,1
parameter.Cmdlets,1
keyword.c,1
5.2.2,1
5.2.4,1
5.2.5,1
5.2.7,1
connection.this,1
changes.xmlfor,1
usera,1
callssystem.management.automation.cmdlet.shouldcontinue,1
transactions.you,1
nullfunction,1
Registry'user,1
commands.get,1
andwait,1
availableunder,1
listview.for,1
fixtag,1
extrasecurity.beginning,1
user4,1
disable.start,1
element.None.None.ElementDescriptionViewSelectedBy,1
#VBThe,1
datevaluefromremainingargument,1
ProcIdClean,1
property.last,1
WshShell,1
Errorcmdlet,1
count.the,1
environments.powershell,1
categoriesfunction,1
specificlanguage,1
openedbaardhermansen1diecknet1dipstar1ehmiiz11g2,1
2628,1
existingobjects.define,1
script.powershellwrite,1
typicallyc,1
Preserving,1
beendeprecated.last,1
debuggingfor,1
get.write,1
minuspowershelldescription,1
objectsthrough,1
net.updates,1
remotingｐconceptrunning,1
#Be,1
crucial,1
Manifest.The,1
generator,1
typescriptblock,1
IntegratedConsole,1
CmdletVerb,1
versionsseparate,1
underthe,1
keyword.A,1
handlingsession,1
28bit,1
performseveral,1
ImageAs,1
keypscmdlet.parametersetname,1
webthreatdefsvcrequiredservice,1
System.Management.Automation.Runspaces.RunspacePool,1
recommended,1
ise.area,1
unbound,1
later.has,1
499.12,1
length.some,1
#After,1
callsSystem.Management.Automation.Cmdlet.WriteError,1
NGen,1
alsoknown,1
about_intrinsic_members,1
PowerShellWSMan,1
Enumerator,1
FunctionalityProvider,1
PcaCertificate,1
thenif,1
alsoprovider,1
<bool>,1
typepreserve,1
elif,1
quietget,1
object.propertyinstance,1
drivenameinstance,1
blocks.we,1
isassign,1
manifestFrom,1
tableElementDescriptionExpand,1
cmdletfrom,1
psdebugcontext,1
variablesan,1
smbiosbiosversion,1
window.second,1
FAQｃHOW,1
msavoid,1
exports.a,1
functionalitywindow,1
control.entryselectedby,1
platyps.microsoft.powershell.platyps,1
directlydepend,1
anyvariable,1
undone.remove,1
freely,1
getmatchingprocessesbyname,1
thatenum,1
commandast.tostring,1
berecognize,1
sensitive.when,1
fmu,1
localize.HelpMessageResourceId,1
technicaldetail,1
modelget,1
scenario.if,1
appearin,1
gpupdate,1
servera.now,1
cmdlets.PowerShellIf,1
certificates.powershell,1
ALCs.Custom,1
completionus,1
byteuint32,1
needa,1
protocol.powershelloutputthe,1
aselectionsetname,1
2025confirmcontinue,1
sen...select,1
NoteCore,1
System.Management.Automation.ErrorRecord.ErrorDetailsSystem.Management.Automation.ErrorRecord.InvocationInfoSystem.Management.Automation.ErrorRecord.TargetObjectSystem.Management.Automation.ErrorRecordSystem.Management.Automation.ErrorCategorySystem.Management.Automation.ErrorCategoryinfoSystem.Management.Automation.Cmdlet.WriteErrorOther,1
https://aka.ms/powershell-release?tag=stable,1
columnsget,1
AWindows,1
strings.PowerShellOr,1
OverviewThe,1
moreadvanced,1
location.scopes,1
CurrentUserStoreNames,1
Implemented,1
NotReal,1
outputError,1
view.defaultsettings,1
view.xmlthe,1
SDKPowerShell,1
drivesGet,1
parameters.incrementaldata,1
machinetranslation.translation,1
featureexplore,1
operatorbinary,1
distributionsUpdated,1
thesystem.management.automation.language,1
20192029,1
PSVersionMajor,1
netthat,1
StepOver,1
variable.ps,1
defaultout,1
hashtables.powershell,1
importModule,1
thePattern,1
MetadataError,1
PlatyPSUpdate,1
modulelist,1
invokeyour,1
adfinegrainedpasswordpolicysubject,1
alsoname,1
10character,1
section.in,1
certification,1
TabLast,1
revoke.allow,1
operatorspost,1
this.getmatchingprocessesbyid,1
2025referencesmaking,1
issuetemplate,1
system.management.automation.credential,1
name.output,1
beta4improve,1
hostws,1
disposal,1
file.rightindent,1
psshowcomputername,1
psrepositoryinstall,1
it'spreferable,1
serversecurity,1
enabled.when,1
expressionsﾉexpand,1
wasleft,1
ftp,1
CommonResolve,1
readingPortable,1
vcenter01.contoso.local,1
TypesSpecifies,1
tokensresulting,1
thesystem.management.automation.provider.providercapabilities,1
badbehavior,1
os_log,1
scope.C,1
null.membertype,1
Sqlcmd.The,1
providersbut,1
Propertyparameter,1
whenChang,1
Con...ConvertTo,1
powershell4.0oct,1
2026engine,1
mrpsversion.ps1now,1
fix.if,1
locked,1
PSSessions.When,1
bycertificate,1
savesthem,1
MatchUnpublish,1
402.91,1
Software_DeleteMeDeleting,1
serverbset,1
AC06,1
elementsdescribe,1
inPowerShell,1
PSSessionConfigurationWSMan,1
overloadsof,1
israised.this,1
orscript.parametersetname,1
runtime.how,1
Scriptscope,1
arediscoverable,1
2025feature,1
wasrecommend,1
recommended5,1
tablesql,1
localgroupmemberget,1
scope.c,1
</dynamicparameter>,1
youchoose,1
PowerShellBootstrapping,1
powershell.6.2,1
myfile,1
PSModulePath.The,1
variablesTo,1
Records.When,1
beinvoke,1
followingerror,1
driverepresents.c,1
instead.several,1
systemmodification,1
alcmoduleinitializer.cs,1
LastBadPa,1
FalseMaximumHistoryCount,1
but113,1
scenariodifferently,1
assembliesreal,1
LinuxAlpineCentOSDebianFedoraRaspberry,1
modelfor,1
youdevelop,1
runspacesa,1
blindness,1
NETNate,1
myhost.ui.write,1
PowerShellHistorically,1
contentpowershell,1
ChildDiscount,1
powershell.you,1
informationinvoke,1
themto,1
itpersistent.a,1
commandrestart,1
operatorprevent,1
suggestions.the,1
us.filing,1
createthe,1
system.management.automation.host.pshostuserinterface.readline,1
stats100,1
ISEUse,1
aclos,1
arrays.powershellyou,1
iss.Commands.Add,1
recommended.powershell,1
7winget,1
<domain>,1
issent,1
clipboard.CopyCopies,1
variable.it,1
above.The,1
ShortcutsSyntax,1
page.deploying,1
137.67,1
PropertiesGitHub,1
pwsh.exesupport,1
keysprovide,1
remove.append,1
user.what,1
thelifetime,1
call.microsoft.powershell.commands.getprocesscommand,1
multiplexer,1
isreferr,1
ContainerId,1
ServiceRemove,1
capturing,1
system.io.fileinfo.the,1
ListTimeCreated,1
onceand,1
dc01test,1
parameterwith,1
standard.targeting,1
tableformat,1
VolumeName,1
thecreation,1
parameterlist,1
scope.note,1
acceptedthe,1
collection.powershell,1
document.we,1
characterssystemc,1
headingsurround,1
usernamethe,1
Declaration.System.Management.Automation.ValidateSetAttributeValidateSet,1
samplehost,1
moreinformation.prior,1
23348,1
Sincethe,1
gal,1
passthrusaving,1
therereally,1
TerminologyMust,1
anyroadblock,1
orinclude,1
performcomplex,1
documentationpublish,1
ThreadJobmodule,1
stack.the,1
thepipeline.For,1
ofwindows.powershell,1
35328,1
itempropertyrename,1
Sockets,1
doublesmallest,1
takeprecedence,1
itemselectioncondition,1
code.attribute,1
adesign,1
sources.protected,1
ConfirmationWhen,1
fordiagnostic,1
integer.powershell,1
dependencyDirPath,1
TypesIn,1
ClipboardSet,1
purposessuch,1
action.about_commonparameterssystem,1
nds.GetMemberCommandStart,1
this.onenter,1
@valuesthis,1
thepsobject,1
supportsshouldprocessautomatically,1
deleted.errorleveldata,1
doesn'thide,1
LastBadPasswordAttemptDistinguishedName,1
don'tneed,1
andenable,1
providerThis,1
brief.powershellthe,1
listimport,1
getprocessesbyinput,1
gdr,1
endpoint.By,1
coveredthose,1
myjeaendpoint'get,1
ApplicationCreating,1
smalltest1,1
gei,1
smalltest3,1
gem,1
ascript.introducing,1
neededto,1
CimSessionfirst,1
grid.datasource,1
scripthelp,1
seeattribute,1
error.powershellpagedmemorysize64,1
ifend,1
Thismethod,1
getprocesssample06.dll,1
ElementscrThe,1
variable.an,1
ReturnsAnythingBooleanIsTrue,1
higher.powershellnow,1
boxadd,1
severaloption,1
shellpreserve,1
aliasescustomize,1
book.last,1
ymanually,1
hindrance,1
ShouldProcessand,1
runspacenamespace,1
thegrammar,1
system.guid.format.ps1xmlget,1
services.txtstop,1
itemnew,1
eventexpose,1
needed.There,1
xml.an,1
section.we,1
Ventura,1
somecase,1
aProvider,1
available.powershell,1
issystem.array,1
pluginset,1
variablesAn,1
cmdletsquality,1
rhelsource,1
havethi,1
variants.system.management.automation.cmdlet.invoke,1
ListOutputWriting,1
arerepeat,1
thatextra,1
westart,1
2025host,1
Server2025This,1
used.syntax,1
github.com/powershell/powershell/releases/download/v7.6.2/powershell-7.6.2-linux-arm32.tar.gzhttps://github.com/powershell/powershell/releases/download/v7.6.2/powershell-7.6.2-linux-arm64.tar.gzpowershell,1
one.common,1
read.OutputTo,1
rollup.group,1
thesystem.management.automation.provider.ipropertycmdletprovider.setproperty,1
later.this,1
PowerShellinstance,1
refargument.if,1
asynchronous,1
results.when,1
runspaceto,1
lines.all,1
direction.powershelloutputfifteen,1
factory,1
CmdletSystem.Management.Automation.Cmdlet.ShouldProcessLast,1
25056628７,1
MESSAGEShouldProcessReason,1
aboutwhat,1
machinefunction,1
Unset,1
possibleus,1
allocate.blockcountdata,1
feedback.for,1
currentuserallhost,1
theproject,1
ControlItemSelectionCondition,1
runspaceus,1
date.dayofweek,1
GetMethod,1
ModulesIn,1
System.IO.DirectoryInfo.For,1
PSModulePath.Use,1
GenericTypeName,1
dscdebugpsdesiredstateconfiguration,1
global.jsonbuilding,1
displayed.alignment,1
differentencoding,1
subtly,1
mod.cmdlets,1
condition.itemselectioncondition,1
locationcopy,1
thessh,1
NamePurposeSpecifies,1
verboseverbose,1
mustcreate,1
GalleryPSScheduledJobWindows,1
alsodefining,1
extensions.configuration,1
subtraction12,1
displayavailable,1
variablesautomatic,1
tmp/powershell.tar,1
maximumthis,1
pathtoformattingfile７,1
modeLockdown,1
it.configuration,1
<repeat>,1
real_parbold,1
shebang,1
namesand,1
PausePowerShell,1
value.SupportedUICultures,1
provides.this,1
method.psscriptmethod.typenameofvalue,1
onlywhen,1
noenumerate.powershell,1
anode,1
input.powershelloutputget,1
ipropertycmdletprovider,1
#Accessing,1
driverootinstance,1
11RestrictedWindows,1
Shoul,1
TpScrex,1
IDynamicParameters,1
system.endpoints,1
#id,1
blockwarning,1
includesall,1
callout,1
newmodule,1
gro...import,1
asynchronouslyus,1
it.the,1
angletanhstatic,1
#in,1
setcontain,1
list.powershellnotice,1
GuidelinesSupport,1
selector.these,1
gpc,1
messages.the,1
useraccount,1
cimclasswindows,1
orsystem.management.automation.cmdlet.writeerror,1
ishard,1
servicing.security,1
CommonWrite,1
fieldsvalidate,1
interfaces.here,1
userbefore,1
isgreater,1
addingitem,1
tableElementDescriptionSelectionSetName,1
processthat,1
4416.046875,1
table2026,1
snaprefresh,1
system.management.automation.cmdletinfo.this,1
isspecified.c,1
help.Updatable,1
functioningproperly,1
standardized,1
protectedobject.principaldata,1
locationpush,1
here.images,1
key.getvaluenames,1
beinginvoked.regexdata,1
document.if,1
ACL$,1
exampleof,1
beforecontinuing,1
mod.psd1,1
LCID,1
functionoptionsinstanceproperty,1
UnsecureWatch,1
aview.customentries,1
renderingmarkdown,1
inotin,1
System.Management.Automation.FilterInfo,1
statement.examples,1
elementcreat,1
gso,1
onlyResolve,1
errorviewvariable,1
unit.script,1
required.xmladding,1
packagemake,1
APIscommon,1
thatneed,1
stats99,1
Member.PowerShellTo,1
technologiesand,1
form.if,1
AppProvisionedPackage,1
MichaelSorens.When,1
childpath,1
credentialparameter,1
informationto,1
examples3,1
101Deep,1
10false15,1
stats81,1
million,1
issuesby,1
trueswitch,1
gui,1
alphawsmanstackversion,1
exampleto,1
7ﾉExpand,1
-6980-3916-0512-6608-8243-13there,1
non-powershell,1
stats69,1
allowlist,1
stats71,1
csvconvertto,1
JEAsession.PowerShellTo,1
privilege.runasvirtualaccount,1
editthe,1
specified.parameterfunctionalityswitchparametertemplocationdata,1
ofstop,1
#ps,1
iphlpsvc,1
configuresassembly,1
stats57,1
messageindicate,1
parametersremove,1
tab.You,1
stats65,1
stats66,1
stats60,1
stats61,1
stopproccommandwriting,1
theleft.firstlineindent,1
andint,1
anAccessDBPsDriveInfo,1
maintainability,1
informationon,1
@hashfunction,1
ac03,1
overview.use,1
ac02,1
iexploreusing,1
ac05,1
system.alerts,1
thisall,1
ac04,1
stats45,1
ac01,1
stats48,1
Hodge,1
stats55,1
variable.powershelleach,1
property.powershellﾉexpand,1
element.indicates,1
providerwrit,1
processthis,1
HKEY_LOCAL_MACHINESQLSERVER,1
stats37,1
stats41,1
stats42,1
reconcile,1
control.defining,1
stats43,1
command.like,1
MarkdownﾉExpand,1
textcontent,1
</packagereference>,1
stats27,1
previewafter,1
stats23,1
stats25,1
statementlike,1
stats26,1
stats30,1
ISEexecuted,1
element.none.elementdescriptioncontrol,1
optionalparameter.syntaxfurthermore,1
followingtopic,1
unvetted,1
versions.i,1
string.activity,1
softwarewe,1
stats16,1
stats19,1
thattry,1
andadjust,1
openedalanflorance1gilbertbw1ianwalkeruk1jeremytbradshaw1matt9ucci1rob,1
LifecycleRestore,1
limits.discarding,1
<Value>,1
2024after,1
RemotingSee,1
#vb,1
dscconfigurationtest,1
affects.typically,1
preinstalledwindow,1
version.If,1
ways.powershell,1
Eachcolumn,1
packagecurrent,1
version.It,1
12.54e,1
model15,1
https://www.ecma-international.org/publications-and-standards/standards/ecma-334/,1
ShutdownShutting,1
21.77,1
itdirectly.PowerShell,1
21.75,1
runtime.however,1
bytheir,1
editor.renderwhitespace,1
file.includedata,1
anote,1
don'talways,1
ComputerInfoWindows,1
willensure,1
Squarzon,1
keyboard.here,1
studio.getting,1
charactersyntax,1
cmdletexecution,1
asshort,1
expressionget,1
ForwardChar,1
modulesｑvideomicrosoft,1
writingan,1
constructor.powershellan,1
PrimaryOwnerName,1
openedtsanzo,1
document.To,1
preface,1
existingPowerShell,1
theseclass,1
predominantly,1
boolRequests,1
28.9,1
accounting,1
equivalentfunctionality,1
LiteralsSyntaxSyntaxliteral,1
number.powershellthe,1
mechanism.Standard,1
andadherence,1
onran７,1
21.20,1
softwareor,1
toact,1
scriptfileNearest,1
withwhich,1
module.There,1
wary,1
weight,1
stepstep,1
contentabout_psitemconfiguring,1
CustomEntryCustomEntry,1
powershellabout,1
82.15,1
element.xml７,1
string.powershellwith,1
useexpression,1
list.mypath,1
for?lab,1
syntaxthrowfunction,1
three.outputdisplayname,1
impossible,1
trueYou,1
set...sort,1
sourcedynamic,1
credential.powershell,1
applicationa,1
set.selectionsetname,1
isSystem.Management.Automation.RuntimeException.If,1
sample.PowerShellPS,1
forViewGroupBy,1
foryou,1
RemoveItemprotected,1
gpc.addcommand,1
results.powershellpowershell,1
location.powershellgetting,1
completed.this,1
andinstruction,1
buildsof,1
gtis,1
<data name="service">,1
commands.powershelloutputonce,1
beginners.for,1
ProcessLast,1
anyversion,1
pipeline.assignment,1
myscript.ps1see,1
messageswhen,1
again.the,1
HomedirRequired,1
KindTypePurposeDriveInstance,1
particularobject,1
installpowershell,1
definitions.in,1
PowerShellsnap,1
manyoption,1
openedgijsreyn1mukundakatta1sufficientdaikon11new,1
LabelsﾉExpand,1
andFunctionsToExport,1
requiredwithin,1
started.last,1
FormatDataGet,1
avoidset,1
itwhen,1
keywordof,1
cmdlets.If,1
stringsﾉexpand,1
providercan,1
doublet,1
619.64,1
rebuild.to,1
doublee,1
thescript.a,1
cmdlets.In,1
modifications.powershelloutputcmdlet,1
passthruparameter,1
updatesproduct,1
25042952freevirtualmemory,1
threadjob.fix,1
psdesiredstateconfiguration,1
objectrepresents.defaultparametersetinstanceproperty,1
array.here,1
metadatawithout,1
chariscontrolstatic,1
chat,1
orﾉexpand,1
writingis,1
readingsecurity,1
article.create,1
issuesus,1
scriptanalyzerthe,1
list.powershellstoring,1
torelease,1
removed.function,1
GetContentReaderGetContentReaderDynamicParametersThe,1
issuesdoctordn,1
used.include,1
data255255255255nested,1
form.To,1
forresolve,1
outputrendering,1
followingcommands.powershellto,1
JSONPowerShell,1
directory.powershell,1
field.powershellgroup,1
45.66,1
softwareset,1
asystem.management.automation.psmoduleinfo,1
details.examples,1
Module.Consider,1
scenario2.log14path,1
credentials.powershellfunction,1
matchingcompletion,1
SupportsWildcards,1
strangecharacter,1
namecan,1
33.77,1
standardlast,1
anysession,1
2888,1
files.without,1
name5.1notenew,1
hku,1
-7.4.16-osx-x64,1
powershell.integratedconsole.focusconsoleonexecute,1
rootdse,1
noaccess,1
PaneAn,1
runspace3,1
methodaccepts.the,1
actionnest,1
PSReadLineTab,1
bartext,1
ListParameterName,1
system.argumentexception,1
TrustedFor,1
resourcesinstall,1
WmiObjectRemove,1
themicrosoft.powershell.commands.removepsdrivecommand,1
string.some,1
PowerShelldata,1
properties.if,1
testbinarymodulecmdlet1command,1
way.powershellcustom,1
editorsvcsthe,1
rangen.next,1
OUTLOOKMemoryMB,1
character.tolowerstatic,1
line.limit,1
generictype,1
destination.for,1
compatibility08,1
parameterbinder,1
hosts.xUnit,1
6.229-mar-201904-sep-2020.net,1
malicioususer,1
Practices,1
thatprocess,1
breakpoint.the,1
wouldhave,1
attribute.c,1
filenameextension,1
CimMethodWindows,1
AuthenticodeSignatureSet,1
plugina,1
visibility.variables,1
abad,1
192.168.1.29７,1
knownvalue,1
ProcessingCode,1
thecommandlineast,1
ordifferent,1
operatorslike,1
controlsapply,1
examplesmarkdownthe,1
mymodule.csproj.mymodule,1
PSEventReceived,1
button.after,1
inpowershellmost,1
Records.Windows,1
CiPolicies,1
blockpowershellthe,1
GetterCodeReference,1
pssessionconfigurationget,1
CodespacesArticle,1
NewtonSoft,1
sessionparams,1
non-issue,1
versionselector,1
containnothing.count0ps,1
abcd,1
thetry,1
linksJust,1
andassembly.load,1
stop.launch,1
markdowninto,1
interfacerunning,1
go.microsoft.com/fwlink/?linkid=210614.[y,1
currentCan,1
confirm.powershelloutputfunction,1
theview.types,1
deploymentpipeline.automate,1
19people,1
totalcost,1
33013484name,1
thatstatement,1
default.When,1
Procedure,1
powershell5.1aug,1
ISEenvironment,1
MethodsSee,1
paragraph.in,1
TestUserThe,1
body.powershellthe,1
subsystem.the,1
</scriptproperty>,1
CmdletﾉExpand,1
item.predefined,1
token.key,1
Singleline.A,1
FileSystemName,1
decimalminvaluestatic,1
#internal,1
engineerror,1
yesSubsystem,1
orget,1
9gett,1
cmdlet.invoking,1
PSForEach,1
confirmps,1
123-23-3456,1
syntax.parenthesized,1
PowerShell.Any,1
credentialget,1
useNTLM,1
trueto,1
septemberreformatt,1
SectionActivity,1
attribute.C,1
Console.ReadKey,1
locationwhen,1
Unix.Support,1
daywednesdaythe,1
computerwindows,1
forenumerableexpansionoptional,1
becomplete,1
samplePowerShellOutputThis,1
abit,1
thisform,1
address.jobdata,1
pathinfoobjects.this,1
explicitconversion,1
thesystem.management.automation.provider.itemcmdletprovider.setitem,1
endstatement,1
GetParentPathprotected,1
formicrosoft,1
onMicrosoft,1
ofbuiltin,1
ad05,1
21000,1
CorrelationHint,1
ad02,1
ad01,1
ad04,1
ad03,1
registryvalue,1
sameway.powershellthere,1
history.predictive,1
filescommonfilesdir,1
notewildcards,1
others.there,1
ins.version,1
credinvoke,1
CategoryThe,1
thegroup,1
commands.By,1
files.powershellcommands,1
DisplayNameName,1
Framework.area,1
third.psobject.copy,1
as`shown,1
helpThe,1
ie７,1
system.serviceprocess.servicecontrollernow,1
7.4get,1
bidirectional,1
existingview,1
toofew,1
210.6,1
ongeneral,1
serviceabout_remoteget,1
Verbcmdlet,1
yourcommand,1
Rules.When,1
helpfileabout_foreach,1
parameter.nullbooleanresults,1
fundamentalsWays,1
setsoverride,1
thethe,1
andpreference,1
cmdletswithout,1
wazqagadeamaagackaiaakaaoacgagaaoaiaagacaaiab7acaacgakaaoaiaakacaaiaagacaaiaagacaaiabxahiaaqb0agualqbp,1
ErrorIdentifier,1
german.host03,1
locationdescribe,1
KeysEnter,1
forexplicitly,1
ConfigurationWhen,1
DimOff,1
4/19/2023,1
onint64,1
file.docrelated,1
master,1
platyps.things,1
doprocesslogic.exampleusing,1
getservicecommand,1
precededby,1
assembly.beyond,1
123outputif,1
yourexception,1
credget,1
CTRL+SHIFT+LS,1
articlesMajor,1
specified.powershell,1
boxesarticle,1
CustomMethod,1
valuesfor,1
ComputerNameHow,1
RemoveItemRemoveItemDynamicParametersThis,1
fromcreat,1
hide.now,1
system.management.automation.psreference.type,1
aninsufficientmemoryexception,1
ValueFromRemainingArgumentsin,1
exactlymatch,1
condition.when,1
PSWhere,1
minimumsupport,1
powershelllock,1
2026support,1
software_deletemeremove,1
i`n,1
parameter.powershellshutdown.exe,1
messages.powershellthe,1
infoadditional,1
System.Management.Automationassembly,1
itemcppcopy,1
Theft.For,1
theboolean,1
anywindow,1
siteadded,1
PathInvoke,1
scripts.ActionKeyboard,1
bestto,1
thetab,1
experience.To,1
accessmethods.Standard,1
cmdlets.to,1
codePowerShell,1
ThreeYou,1
thesystem.management.automation.provider.ipropertycmdletprovider.clearproperty,1
2remove,1
cmdlet.PowerShellOutputAlthough,1
memberget,1
important?highly,1
arolecapability,1
transactions.When,1
members.The,1
pipelinearticle,1
directory.encryptedenumerationconstantthe,1
GroupByEnumerateCollection,1
thesystem.management.automation.providerintrinsics,1
cmdlet.static,1
coordination,1
colorsyou,1
link.use,1
keyor,1
Microsoft.PowerShell.Commands,1
icm,1
2026installing,1
icu,1
system.management.automation.filterinfo,1
log_level,1
TheScriptProperty,1
ide,1
referencecontent,1
appendpath,1
provider.When,1
updatesdsc,1
somereference,1
Func,1
thesystem.management.automation.cmdlet.writeprogress,1
iec,1
atimestamp,1
it'scall,1
ToHashtable,1
prefer.powershelli,1
shouldprefer,1
commandPowerShellTo,1
staging,1
IntelliSenseInstall,1
PSModuledotnet,1
specifies.an,1
asworkflowthis,1
orworkstationdefaultlocal,1
activetab,1
stepssee,1
thecorrect,1
processpowershell.exe,1
a.2.6,1
PowerShelluses,1
a.2.7,1
runa,1
a.2.8,1
a.2.2,1
a.2.3,1
a.2.4,1
cmdlets.if,1
itemfrom,1
resourceuri,1
isoften,1
Methods.When,1
onlyrestore,1
preparation,1
PowerShellEditorServices,1
headers.None.None.SchemaSyntax,1
toc.download,1
cmdlet.Get,1
a.2.9,1
block.issettable,1
locationregister,1
2025selectionsetname,1
scheduledjobset,1
theparallel,1
cmdlets.in,1
spectrum,1
secondssleep,1
arguments.an,1
aboutsession,1
cmdletstransaction,1
.8.5.3,1
branches.bulk,1
matchingcatch,1
librariesmanaged.dll,1
youemphasize,1
manifest.new,1
constructingpath,1
latersection,1
toisolate,1
parameterreceive,1
onthis,1
mysterious,1
runspacefor,1
TableControlPropertyName,1
ErrorReporting,1
filtering.you,1
System.Char.There,1
literally.when,1
127.39,1
coverssecurity,1
27th,1
DeclarationCmdlet,1
events016,1
events012,1
object.you,1
Microsoft.PowerShell.Security.dllassembly,1
in@argsget-power2,1
VERSION,1
set.consider,1
runs,1
asynchronouslyrun,1
script.this,1
Outlook,1
thesystem.management.automation.pscmdlet.sessionstate,1
serverwithout,1
it.url,1
bullet.for,1
unwrapped.powershellthis,1
whenfilter,1
measured.suminstance,1
returnedobject,1
loadfrom,1
morerobust,1
Spanish,1
tocontain,1
about_data_filescontent,1
version.we,1
in1,1
view.XMLA,1
<path to file>,1
three'error,1
openedchangeworld3sethvs2yashanshh2gijsreyn1tngbbk2no,1
TimeUse,1
inA,1
defaultprinter,1
TimeZoneThe,1
wcag,1
GetArrayRank,1
documentedquality,1
inputtype,1
feature.dsc,1
orsnap,1
withdismount.connectout,1
gatekeeper,1
expressionsarticle,1
specified.Here,1
commandasynchronously,1
AeLookupSvcDisplayName,1
inf,1
methodsmost,1
ini,1
isoptional.Error,1
RecommendationsWhere,1
hashtable.when,1
section.The,1
low.the,1
ActionPS,1
administrativesetting,1
PSConstrainedAuditLoggingPSCustomTableHeaderLabelDecorationPSNativeCommandErrorActionPreferencePSNativeCommandPreserveBytePipePSWindowsNativeCommandArgPassingPowerShell,1
scriptfileinfouninstall,1
h4avoid,1
letpowershell,1
restrictedcharacter,1
powershellwork,1
rulefor,1
ion,1
TargetName,1
causeissue,1
andletter,1
convertthe,1
Helptogether,1
theprovider.container,1
ValidateNotNullOrWhiteSpace,1
matches.last,1
PROFILE.AllUsersCurrentHostCurrent,1
excellent,1
debugging.workspace,1
ips,1
ConfirmationSummarize,1
Codeor,1
PSSessionConfigurationWhat,1
parameter.expandstring,1
commandsconcurrently.host01,1
Bind,1
EventLogEntry,1
is0,1
displaycalendar,1
arguments.if,1
attacks.class,1
helpmessagetext.mandatory,1
System.Threading.Thread.Sleep,1
false.valuefrompipelinebypropertyname,1
startdesign,1
code.configure,1
Doub,1
InputThis,1
tablecontent,1
legibility,1
other.we,1
6.1sort,1
detectencodingfrombyteordermark,1
concurrency,1
ofserverb,1
parametersimprove,1
vmicheartbeatServicesDependedOn,1
state.resize,1
WideGet,1
alphabeticletterispunctuationstatic,1
PowerShell02,1
PowerShellcalls,1
PowerShell01,1
adaptersPowerShellYou,1
cmdletsuser,1
nine,1
valuesoutput,1
iso,1
rc3other,1
ctrl+shift+og,1
alcmoduleassemblyloadcontext.cs,1
commonmistake,1
folder.measure,1
inputobject.keys,1
ctrl+shift+pf,1
thatattribute,1
PowerShell.C,1
RemotingWS,1
clixmlimport,1
appears.writeprogress,1
example.C,1
falsepowershellin,1
NewDriveDynamicParameters,1
Examplenamespace,1
LibrariesWhat,1
requirements.powershell,1
pose,1
threadstart,1
sampleImport,1
PowerShell.A,1
pstest_temperature,1
adjustment,1
predictionsourceby,1
InitialSessionStatewith,1
example.i,1
onlyadd,1
ius,1
data.formatting,1
updatesthrough,1
modulesinstall,1
andFormat,1
command.a,1
28gave,1
noteoutputto,1
commandssynchronously.this,1
site.links,1
Markdown.Open,1
eliminate.use,1
exceptions.powershellcatch,1
installsthe,1
toprompt,1
acim,1
itwere,1
command.powershellnotice,1
blocklabele,1
Microsoft.PowerShellUninstall,1
network.Windows,1
anunconstrained,1
additionalmodule,1
systemdriver,1
presumethe,1
thesystem.management.automation.errordetails.message,1
System.Management.Automation.Cmdlet.ShouldProcess.The,1
configurationinformationThe,1
21143,1
jobs.get,1
powershelloutputstring,1
debug.start,1
EmailAddres,1
output_format,1
ReturnResult,1
yoursnap,1
kudospraise,1
recordsby,1
pscredential,1
msixbundleinstall,1
arrays７,1
TestHelloWorld,1
passing.psexec,1
13.2.1,1
Misc,1
exceptionscatch,1
cross-process,1
forcustomize,1
suspended.This,1
HelpMessagetext,1
list.one,1
normalview,1
asynchronously.c,1
defined.examples,1
SyntaxThere,1
21126,1
node.nodedescription,1
13what,1
GroupByDefining,1
-2-3-4ps,1
pathelsepowershellin,1
UseTransaction,1
literaloutputconsider,1
scriptfile.At,1
SyntaxThese,1
21137,1
cache.after,1
21134,1
21131,1
null.count0off,1
want.rather,1
package.powershell,1
referredto,1
andarrayexpressionfix,1
1852416,1
arrayis,1
modulesallow,1
Enumerations,1
practicespr,1
sessionfor,1
'bing.com,1
012.3.3,1
statementafter,1
invokesthat,1
tab.On,1
specified.waittimedata,1
Analias,1
twoway,1
pshomeremove,1
environmentfor,1
variablepowershellwe,1
htname,1
commanddata,1
notepad７,1
21115,1
youwish,1
21113,1
replaced.for,1
abetter,1
21117,1
ss.fff,1
multiplethread,1
default.use,1
syntax.powershelloutputif,1
PromptRun,1
expressioninvoke,1
pageFooterEntry,1
itempropertyset,1
sameversion,1
function.powershell,1
contentTop,1
Sorted.txt,1
scenariosthat,1
produces.powershellget,1
resource.certifybuild,1
scenarios.download,1
SourceName,1
qualife,1
28.10.4,1
alltype,1
fromsystem.management.automation.psargumentnullexception.correct,1
intuitive,1
afteruse,1
namepurposesupportsshouldprocess,1
me.shouldexit,1
restrictedremoteserver,1
comprehend,1
jsonthese,1
PSSessionNew,1
line.however,1
guidelines.define,1
tphklo,1
tofunction,1
code.PSFeedbackProvider７,1
Cut.Press,1
machinelearning,1
Soule1316SpoonskJoseph,1
Repair,1
avoiduse,1
groups.each,1
loopsPowerShellThis,1
file.newline,1
changes.propertyname,1
called.last,1
resourcesVS,1
productsvisual,1
changesrenaming,1
policywindow,1
notallow,1
11computer,1
Unmark,1
savedin,1
Microsoft.PowerShell.Sdk,1
PowerShellprocesses,1
time.look,1
21085,1
xﾉExpand,1
AlsoSystem.Management.Automation.Host.PSHostUserInterfaceSystem.Management.Automation.Host.PSHostRawUserInterfaceLast,1
Aliascmdlets.OutputTypeInstanceproperty,1
FaxStatus,1
33060,1
stringmeasure,1
ValueFromPipelineByName,1
0x10,1
raised.syntax,1
acve,1
cmdletsusing,1
effort.labelimprovementquality,1
data.system.management.automation.pscmdlet.sessionstatesystem.management.automation.sessionstatewindows,1
21067,1
system.management.automation.errorrecord.errordetailsproperty,1
strings.powershell,1
application.each,1
0x1b,1
withprocess,1
21063,1
hopinvoke,1
oftablecolumnheader,1
oftrust,1
2:24,1
0x22,1
nowdownloadspublished,1
experiencepowershell,1
drives.role,1
tildeparameter,1
Application.PowerShell,1
command.psreadline,1
difficulty,1
MethodsScript,1
microsoft.powershell.managementfiltering,1
Console.Show,1
theparameter.The,1
repository6,1
changesps,1
merged.review,1
notshow,1
runspaceget,1
beoptional,1
21044,1
ConfigurationProvides,1
2:41,1
mymoduleat,1
LTS?ConfigurationYou,1
Win32ShareProcessfdPHost,1
9.0.16,1
sharedo,1
HostStatus,1
extendedmembers.the,1
nondefault,1
arraywe,1
bugerror,1
HelpFor,1
0x4f,1
work?computer,1
AlsoItemSelectionCondition,1
Displayed,1
sshremote,1
theonline,1
Alert,1
connect.break,1
2008-12-25,1
microprocessor,1
NetBIOSname,1
isalia,1
belowthe,1
results.powershelloutputif,1
Microsoft.PowerShell.Commands.Ge,1
settingsputting,1
pipeline.write,1
this.onleft,1
Thisuniqueness,1
@newitempropertysplatdefaultfolders,1
performanceimplication,1
bemade,1
psstyle.formatting.verbose,1
anotherwriter,1
thefiles.If,1
explicitpath,1
image.deploying,1
ONENOTE,1
seecommunity,1
it.PowerShellNormally,1
6.0.0,1
splattingother,1
staticclass,1
administrators.most,1
configurationcmdlet,1
blockwhile,1
ErrorCategory.OpenError,1
configuration.powershell,1
keydown.valuedata,1
pple,1
powershell_ise,1
GetNumbers,1
adb9,1
informationDo,1
truein,1
processorsscript,1
record.powershell,1
FromRGB,1
cmdlet.powershellremoving,1
AlsoExpand,1
AlsoAttribute,1
pr.2,1
items.powershellforeach,1
psstandardmembersupdate,1
0x93,1
row.ElementDescriptionListItems,1
ClearConsole,1
trueon,1
subsystemassembly,1
specified.right,1
byposition,1
PSNoteProperty,1
polling,1
nothing.When,1
non-typical,1
parameteralso,1
428.94,1
xpout,1
post-decrement-expression,1
Microsoft.PowerShell.Standard.Module.TemplateSuccess,1
ElementsElementDescriptionWideControl,1
system.management.automation.psparser.tokenize,1
PSSessionRegister,1
Channel,1
Log.ConvertFrom,1
default.powershellregex,1
usingformatting,1
PowerShellinstallation,1
matchedthe,1
template.PowerShellThis,1
2026change,1
improvementstheir,1
differentparameter,1
alcengine.use,1
</codemethod>,1
machine.settings,1
downloadable,1
debugcompile,1
system.diagnostics.processsystem.componentmodel.componentsystem.marshalbyrefobjectsystem.objectcalling,1
lastsource,1
AlsoExamples,1
blocksput,1
example.powershellthis,1
isspecified.parameterfunctionalityswitchparameternoclobberdata,1
localinstall,1
powershellcommand.invoke,1
thoseconvention,1
credentialshide,1
strictmode,1
pr.extract,1
2025preventing,1
withall,1
jpg,1
sameshortcut,1
comply,1
isconsider,1
4start,1
Stores,1
quantifier,1
9.10,1
endingin,1
9.11,1
Overflow.@rkeithhill,1
Commandnode,1
noteprofile,1
administrationa,1
Codeand,1
investigation,1
PowerShellSeveral,1
property.outputlast,1
type.each,1
anycode,1
storeavailable,1
ResourceIdentifier,1
ListProcessName,1
areoptional,1
WhatIfPreferenceConfirmImpactfunction,1
psworkflowsessioninvoke,1
AliasesCommon,1
longerexist,1
information.as,1
LogPipelineExecutionDetails,1
profileadd,1
libgcc,1
script.xmlusing,1
articleslocalize,1
i'llrevisit,1
callthis,1
Windowsdesktop,1
windowspowershell,1
methodsets,1
objects.system.management.automation.cmdlet.throwterminatingerror,1
SomethingBad,1
prototyping.chapter,1
Breakpoint.Or,1
role'outputi,1
helpmake,1
location.user,1
devicecopy,1
isterminated.switches,1
CreationTimeLastWriteTime,1
authentication.authentication,1
myobject.psobject.properties.name,1
Shutdownmethod,1
providersget,1
01when,1
environment.powershell,1
substitutionor,1
9.50,1
condition.selectionsetname,1
callsan,1
incompatibility,1
7last,1
connectionsmake,1
contributions.what,1
feedbackmechanism,1
PowerShellOn,1
ISEYou,1
operatorif,1
SQLPS,1
one.that,1
rehydratable,1
9.62,1
instead.in,1
linespowershell,1
sharesome,1
statement.try,1
openedskycommand2martincostello1iron714chrullrich1flintylemming1ehmiiz1vvavrychuk1bb,1
PowerShellcreates,1
types.syntax,1
PowerShellMy,1
Internet.For,1
23817,1
wsmprovhost.exe,1
commands.all,1
default.unicode,1
AuthoringGuidelines,1
convertfrom,1
DistributionCmdlet,1
SSHand,1
amultidimensional,1
differently.the,1
remotingremote,1
callthat,1
asciiget,1
powershellsystem.management.automation.language.codegeneration,1
remoterunspacepool.open,1
www.opengroup.org/onlinepubs/000095399/utilities/xcu_chap02.html#tag_02_13_01the,1
6.2.6,1
ListEntrySelectionSetName,1
code.It,1
gettercode,1
3.59375,1
UsingPrincipalsAllowedToDelegateToAccountYou,1
PSSessionCapabilityDisable,1
LapsPolicyProcessing,1
processmicrosoft.powershell.utility,1
orsystem.management.automation.provider.containercmdletprovider,1
numberedreferencesﾉExpand,1
only.use,1
enabledprovider.the,1
withposition,1
started.New,1
fromthese,1
behavior.powershell,1
column.parent,1
StopProcessingPath,1
timeservice.ps1.get,1
syntax.path,1
array.powershelloutputthere,1
apis.cmdlets,1
https://learn.microsoft.com/dotnet/api/system.management.automation.pscredenhyper-v,1
constantSpecifies,1
parameter.you,1
truncation.depending,1
expectationsto,1
ConfigurationManager,1
profileall,1
PowerShellIs,1
resources.validating,1
hacktoberfestpr,1
admx,1
it.PowerShellCollectionSize,1
helpsthe,1
instancesthe,1
Adapters,1
WindowsManagement,1
filesafter,1
server01remote,1
substr,1
sdk.a,1
adml,1
Module.If,1
FreeSpaceName,1
fromexecute,1
namedus,1
displayed.ElementDescriptionWideEntries,1
inorder,1
typesevent,1
PowerShellOutputJust,1
weuse,1
FutureWork,1
processorsSupported,1
itbetween,1
ValueRemarksExampleListItem,1
exception.powershelloutputwhen,1
Linuxzsh,1
tab.if,1
spacesto,1
corrected.a,1
VIServer,1
versions.use,1
throughpowershell,1
data.defining,1
WorksGet,1
win32_desktop,1
specified.powershelloutputthe,1
ModuleImport,1
toinvest,1
cmdletmake,1
line.we,1
21223,1
injectionrisk.invokeexpression,1
AzContext,1
psprovidername,1
CmdletsRemove,1
outputsdouble,1
settings２,1
command.commands,1
System.Diagnostics.EventLogThe,1
hopproblem,1
<device ip address>,1
designedespecially,1
xmldocumentconstructor.arrayarrayattempts,1
23891,1
environmentenv,1
bythese,1
theraw,1
tablemicrosoft.powershell.localaccounts,1
mightrequire,1
a-thonswaiting,1
wrapparameter,1
TeamCity,1
modulesave,1
allowedrelease,1
anunprivilege,1
Syntaxmodule,1
propertiesdisplay,1
EventLogComplete,1
ModuleNAME,1
23871,1
21219,1
connections.chapter,1
code.Output,1
pitfall,1
Close.If,1
strings.the,1
unescaped,1
menucompletefunction,1
policyany,1
policystep,1
RightGet,1
typicaltechnique,1
MoveLeft,1
2024once,1
object.Host,1
thepsdesiredstateconfiguration.invokedscresource,1
improperly,1
openeddoctordns32chadbaldwin1dawedawe1dumpvn1kvprasoon1lbearl1petershen030712020,1
<codereference>,1
code.all,1
questionsissue,1
containobjects.powershellmany,1
thanks@cuiweixie,1
issue.to,1
found.powershell７,1
it.PowerShellThis,1
PowerShellBe,1
itemsfrom,1
characters.when,1
you'reever,1
errors.an,1
declarethe,1
associative.If,1
PowerShellAn,1
bindingsFunctionISE,1
arrayrankinstanceproperty,1
AlsoAccessDBProviderSample03This,1
PSRuntimeException,1
DirectShowHKEY_CURRENT_USER,1
iisconfigure,1
assemblytoresolve.name.equals,1
a-thonthe,1
exceptionwrite,1
de1jborean931brucificus1xplantefeve1mklement04powershell,1
background.you,1
VisualBasic,1
arethe,1
dscchecksumthis,1
createform,1
errorprone,1
spacesFor,1
Level.The,1
PalettePreview,1
andparameter,1
foldersnavigate,1
tightly,1
LocalMachineFor,1
0x80010108,1
iteratively,1
Thisverification,1
name.xmladd,1
21188,1
DSCThe,1
StoreWindows,1
itexist,1
indirectlycall,1
membersextended,1
fails.A,1
theDesktop,1
Foran,1
21184,1
21182,1
unloading,1
DependentServicesStatus,1
whosetwo,1
correctly.powershelloutputthe,1
@mikkas456,1
05.2,1
accordancewith,1
PowerShellDocumentation,1
soap.these,1
hu1julian,1
use.syntax,1
exampleabove,1
bypassprotectionsexample,1
stringsafter,1
21169,1
WmiEventRemove,1
2025base,1
respectively.a,1
web01'foreach,1
inventory,1
thesystem.management.automation.sessionstate,1
onlywith,1
cdxml.area,1
all.i,1
throughour,1
system.management.automation.runtimeexception,1
21162,1
responsesadd,1
parametersand,1
coverage,1
times.the,1
@brendandburns,1
defaultthe,1
DeclarationParameterAttribute,1
intany,1
requiredversion,1
psbase,1
PlatyPSGet,1
6.1get,1
eqis,1
asmicrosoft,1
PSSessionOption,1
variouswrite,1
cmdlet.powershellnotice,1
PowerShellestablishes,1
properties.another,1
parametersadd,1
manifest.powershell,1
shouldcontinuesecondtarget,1
15true,1
Orange,1
starttimeproperty.xmlthe,1
canpauseandcontinue,1
Microsoft.PowerShell.UtilityCommandType,1
Checksum,1
standardcmdlet,1
apppatchmode,1
cmdletGenerate,1
methodsfor,1
alsodisplaying,1
condition.matching,1
way.An,1
emptybit,1
provider.getdatasetfortable,1
definitionsof,1
element.none.elementdescriptionlistentries,1
intlistmethodexception,1
triageThe,1
subexprexpandable,1
CimInstancerestricts,1
lean,1
Microsoft.PowerShell.Commands.FileSystemProviderGetItemDynamicParameters,1
modules.New,1
PowerShellAnytime,1
consolewindow.this,1
CmdletPowerShell,1
commandfind,1
expression.powershellthis,1
resolution.submitting,1
2025prediction,1
HelpGet,1
propname.powershell100,1
acomparison,1
WindowsmacOS,1
17179869184tbterabyte,1
rulesalignassignmentstatementavoidlonglinesuseconsistentparametersetnameuseconsistentparameterskinduseconstrainedlanguagemodeusesinglevaluefrompipelineparametergithub,1
time.powershelli,1
passage,1
validationattribute,1
configurationentryselectedby,1
minoccur,1
psstyle.fileinfo.symboliclink,1
correlationhint2,1
asubfolder,1
convertererror,1
detailsget,1
ElementXMLC,1
Microsoft.PowerShell.Commands.ObjectEventRegistrationBaseclass,1
noun.what,1
directorysince,1
nolabel,1
path.current,1
settings.no,1
cmdletstop,1
torelate,1
file.local,1
article.outputthe,1
hasoccurr,1
cmdlets.each,1
areraise,1
lintingSpellingHacktoberfest,1
211.20,1
change.to,1
eachquery.The,1
system.management.automation.verbsother,1
content.content,1
#Implementing,1
ArgumentPattern,1
name.fullnameinstanceproperty,1
thesystem.diagnostics.process.kill,1
elements.possiblevalues,1
extendedtypesystemexceptionexception,1
results.extending,1
theybelong,1
HashtableGet,1
throwerror.ps1line,1
bepip,1
important.If,1
NotepadvimAny,1
cmdlet.system.management.automation.cmdlet.stopprocessing,1
non-preview,1
CertStoreLocation,1
wedo,1
Toolmaking,1
OtherWait,1
USERPROFILE,1
owncommands.windows,1
section.additionally,1
booleanthere,1
21302,1
LoadFrom,1
AllowTrailingCommas,1
splattingparameter,1
candidatethe,1
CimInstancecmdlet,1
usingstringbuilder,1
this.terminating,1
itemlabele,1
gtgreater,1
realevent,1
contributors.request,1
backticks.For,1
mostrecently,1
SetShareInfo,1
verboseimplicitly,1
ISE.Introducing,1
#replace,1
Viewerdisplays,1
restrictedthe,1
PowerShellAnother,1
view.ElementDescriptionControls,1
splattingBe,1
AcademyResources,1
KindTypePurposeCharactersInstance,1
null.powershellyou,1
expression.powershellit,1
reviewerto,1
contentworking,1
usePowerShell,1
produces.chapter,1
astform,1
ingerman.the,1
0xb2,1
havepositional,1
toplevel,1
andpwsh,1
theItem,1
nm1alexvy861last,1
job.C,1
andlocalizationother,1
updatesMoved,1
date.adddays,1
MethodsThis,1
x500distinguishednamedirectorysecurity,1
+9223372036854775807,1
build.hosting,1
12.3450,1
Module.Regardless,1
23952,1
slowerwhat,1
collectionsiterate,1
LifecycleWatch,1
fifth,1
job.c,1
FaxSTATUS,1
brevity,1
assignedmultiple,1
cmdlets.specifying,1
platformswindowsthe,1
RemovePropertyDynamicParameters,1
aliasesuse,1
Dis...Enter,1
namedmyscript.ps1,1
object.powershellin,1
developerswho,1
infrastructureof,1
operator.powershelloutput'powershell,1
NoteVariables,1
tip.In,1
SecureStringContainers,1
modulecreate,1
occurdure,1
items.labelpurposein,1
JsonConvertTo,1
CustomFormat,1
InitialSessionState.CreateDefault,1
280.96,1
weregenerate,1
justsomethe,1
psversiontableoutputif,1
specified.overwritedata,1
MilestonesLabel,1
containerdocker,1
anyarray,1
restrictedsession,1
NameYou,1
theiexplore,1
level.powershellset,1
cmdletaccess,1
FreeSpaceInPagingFiles,1
catdebugg,1
Kanji,1
bypropertyname.powershell,1
post.You,1
TableControlEntryfor,1
reg_dword,1
commands.a,1
usingwrite,1
2016remote,1
together.to,1
PowerShellPowerShellOutputBeginning,1
packagefind,1
SlackDiscordFor,1
5.enable,1
resources.many,1
Criterion,1
group.in,1
tableparameterfunctionalityinterfacedata,1
isrun,1
qconsole,1
nullout,1
OData,1
NoLanguageMode,1
managedservice,1
commands.C,1
definingset,1
pilot,1
alsosystem.management.automation.provider.itemcmdletprovidersystem.management.automation.provider.containercmdletprovidersystem.management.automation.provider.navigationcmdletproviderdesigning,1
ProcessInfo,1
concentrate,1
howsome,1
NoRestart,1
processessee,1
supported.for,1
Jay'PS,1
code.how,1
vmicheartbeatrequiredservice,1
ViewViewSelectedBy,1
haveus,1
remoting.you,1
whatprotocol,1
ConfigurationsArticle,1
stream2error,1
Declarationand,1
name.ipaddressdata,1
videospowershell,1
binarymoduleI,1
Remoting.Windows,1
CompletionQueryItems,1
categorythe,1
bymany,1
pscmdlet.shouldprocessthe,1
whatthe,1
openedsurfingoldelephant312025,1
pane.this,1
currentday.year,1
DefaultCommandPrefixkey,1
method.powershellmeasure,1
values.examples,1
lg27,1
orcompletely,1
variableforeach,1
ListFor,1
ItemPowerShellIf,1
Service.You,1
content.select,1
deps.contains,1
0listing,1
dnsadministrator,1
guaranteethat,1
precededimmediately,1
version.one,1
needed.powershellthen,1
relaunch,1
ignored.unlike,1
currentday.month,1
everythingyou,1
ue1brianary1lx1matt9ucci1kfasick1mklement010juvtib6bojackem232top,1
1511preinstalled,1
2023this,1
methodoverloaded,1
newitemsplat,1
HelpOnline,1
0xk3,1
specific.when,1
discouraged,1
hydrate,1
DscLocalConfigurationManagerPublish,1
membershipsof,1
paste.press,1
retrievedetail,1
lb.,1
thesystem.management.automation.provider.itemcmdletprovider.clearitemdynamicparameters,1
completioncommand,1
OutputWindows,1
Management.Automation.Cmdlet.BeginProcessingSystem.Management.Automation.Cmdlet.ProcessRecordSystem.Management.Automation.Cmdlet.EndProcessingSelectStr,1
laterin,1
irreversible,1
expressionsprimary,1
verbs.Verb,1
else?feature,1
theperformance,1
Cmdlet.This,1
matchupper,1
21358,1
usualbehavior,1
1.5.4.2.5,1
#MinRange,1
strings.for,1
verbis,1
don'tgive,1
downloadsexpand,1
StartTimeTuesday,1
containsuiculture,1
2025include,1
2025validatepattern,1
case.powershelloutputwe,1
CurrentUserUntrusted,1
Wai...Invoke,1
sections.an,1
1024pspath,1
alc.effectively,1
21320,1
ConceptsThis,1
AddNew,1
GroupByExpressionBinding,1
installed.The,1
netpowershell,1
ChildItemcommand,1
clicktool,1
21326,1
transactionuse,1
ofcontrol.white,1
ModuleMemberForEach,1
listobject,1
alsoread,1
BellStyle,1
system.management.automation.runtimedefinedparameterdictionarysystem.management.automation.idynamicparameters.getdynamicparameters,1
theName,1
systemtypesystemtype,1
testmachine,1
becontain,1
evaluatedfor,1
generalavailability,1
returned.powershelloutputand,1
rulesfor,1
endpoint.Since,1
setupinstalling,1
x.what,1
appdata,1
639.83,1
meetsincludeexcludecriteria,1
@crazyjncsu,1
thevisibleexternalcommand,1
iscollect,1
lei,1
propname100similarly,1
itsordinary,1
missingbecause,1
almostany,1
thisconfiguration,1
processesname,1
property.powershell,1
ApplicationClearing,1
ObjectsDefine,1
follows.powershellfor,1
SetPropertySetPropertyDynamicParametersRetrieves,1
forduplicate,1
16.04.1,1
newgroup.customcontrol,1
scripts.It,1
dropdown,1
aparagraph,1
prose.the,1
scripts.In,1
tosource,1
currentlyactive,1
module.using,1
.8.10.8,1
sessionmenu,1
www.powershellgallery.com/api/v2'?[y,1
GetChildItemsprotected,1
grid.dock,1
arbitrary.the,1
ifPowerShell,1
responsiveness,1
remoting.last,1
LifecycleBackup,1
PowerShellGetPowerShell,1
itempropertycopy,1
straightforward.loop,1
p.c.,1
pipedin,1
pagedmemorysizevm,1
subsequentattempt,1
yessudo,1
u.valuefromremainingarguments,1
takeaway,1
intogroup,1
alerttype,1
empowerother,1
TopProcess,1
processes.in,1
FunctionHelp,1
equivalent.if,1
pipe.invoke,1
theSystem.Management.Automation.PowerShell.AddScript,1
fashion,1
csrss761,1
thereof.syntax,1
session.last,1
WideControlColumnNumber,1
localaccounttokenfilterpolicy,1
1.23450,1
ISEExploring,1
Thisalso,1
PowerShellImproved,1
allowed.powershellcreate,1
_@fabrikam.com,1
grant.remove,1
parameters.parameters,1
implementsthe,1
bypress,1
apply.host,1
machine.additionally,1
Concatenate,1
powershelltabctrl,1
steppedthrough.press,1
methodretrieve,1
Csvcommand,1
<param name="collection">,1
elementrepresent,1
dayfix,1
issueIt,1
want.Examples,1
providerscommand,1
member.In,1
values.be,1
system.management.automation.dll,1
GroupByControls,1
samplesensure,1
together.by,1
andWorkflowInfoCleanedRemove,1
ProviderCapabilities.None,1
itemsOffsetPS,1
doesthat.the,1
longerperform,1
roles.doesn't,1
ortrail,1
file.syntax,1
ordereddictionary,1
startupprofiledata,1
.2.3.5.3,1
isset,1
currentpipeline.commands.addscript,1
syntax.WMI,1
cmdlet.implementingtypeinstanceproperty,1
showcommandhelp,1
AlsoQuantity,1
FuzzyMinimumDistance,1
manner.this,1
output2.txtdir,1
uniquecmdlet,1
processpipeline,1
RunspaceFactory,1
psscriptanalyzerrule,1
Unlikefor,1
objectwith,1
psrolecapabilityfilenew,1
keyword.types,1
topicdisplay,1
acontext,1
0xf0f0x0f0f,1
thescreen,1
directory７,1
#protected,1
system.object.in,1
pipedto,1
communitysurfingoldelephant,1
commandschange,1
descriptionof,1
valuetrueimpact,1
parametersets.xmleach,1
preferenceor,1
property.when,1
NetlogonServicesDependedOn,1
translator,1
length.only,1
youcannot,1
officialdocumentation.the,1
9000,1
b.1.3,1
examples.syntax,1
b.1.2,1
b.1.8,1
sessions?about,1
helpcontent.cabthe,1
suggestion.c,1
common.the,1
suggestion.i,1
HotFixWindows,1
BarToolbarThe,1
JobDeletes,1
it.powershellthis,1
distinguishing,1
Module.Calling,1
cmdletsClear,1
forAscending.To,1
asparameter,1
tableCustomControlName,1
successfulps,1
docsThere,1
drives.declaring,1
languageresource,1
casingOpen,1
channels.powershell,1
multiplication12,1
lsa,1
collection.powershelloutputif,1
setsviewselectedby,1
createsopportunity,1
MarTop,1
object.XMLViewDefinitions,1
FUNCTIONALITY.FORWARDHELPTARGETNAME,1
lst,1
environment.each,1
pipelineinside,1
youcontribute,1
JEAsession.PowerShell,1
schema.xmlthe,1
lti,1
JEAAuditing,1
intheir,1
thesystem.management.automation.powershell.invoke,1
powershell3.0oct,1
system.management.automation.pathinfostack,1
connectionnegotiation,1
article.The,1
mymodule.psm1-help.xml,1
messages.this,1
Second,1
stringtablename,1
arrays.due,1
validation.remove,1
EventLogClassic,1
mightfind,1
issystem.collections.arraylist,1
Propertyalways,1
Contribution,1
expressiondashdash,1
clr3,1
controlthe,1
gettingstart,1
isactually,1
cmdletdo,1
Modulecall,1
avoidsuspend,1
writeStream,1
differentdirectory,1
NounChoosing,1
Anoun,1
you.Trust,1
github.com/powershell/powershell/releases/download/v7.4.16/powershell-7.4.16-linux-arm32.tar.gzhttps://github.com/powershell/powershell/releases/download/v7.4.16/powershell-7.4.16-linux-arm64.tar.gzuse,1
ins.understanding,1
repository.The,1
theWriteDebug,1
AgereModemAudioDisplayName,1
NoneThe,1
currentpipeline.pipelinestateinfo.state,1
<details>,1
6.020-Jan-201813-Feb-2019.NET,1
valuechanges.elementdescriptionview,1
punctuation.don't,1
iteratingthrough,1
psresourceadd,1
owndependency,1
thecontrol.elementdescriptioncontrols,1
Youconfigure,1
multiplematch,1
CodePS,1
pmacos,1
trustedpublisher,1
retrieved.getprocesssample03,1
scenariosmsix,1
colorization,1
possible.The,1
withPowerShell.The,1
cmdletby,1
onlyupdate,1
provider.GetAdapterForTable,1
policyoptions.You,1
seconds.creating,1
server025816,1
5for,1
name5.1noteexport,1
remotecomputer.c,1
linksall,1
twoseparate,1
performance７,1
tableelementdescriptionautosize,1
AliasesYou,1
updatesupdated,1
overunencrypt,1
betweencommand,1
want.the,1
BComputeraccountMember,1
CodeIn,1
someparameter,1
web01.powershellnow,1
use.the,1
supportresolution,1
approach.foreach,1
EventLogRemove,1
about_execution_policy,1
default.this,1
expressiontype,1
<horizontal-tab>,1
idearequest,1
withoutsend,1
commandssdwheeler@circumflex,1
literalb,1
information.support,1
psise.currentfileobject.the,1
community.The,1
DscConfigurationTest,1
BOM.To,1
TrustedToAuthForDelegation,1
TheINPUTS,1
profile.ps1default,1
noteinformation,1
CommonResize,1
andwrite,1
assembly.gettypes,1
oftenlack,1
multipleplug,1
keybindingsfor,1
PSSessionDisconnect,1
approach.if,1
Usersspecify,1
PSMemberSets,1
intoanother,1
cmdlet.beginprocessingcmdlet.processrecordcmdlet.endprocessingthese,1
computerrundll32.exe,1
type.microsoft.powershell.sdk,1
immediately.ﾉExpand,1
itemexample,1
it.bitwise,1
contributionget,1
view.expressionbinding,1
bugfix,1
dscresourceexperimentalnew,1
forssh,1
18.56,1
workarea,1
43.15,1
Tellthe,1
help.OutputGet,1
thescale,1
NET.NET,1
dimensions.by,1
supportsdifferent,1
tagoutput,1
scriptfile,1
tellsthe,1
enginethe,1
microsoft.powershell.a,1
openednlz1jonathan,1
found.examples,1
roles.as,1
ConfigurationAdds,1
view.customcontrol,1
rememberto,1
operatorThe,1
variables.LibrariesConfigurationCompiled,1
regex.testing,1
CmdletsSee,1
CimSessionSummaryReviewReferencesNext,1
forfeedback,1
FalseParameterName,1
best.You,1
@ariehein,1
propertywhose,1
BOM.If,1
define.formatting,1
private.creating,1
mar,1
one.powershelloutputfunction,1
cmdletin,1
18.48,1
session.there,1
CautionExperimental,1
functions.powershellthe,1
ofexplicitly,1
enumsasstring,1
@snowman,1
element.a,1
system.management.automation.verbscommunications,1
fix.this,1
is.If,1
<cmdletmetadata verb="debug" helpuri="https://go.microsoft.com/fwlink/?linkid=001122"/>,1
allregistry,1
non-windowsplatformspowershell,1
schemaadd,1
18.19,1
targetingversion,1
psapplicationoutputencoding,1
nettypeproperty1,1
nettypeproperty2,1
7.1set,1
readour,1
objbios.versionnextget,1
toinput,1
<paramref name="session"/>,1
AlsoAccessDBProviderSample02This,1
textfollow,1
samemachine,1
0x08100x0408,1
mcr,1
shellsutility,1
aspecial,1
deps.add,1
system.math.at,1
meI,1
microsoft.powershell32,1
cmdletha,1
gpc.begininvoke,1
beingused.this,1
FORWARDHELPCATEGORY.FORWARDHELPCATEGORY,1
modeDo,1
overpowershell,1
array.whitespace,1
highlyprivilege,1
forperformance,1
forparticular,1
asynchronize,1
ElementShowError,1
isvalidpathprotected,1
CallSite.Target,1
namedvalues.the,1
started.winrm,1
IsSerial,1
operationsprotect,1
PowerShellGetCreated,1
group.nameinstance,1
itemsinvoke,1
Formats,1
availabletypes,1
psdf,1
nulleverything,1
records.you,1
CodeTo,1
about_comment_based_help,1
WSManImport,1
6line,1
Process.On,1
Serviceigfx,1
24other,1
accessalloweduser@host,1
184.10,1
PasswordNo,1
danger,1
files.work,1
willget,1
onlyMicrosoft.PowerShell.DiagnosticsﾉExpand,1
theSystem.Management.Automation.Provider.CmdletProviderAttribute.C,1
contentmigrate,1
establishpersistent,1
robocopy,1
CTRL+X,1
CTRL+Y,1
editing.you,1
commandsusing,1
microsoft.powershell.archive,1
CTRL+V,1
name.azure,1
displayed.newline,1
JobSuspend,1
CTRL+H,1
AdminDebug,1
packagemanagement.format.ps1xml,1
FQIDThe,1
System.Management.Automation.Provider.ItemCmdletProvider.GetItem,1
acc1.txt,1
orgroup,1
theresume,1
System.Management.Automation.Provider.ContainerCmdletProvider.CopyItem,1
tablenext,1
helpto,1
distributorsupport,1
butmust,1
instances.Remove,1
gpcoutput.count,1
COMPUTERNAME$,1
steps.outputpowershelloutputthis,1
6session,1
likematch,1
13914.67,1
rhelrhel,1
lateralattack,1
Overflowr,1
performed.outputif,1
DataInitialize,1
homedrive,1
attemptingto,1
DSCconfiguration.You,1
andpermission,1
expressionsﾉExpand,1
JEA_DNS_OPERATORS,1
@double,1
studiocode.for,1
withASCII,1
WSMANId,1
way.elseif,1
groupsstandard,1
4powershell,1
PowerShellOutputThere,1
userCertificate,1
OnSuggestionDisplayed,1
pageHeaderEntry,1
idictionaryenumerator,1
high.similarly,1
mmc,1
it.After,1
mmm,1
GuidelinesArticle,1
arediscuss,1
anotheritem,1
active.PowerShellEstablish,1
supportsefficient,1
.1.1,1
.1.7,1
parameter.activity,1
.1.9,1
.1.4,1
.1.6,1
.1.5,1
clause.each,1
unescapedsemicolon,1
types.You,1
array?basic,1
psbreakpointcmdlet,1
can'tprovide,1
Docs?ｈWHAT,1
non-word,1
directory.where,1
foldera,1
ComObject,1
correctly.topic,1
communication.regardless,1
Conventions,1
ofexecute,1
mof,1
file.ps1,1
falsealiasname,1
debugconfiguration,1
pathext,1
11:21,1
LengthAddress,1
count.powershelli,1
emailusingsmtprelay.ps,1
PasswordEx,1
powershellshRun,1
proccmdlet.stopprocesssample01,1
together.In,1
11:29,1
InnerException,1
FileHash,1
thanks@lnkleo,1
MenuAt,1
views.xmlcreating,1
sixdifferent,1
FilesDevicePath,1
SoftwareDisplayVersion,1
positional.avoid,1
pscustomobject.where,1
path.system.management.automation.provider.itemcmdletprovider.isvalidpath,1
signerrule,1
sitewhen,1
conversion.iconvertable,1
objects.configuration,1
scriptunregister,1
lget,1
MrPSVersionMajor,1
notcontainsdo,1
ParameterFiltering,1
mylist.remove,1
definitions.c,1
alias.defining,1
debian.being,1
mrp,1
property.removing,1
2025improve,1
functiondefinition,1
altogether,1
+07,1
specified.compressionleveldata,1
solution.although,1
casegitlensgremlin,1
aget,1
predictors.last,1
interfacedeclare,1
before.powershellthe,1
settingspop,1
psv2,1
+12,1
ErrorAccentColor,1
prompt.now,1
+18,1
cmdlet.outputthe,1
system.management.automation.provider.containercmdletproviderclass,1
CredSSPcaches,1
glance７,1
contoso.ziptools,1
WSH.The,1
textencoding,1
<nano server ip address>,1
AlsoHideTableHeaders,1
resourcesvideosus,1
call.consider,1
process.however,1
psrp,1
MRxSmb10,1
provider.examplesystem.management.automation.provider.itemcmdletprovidersystem.management.automation.provider.containercmdletprovidersystem.management.automation.provider.navigationcmdletproviderdesigning,1
thenormal,1
item.powershellthis,1
useridentity,1
cmdlet.begin,1
ContentPSScriptAnalyzer,1
SelectionSetSelectionSets,1
combination.in,1
openedAndreyMatrosov4revolter2cconrad1Hrxn1kilasuit1NN,1
performance.take,1
38cpu,1
ofsystem.management.automation.cmdlet.getresourcestring.the,1
+35,1
foreach.PowerShellI,1
nothing.powershelltwooneps,1
definition.In,1
menucompleteget,1
Broadcasting,1
paragraph.make,1
them.PowerShellIn,1
spe...export,1
this.onend,1
basedapplication,1
2026predictive,1
existent,1
notepadsee,1
ineffective,1
detach,1
cmdletsnew,1
numberdouble,1
parameters.followdata,1
@dhcpscope,1
PowerShellOutputPowerShellOutputYou,1
charactersPowerShellIt,1
readers.get,1
table.viewdefinitions,1
types.powershellps,1
featuresｅoverviewpowershell,1
drivegranting,1
data.selection,1
AppControl.Last,1
method.Occasionally,1
2022article,1
thesystem.management.automation.provider.icontentcmdletprovider.getcontentwriterdynamicparameters,1
Tags,1
cmdletscmdlet,1
administrator.use,1
syntax.b,1
installed.stable,1
values.powershellin,1
oneelement,1
feature.The,1
TimeZone,1
CenterPS,1
macosutility,1
onlyregister,1
System.Management.Automation.Signatureobjects,1
calleda,1
AssemblyId,1
<ApprovedVerb>,1
ISEKeyboard,1
process.refresh,1
@newSelfSignedCertificateSplatExport,1
validationuse,1
forviewselectedbyspecify,1
aren'tversion,1
myp,1
thesecategories.In,1
MyPathPS,1
releasesarch,1
getfeedback,1
important.There,1
myFeedbackProvider,1
jsonmicrosoft.powershell.utilityﾉexpand,1
ofSupportWMF,1
GeneralServerMaintenance,1
manifestcopy,1
password.powershell７,1
WinRM.Requires,1
KevinWhere,1
itsaction,1
form.the,1
netpackage,1
9:62992601:600,1
anniversary,1
alock,1
tablekeyboard,1
commands.exploring,1
predictor.use,1
registrykey,1
from.iddata,1
theymatch.one,1
211.703125,1
thesystem.management.automation.pssnapin.formats,1
informationsyntax,1
equivalentthe,1
InfographicPowerShell,1
tabexpansion,1
ItemClear,1
whata,1
Script.Press,1
adsisearcher,1
ConfigurationLeftIndent,1
theelement,1
listcan,1
method.nullpsobjectnew,1
StopProcessSample042,1
guidelines.last,1
yesfor,1
StopProcessSample032,1
syntaxhighlighting,1
onlyThis,1
5437.2.4,1
policyﾉexpand,1
about_history,1
PatternMatching,1
returned.the,1
StopProcessSample022,1
enterthe,1
explorer.In,1
property.note,1
store.implementing,1
clickDisable,1
career,1
StopProcessSample012,1
n`t,1
IContentReader,1
this.PowerShellI,1
runtimeThe,1
forplatform,1
referencesensure,1
agui,1
canenable,1
thread.system.management.automation.cmdlet.writeerrorsystem.management.automation.cmdlet.beginprocessingsystem.management.automation.cmdlet.processrecordsystem.management.automation.cmdlet.endprocessingwindows,1
nan,1
nam,1
resultps,1
takenliterally,1
stillus,1
thesystem.management.automation.provider.cmdletproviderattribute.providercapabilities,1
seeabout_experimental_features,1
run.get,1
thesystem.management.automation.cmdlet.throwterminatingerror,1
ClassOnce,1
PowerShellSecurity,1
json７,1
PowerShellCoreId,1
manifestwith,1
LinuxPowerShell,1
thatdetect,1
conflictsmicrosoft.powershell.utility,1
PSProperty,1
itemri,1
corrected.iso,1
avoiddebug,1
itsfunctionality,1
platform.the,1
reinitialize,1
helpfiles.last,1
object.marking,1
macos.fix,1
types.powershellwe,1
aspace,1
parameterbindingps,1
inscmdlet,1
profile.write,1
scenarios.powershelli,1
constraineddelegationHigher,1
theSystem.Management.Automation.ProxyCommand,1
highernoteconvertto,1
installationsupdate,1
reportingpowershell,1
04-mar-202003-dec-2022.net,1
bincopy,1
dllswant,1
itemto,1
Receive,1
code.for,1
files2025,1
10.0.22621.2428,1
withoutpermission,1
andwide,1
Spoolsv,1
NullNew,1
runningtight,1
tosystem.management.automation.cmdlet.writeerror,1
aliasvia,1
OutputHowever,1
14225.13,1
helprequire,1
neq,1
macos.for,1
Ascending,1
Sessionparameter,1
sideexecution,1
member.typenameinstance,1
-1-123l,1
serialnumber,1
burdenbecause,1
6PowerShell,1
inbackticks.when,1
aredownload,1
operatorsequence,1
itprofessional,1
path.when,1
logentries,1
typename.XMLﾉExpand,1
remotesystem,1
InputOne,1
remotesigned,1
machine.to,1
securityresource,1
isprocess,1
tolimit,1
SampleHost,1
thewin32_networkadapterconfiguration,1
supportconfiguration,1
serialized,1
itemps,1
commandsadd,1
onlyproperty,1
you'reprompt,1
PSSessionRun,1
redirectedoutput.many,1
mymodule'new,1
HelpSet,1
target.for,1
howyou,1
endpoint.When,1
exception.the,1
resultif,1
indotnettypes.format.ps1xml.if,1
keywordsthat,1
55.84,1
breakingchange,1
command.when,1
oneand,1
wasdefine,1
muchmore,1
nix,1
results７,1
thePSMemberSet,1
andyour,1
92.17,1
files.trimtrailingwhitespace,1
Academy,1
14652the,1
ordecimalsbyte,1
p.2,1
e0e0,1
interoperabilitysupport,1
commandsare,1
item.powershellthe,1
nnew,1
CommonLanguage,1
cmdlets.Cmdlet,1
s1xtqqczze1akashdabhi031kurtmckee1clamb12313mklement02jerrykahnperl2new,1
i'llstep,1
cmdletsa,1
gzuse,1
windowschdir,1
ModuleManifest.A,1
issuesiSazonov,1
WLDP_CAN_EXECUTE_ALLOWEDWLDP_CAN_EXECUTE_BLOCKEDWLDP_CAN_EXECUTE_REQUIRE_SANDBOXPowerShell,1
name.notifydata,1
pathfor,1
anyconstrained,1
poison,1
sel...debug,1
theCanPauseAndContinue,1
confirmation.for,1
basedconnectionsignor,1
parameters.powershellif,1
5.1.22621.2428,1
winrm.requires,1
cmdletps,1
SelectionSetsSelectionSetNameTypesPowerShell,1
reflowsevery,1
thatend,1
relatedcommands.get,1
WideEntryPropertyName,1
boundsps,1
functions.powershellwhen,1
class.system.management.automation.validatelengthattributesyntax,1
Policy.Create,1
refThe,1
.2.3,1
.2.2,1
machine.outputremember,1
.2.4,1
entry.name,1
localor,1
cmdletor,1
tableremarksexamplelistitem,1
arguments.for,1
imaging,1
decrease,1
thesemiss,1
PowerShellengine.In,1
value.powershell,1
RemovePrinterConnectionmethod,1
called.for,1
path.resolves,1
returnsall,1
keyworddefine,1
autosizeInfo,1
bar?question,1
simplicity,1
parameters.The,1
scalability,1
isbound,1
ClearContentClearContentDynamicParametersThis,1
outputalthough,1
parameter.since,1
IDynamicParametersSystem.Management.Automation.IDynamicParameters.GetDynamicParameters,1
andprovider,1
classmodule,1
tablequery,1
Charactersin,1
forexePath,1
arecollect,1
pipeline.achieving,1
position.C,1
cmdlet.outputeditmode,1
erroractionpreferencemake,1
samplesevent02,1
@renameItemPropertySplat,1
cultureinfo.getcultureinfo,1
currentpipeline.dispose,1
myfile.htmlinvoke,1
thoughthe,1
parameterbinding.However,1
anordinary,1
rollup,1
necessary.wrapping,1
logous,1
vaultTop,1
primitiveslast,1
animmediate,1
object.runspace11,1
TypesCmdlet,1
thegarbage,1
withoutlose,1
anything.filter,1
aspart,1
youset,1
ParametersQuantity,1
reprounable,1
andoutput,1
SelectString,1
OverviewA,1
-7.5.7-osx-arm64,1
doesn'tmatter,1
executed.Examples,1
logarithm,1
<pathtoformattingfile>,1
specified.scopedata,1
PSSessionExit,1
View.If,1
iswhat,1
object.runspace06,1
object.runspace08,1
enclosingit,1
formattingoption,1
store.container,1
ObjectwriteWrite,1
other.the,1
platforms.Don't,1
correctly.outputupdate,1
@commonsplatting,1
cmdletthe,1
infmediapathunexpanded,1
foreeach,1
loss.sync,1
Thanks@ArmaanMcleod,1
lowercasetoupperstatic,1
powershell.conversions,1
packagefor,1
language.anytime,1
nenot,1
Tocollect,1
nul,1
accessed.drive,1
#symbols,1
ProcessteeTee,1
StartTesting,1
offthe,1
37.7.5,1
handled.Windows,1
openedoscarfalck171stuartmosquera1kmitty2martingc942content,1
filefinally,1
Impact,1
differentsource,1
TransactionTest,1
this.psobject.properties.name,1
</nullable>,1
cmdlet.powershellbefore,1
AsPSObject,1
<param name="commandline">,1
clickdisplay,1
another.get,1
matchmix,1
oneach,1
scenarios.cmdlet,1
cmdletwa,1
theexpression.Also,1
method.psscriptmethod.tostring,1
globaljson,1
respectively.given,1
whatcmdlet,1
ascan,1
anargumentlist,1
whichparameter,1
decompression,1
whendesire,1
results.type,1
e.InvocationStateInfo.State,1
istruncate,1
view.syntax,1
resources.install,1
WldpGetLockdownPolicy,1
confirmation.implementing,1
PowerShellAssignment,1
tableElementDescriptionWideItem,1
KindTypePurposeCurrentLocationInstance,1
ResourcesContent,1
areoptional.none.elementdescriptionautosize,1
encodingsetting,1
parameters.Common,1
2023application,1
isdesignate,1
system.web.script.serialization,1
download.the,1
share.powershellnext,1
PowerShelldrive.In,1
instead.syntax,1
DefaultTokenColor,1
Inquire.Change,1
value.pipeline,1
100.11.4,1
about_article,1
computerswith,1
automutatio2ringerc2trollyanov2uberkluger2top,1
#scriptblock,1
18019,1
rendering6,1
about_Logging_Non,1
shorttest,1
differentpackage,1
view.widecontrol,1
cannotchangepassword,1
classic.yes,1
parameter.powershelllast,1
theEnglish,1
wrappedCOM,1
administratoraccess,1
CentigradeToFahrenheitfunction,1
value.some,1
ServiceSTATUS,1
two.the,1
results.txt.if,1
manpritxelentor1putku451sethvs1umutkaracelebi1new,1
CommandWindows,1
about_error_handling,1
unique.for,1
thestrings.PowerShellIf,1
EditorVisual,1
install.shAfter,1
mymodule.psd1,1
consolethe,1
LifecycleAssert,1
typespecify,1
openedguillermooo4darthwalsh2ﾉexpand,1
clarify,1
libraries.a,1
drives.last,1
mistake.,1
runarbitrary,1
powershell.consoleuse,1
RemotePowerShell,1
7.0.2,1
7.0.3,1
simplyWrite,1
AccessDBProviderSample.dll,1
CmdletMetadata,1
16-nov-202310-nov-2026.net,1
writeyour,1
<FormatConfigurationEntry>,1
alsoallow,1
AccessAllowedLeast,1
validatethem,1
jeadefaultcmdlet,1
connecteduser.commands,1
module.users,1
advanced.syntax,1
youalso,1
myfile.csvinvoke,1
InstrumentationDependentServices,1
FileNotFoundExceptiondocumentation,1
RunspaceDebugEnable,1
executable.PowerShellStandard.LibraryUse,1
commandnew,1
ThrottleLimitparameter,1
AttributesWindows,1
todetail,1
Member.Get,1
shortcutto,1
LoopLabel,1
created.powershellthe,1
onmultiple,1
changes.windows,1
tableWildcardDescriptionExampleMatchesDoes,1
bethe,1
7.0.6,1
ParametersInstanceproperty,1
packageget,1
forCustom,1
type.last,1
system.management.automation.cmdletsystem.management.automation.pscmdlet4,1
suservice,1
printerto,1
toexpose,1
classRemoved,1
name.jea,1
runspace.see,1
circumstances.foreach,1
original.true'powershell,1
NewGuid,1
OutputExample,1
toestablish,1
shouldbuild,1
bgcommand,1
theadministrator,1
theValueFromPipelineByPropertyName,1
win32reg_addremoveprograms,1
PowerShellUpdated,1
awildcard,1
uninstallable,1
UndefinedWhen,1
elementof,1
installpowershellupdate,1
stance.how,1
theserecommendations.Review,1
Diagnostic,1
new.directoryps,1
typeinformation,1
alsoRunning,1
OutputTerminal,1
CommandNotFoundExceptionGet,1
firstline,1
dothis,1
distributions.package,1
powershell.getting,1
ArraysPowerShell,1
instructions.or,1
wsnmp32.dll,1
separatedirectory,1
mustevaluate,1
ReportingThe,1
andformatt,1
itsrepresentation.the,1
andlinux,1
reported.the,1
NoSummary,1
three'one,1
enhancementsargument,1
themwithin,1
h4add,1
property.setterscript,1
dlg271,1
bedistribute,1
basedpowershell,1
shortenthi,1
processtime,1
preview.4convertfrom,1
scopes.after,1
ofseveral,1
39Computer,1
sets.xml,1
unaffected.the,1
userssecurity,1
VariablesDescription,1
output2.csv,1
thesystem.management.automation.provider.itemcmdletprovider.setitemdynamicparameters,1
ViewSelectedByelement,1
instructions.if,1
powershell.exe.enable,1
remotingchapter,1
beshorten,1
theuntrust,1
thedefaultsetting,1
ShortcutHide,1
result.syntax,1
logspowershell,1
18030,1
1.70010.6,1
oid,1
theLockWorkstation,1
Enumenum,1
onand,1
charactersemphasislistsunordered,1
share.implemented,1
Full...,1
orparallelize,1
usewith,1
dc1.alpineskihouse.com,1
conditions.selectionsetname,1
widthof,1
accessed.parameterfunctionalityaccesseddata,1
cmdletshost06,1
characterlocate,1
toseparate,1
thegroup.groupinstance,1
Fabrikam9,1
name.powershellthen,1
andsystem.management.automation.runspaces.initialsessionstate,1
classAccessing,1
0test,1
capabilities.this,1
RestrictedLanguage,1
echo.examples,1
and20.description,1
cmdlet.remove,1
FSysAgentDISPLAYNAME,1
referencedproperty,1
keyremove,1
91if,1
Fabrikam8,1
helptopiclist,1
providessuggestion,1
orvulnerability,1
psroptions,1
lifelong,1
.3.9,1
behere,1
100maximumkillringcount,1
sys.databases,1
kb4048951listing,1
modulesunderstand,1
Maintainer,1
documentsabout_Parameter_SetsTop,1
commands.retrieving,1
showwindow,1
1usage,1
key.getvaluekind,1
UpdateADD_EXPLORER_CONTEXT_MENU_OPENPOWERSHELL,1
four'index,1
GridViewOut,1
.3.8,1
Date.In,1
predictorto,1
DataHide,1
goals.powershell,1
.3.2,1
parameterpositionally,1
.3.1,1
.3.4,1
Byconvention,1
.3.3,1
psscriptfileinfouninstall,1
lnk.save,1
drives.The,1
netframework.guidelinesfirst,1
ConflictingModule,1
deployments.unit,1
relatedLinks,1
DESCRIPTIONComputes,1
separatedlists,1
ListEntryTypeName,1
reside.for,1
objbios.smbiosbiosversion,1
work.powershellbut,1
values.powershellto,1
it.one,1
enable_psremoting,1
ExplicitCapture,1
bracket.inside,1
throwstatement,1
ConvertPath,1
microsoft.powershellmicrosoft.powershell.workflowmicrosoft.powershell32after,1
iscome,1
specified.parameterfunctionalitytrustleveldata,1
credentials.to,1
contributing.md11,1
statementsequence,1
comparisonthe,1
data0000ps,1
macOSInstalling,1
SDKCmdlet,1
Theclass,1
brewformula,1
noid,1
AppLockeris,1
GetDate,1
apis.cimcmdletsexport,1
non-help,1
themicrosoft.powershell.management,1
baseclass,1
methods.register,1
tChildItemCommand,1
psedition_core,1
anothervalue,1
path.getfullpath,1
SyntaxThis,1
findstr2,1
findstr1,1
pure,1
parameterimproved,1
purpose.each,1
system.management.automation.debugsource,1
defragget,1
Thisnotation,1
UpdatableHelp.This,1
useralready,1
scenarioIt,1
AlsoControls,1
Helphelp,1
formattingfile.In,1
unique.get,1
comparesthe,1
adapters.they,1
authoringconsiderationsThis,1
column1,1
column2,1
seesystem.management.automation.validatescriptattribute.to,1
typed.requirementsdemonstratesexample,1
allowuntrusted,1
definehow,1
osr,1
canrestrict,1
throwthrow,1
osx,1
Book,1
thehasshutdownstart,1
classes.the,1
DiagnosticDeny,1
vaultUse,1
statementforeach,1
693you,1
WorkstationDependentServices,1
functionalitydefine,1
operates.on,1
int16int16,1
syntaxHave,1
wldp_can_execute_allowed,1
close.optimize,1
valuesuse,1
PathSeparator,1
parametersThe,1
Unmount,1
precise,1
AlsoValidating,1
CmdletExtremely,1
folder.c,1
yamlto,1
parameters.keyscomputernamefunction,1
cook,1
70580,1
tokenizer,1
PlatyPSDocumentation,1
makethem,1
<sddl string>,1
canselect,1
information.what,1
following.the,1
psremotingenable,1
intodetail,1
ResourceUnavailable,1
readiness.refresh,1
questionsupport,1
specified.afterdata,1
information.when,1
turnon,1
wiki,1
-50,1
LocalConfiguration,1
itemclear,1
line.default,1
King,1
errormessage.exception,1
Linuxwiki,1
mapsthe,1
Item.PowerShellBIND,1
way.The,1
ViewRightIndent,1
tooling.last,1
default.outputmethods,1
guidelines.ﾉexpand,1
errors.terminating,1
onlyhave,1
NetIPAddress,1
markupline,1
cord,1
509certificate,1
transcription.powershellfor,1
includesbinary,1
ServiceLayerGetting,1
use.use,1
aboutshouldprocesspowershell,1
openedrwp01pronichkin1Ooggle1mavaddat1IanKemp1mcdonaldjc1Brizio1dotnvo1r0bfr1mklement03aksarben2crisman2Top,1
VaultVault,1
appxpackage,1
apssnapin,1
localand,1
lowercaseadd,1
installutil,1
service.bash1,1
Move,1
RenewDHCPLeaseAll.However,1
directives.a,1
inverse,1
untrustedand,1
settingthe,1
ServicePackMinorVersionOutputGeneral,1
elements.helpinfo,1
handlesadd,1
InfographicsComicWallpaperPosterPowerShell,1
narration,1
Guide.These,1
modules.For,1
difficult.to,1
installdate,1
18138,1
all.powershelltoo,1
behavior.powershelloutside,1
view.ViewSelectedBy,1
non-existence,1
contacted.powershellthere,1
18130,1
FormatDatacmdlet,1
parameters.adding,1
organizational,1
#vba,1
notecmdlet,1
".net,1
system.int32.list,1
dc01.powershellenable,1
scheduledjoboptionunregister,1
AllUsersSet,1
18141,1
analiasproperty,1
apparent,1
lint,1
findcommand,1
e38e,1
AlsoWideEntries,1
PSSerializeJSONLongEnumAsNumber７,1
ip2stephenrgentry2vixb11222new,1
first.you,1
wind,1
Declaration.This,1
getprocpssnapin016,1
InitialSessionStatePowerShell,1
listint,1
thatlet,1
runspaceconfiguration.assemblies.stringnumericif,1
versionyou,1
PowerShelldiscover,1
'mikefrobbins.com,1
anddestination,1
tokensYou,1
modifytimestamp,1
torun.Steve,1
associatedargument,1
definedand,1
debugging.place,1
system.unauthorizedaccessexception,1
NoneFavoriteNumber,1
listid,1
work.wsman,1
Merge,1
statementwithout,1
policyUse,1
cablast,1
five.powershelloutputbased,1
encoding.The,1
LogonStopped,1
exist.managing,1
21748,1
messagesshould,1
Thejob,1
pbB,1
predictorutility,1
notdocument,1
topreviousscript,1
tableLabelPurposeneeds,1
stored.doesn't,1
about_Script_BlocksAdded,1
providedthe,1
andadd,1
theWideEntry,1
enumeration.data,1
examplesPS,1
va_1_contoso_alicemachine,1
v2.xInstall,1
expressioncast,1
pipe.commands.add,1
Gallery.Set,1
Help.xml,1
tojea,1
object.defining,1
articles.line,1
in1607,1
packagemanagementthe,1
scenarios.only,1
property.PowerShellOutputBy,1
bullet.second,1
f1display,1
installed.alternatively,1
useful.because,1
onlyterminating,1
line.powershell,1
collections.there,1
@IISResetMe,1
21736,1
pdb,1
trueand,1
transcript.however,1
consistency.powershellaccepting,1
nullable,1
overviewthe,1
transactionwindows,1
help.xmlcim,1
vs.NET,1
fscript,1
nolanguage,1
alternatecredential,1
cmdlet.membermember,1
indicateswhat,1
PSEditions,1
entry.there,1
renderedus,1
computersarticle,1
behaviorsyntax,1
separatedby,1
separateliteral,1
cmdletsclear,1
thiscontext,1
collection.coreonly,1
no_color,1
theModule,1
endpoint.The,1
datawrit,1
updatevalue,1
functioncall,1
argsif,1
thecomputername,1
stevemode,1
Microsoft.PowerShell.Commands.Internal.Format.FormatStartDataName,1
opened.each,1
type.xmlto,1
internetexplorer.application,1
MyFunction,1
inScriptF3Script,1
someimportant,1
error.Windows,1
pane.actionkeyboard,1
ETSalso,1
articleonly,1
thesystem.management.automation.powershell,1
toprevious,1
helpsyou,1
powershell.exepsconsolefile,1
openedariehein151changeworld8surfingoldelephant45cnotin1daniel,1
documentthat,1
casethan,1
itneed,1
parameters.literalpath.attributes,1
theconstant,1
tablemicrosoft.powershell.managementcmdlet,1
object.extensioninstanceproperty,1
zero.consider,1
location.multi,1
NewItem,1
scope.local,1
assemblyfrom,1
virtualization,1
Microsoft.The,1
re-design,1
orinitialization,1
assignthe,1
screen.powershellarray,1
2025blog,1
Widthparameter,1
valuestype,1
itempropertyremove,1
fromanother,1
tablepowershell,1
ToolsFind,1
55weekinmonth,1
distributionsMicrosoft,1
recommendeddata,1
ofobjects.customentries,1
statementsthat,1
endpoints.convenience,1
AppIDSvc,1
objectsYou,1
membersETS,1
for...convertfrom,1
encodingschoose,1
system.generating,1
orpresence,1
realnumber,1
myfirstjearole.psrcallowing,1
92if,1
InputWriting,1
consistentuser,1
differentcollection,1
object.both,1
DeleteScript,1
MoveProperty,1
verbosity,1
system.management.automation.provider.drivecmdletproviderclass,1
noteubuntu,1
REG.EXE,1
TableRowEntryDefines,1
them.PowerShellGet,1
debugginghow,1
PSChildName,1
features.how,1
4whileoutputthe,1
Undo.Press,1
.4.6,1
.4.1,1
directory.powershelloutputyou,1
png,1
pre-determined,1
infunction,1
statementtry,1
literal.as,1
version.depending,1
outputtypefunction,1
1000outputthere,1
aspspath,1
lineargument,1
prerequisites.determine,1
permissionto,1
Important.NET,1
reallygett,1
property.about_providerswriting,1
storedin,1
NET.It,1
AlsoAlias,1
Pipelinehelp,1
NewWindows,1
hkey_current_userregistry,1
reorganization,1
lanmanworkstationYou,1
mikesid,1
cross-platformsupport,1
call.namespace,1
methodremove,1
theScriptParameterSet,1
expandedwhen,1
inseveral,1
ResourcesSharePoint,1
tab.click,1
asery,1
slider,1
bepossible,1
beparse,1
Terminalshortcut,1
anchorleft,1
path.The,1
9537952,1
post-creation,1
inexpand,1
tableInstalling,1
commandprocess,1
PowerShellstring,1
matchesconstant,1
workingdirectory,1
mergesquash,1
NamesParameters,1
2888handle,1
Parameters.The,1
view.propertycountfortableoptional,1
0.14.2,1
9436,1
ajea,1
CmdletPascal,1
commandargument,1
changes.before,1
UpdateShow,1
policy?for,1
andeditor,1
@args,1
.00,1
exposedto,1
can'tbe,1
prs,1
JSONYou,1
command.last,1
NullThe,1
PSCmdletThis,1
listunless,1
debuggingworkspace,1
maydepend,1
system.management.automation.commandtypes.options,1
false.parametersetname,1
areconnect,1
.11,1
LinuxmacOSInstalling,1
clicktoggle,1
theview.ElementDescriptionView,1
.16,1
.17,1
shekeriev1blake,1
retired,1
tableElementDescriptionEntrySelectedBy,1
cmdlet.creating,1
runspaces.custom,1
isaccess,1
pth,1
externalmoduledependency,1
state.cmdlets,1
isrequired.servicetype,1
pto,1
PSMemberTypes.Method,1
PowerShellmodule.The,1
CommandWindow,1
repositoriesactively,1
controls.PowerShellAfter,1
sqlcmd.exe,1
pipeline.unlike,1
result.if,1
7.05,1
block.fileinstanceproperty,1
toopen,1
contributing.md6,1
RenamePropertyDynamicParameters,1
remoterunspacenamespace,1
.31,1
pslanguagemode.restrictedlanguage,1
whichproperty,1
PSConfEU,1
NewerThan,1
finalcolumn,1
manner.param,1
specificproperty,1
conceptualhelp,1
Transcripts'User,1
howmany,1
modules.only,1
7.16,1
myModule.dllBuild,1
tracked.the,1
code.There,1
repository.powershell,1
.45,1
7.10,1
characters?data,1
isn'tintend,1
header.length,1
usestring,1
aliaspowershell,1
anyregistry,1
encryptionnegotiate,1
thetableheader,1
separatedto,1
WebResponseObject,1
inmakeuppercasectrl,1
recommendedaction,1
this.onbackspace,1
.2112,1
table1ﾉexpand,1
processes.getprocesssample03,1
enumerationThe,1
TargetType,1
system.convert.changetype,1
needed.this,1
privilegedaccess,1
isaccept,1
blockinteractive,1
txt.PowerShellUse,1
objectimport,1
ChangelogPSScriptAnalyzer,1
statementthe,1
directcontent,1
identity.once,1
currentcontents.the,1
WmiMethodInvoke,1
maindocument.syntaxeditorial,1
remotingwhen,1
coretype,1
name.Cmdlet,1
txjjwjmw.are,1
doesﾉexpand,1
line.powershelloutputa,1
synopsisexample,1
Employeeparameter,1
functionsmake,1
8elif,1
contentsecure,1
though.PowerShell,1
completioneach,1
rowsdisplay,1
ｈWHAT,1
mode.to,1
examples.powershell,1
eachrunspace.beginning,1
Designguideline,1
6.1set,1
errorsError,1
listen,1
ascmdlet,1
resourcethat,1
permissionsfor,1
netprimitive,1
parameters.dynamic,1
lowercaseequivalenttoupperinstance,1
7.58,1
2012out,1
logsapplication,1
onwhether,1
joinoperator,1
newhashtable,1
types.to,1
extensions.for,1
directoryregister,1
instead.The,1
ComputerNameparameter,1
exceptioninterestingly,1
forautomate,1
machine.get,1
updated.any,1
wsmaninstancewindow,1
cancast,1
PowerShellgenerate,1
.99,1
pattern.a,1
object'activedirectory,1
inline.powershelli,1
theMicrosoft.PowerShell.Commands.MoveItemCommand,1
nowexecute,1
Coloring,1
moreefficiently,1
computer.stopprocesssample03,1
commands.powershellexample,1
System.Management.Automation.ParameterMetadata,1
pipeline.Declaring,1
11c7b61f,1
null0ps,1
2026everything,1
run.restricting,1
Names.Here,1
hashtable.type,1
examplesus,1
helpfileabout_windows_powershell_5.1,1
mecert,1
modulespowershelloutputnotice,1
mostly,1
some.net,1
arenot,1
they'restill,1
locations.the,1
AudioHidUsb,1
featurethat,1
System.String.Abbreviate,1
equivalent.names,1
section.this,1
release.powershell,1
asbaseobject,1
PowerShell.StopProc,1
themicrosoft.powershell.commands.newpsdrivecommand,1
scheduledjobpsscheduledjobﾉexpand,1
threadjoblast,1
count.value,1
7.2.0,1
TableControlHideTableHeaders,1
7.2.2,1
avoidable,1
18261,1
ascriptblock,1
0x0000ffff,1
route,1
Scooter,1
characterwhite,1
binding.there,1
commandshow,1
sipolicy.p7b.offtest,1
use.powershellpstypename,1
ComputerRestoreEnable,1
features.Users,1
start.end,1
asreformatt,1
name.dll-help.xml,1
system.console.write,1
rundll32.exe,1
</Option>,1
7.2.8,1
filesystemevent,1
input.powershelloutputknowing,1
7.2.3,1
onetwothreeps,1
powershelldeleting,1
10/15/2019,1
FileSystemReading,1
Records.The,1
system.powershell,1
arraycopystaticmethodvoid,1
auditinghelp,1
userdrivemaximumsize,1
PowerShellthrow,1
recommendedjust,1
you'relook,1
InWindows,1
solutions.to,1
value.join,1
18219,1
withassembly,1
0xff4500,1
jdoe,1
SDKto,1
numbers2,1
18222,1
CrescendoBuilt,1
Incorrect,1
AccessDBProviderSample03For,1
ContributorsVLoub,1
typepowershell,1
interruptsmost,1
timeinstead,1
getcontentreader,1
moreexplanation,1
view.elementdescriptioncustomentry,1
Closure,1
specificform,1
toaccomplish,1
severalregistry,1
about_ArraysNew,1
isSystem.IO.FileAttributes.The,1
requirements.once,1
itempropertyget,1
backspace,1
methodfunction,1
thescene,1
dynamicparameter.for,1
10.0.0.1,1
setsthe,1
thesuggested,1
thesystem.management.automation.provider.idynamicpropertycmdletprovider.removeproperty,1
800000007.9,1
assignmentha,1
StartPos,1
logfile.log,1
MNSLogonAc,1
historycimcmdletsﾉexpand,1
automatically.The,1
thesystem.management.automation.runspaces.initialsessionstate.create,1
Markdown.Put,1
#vbprotected,1
3/2018,1
usingcommand,1
singleargument,1
@remoteKeyParams,1
toint,1
store.The,1
orcheck,1
servicerestart,1
hostp4b,1
folderscopying,1
VMrunning,1
unloaded.The,1
currentlyrunning,1
JEA.To,1
pr.recordtype,1
AlsoTableColumnItem,1
computersmacosconfigure,1
char.a,1
GitHubNext,1
retrieval.powershelleven,1
controlpolicy,1
</scriptmethod>,1
ashorten,1
allobject,1
table.one,1
matching.to,1
version.two,1
parametersupport,1
immediately.for,1
d2.powershelluse,1
directly.occasionally,1
sets.position,1
determinedus,1
Elastic,1
reparse,1
PathCurrent,1
onpscustomobject,1
0x8b0000,1
about_Language_ModesMajor,1
accesswhen,1
ishidden,1
identifier.command,1
PowerShell.SelectStr,1
logmessage,1
system.mathnew,1
TutorialWindows,1
file.viewdefinitions,1
win32_quickfixengineeringsource,1
about_enumnew,1
OnlineFinding,1
thecodebase,1
key.powershellweekend,1
statementswe,1
basedauthentication.overview,1
property.xmlload,1
FilesFabrikam,1
resolvemycmdletcommand.csps,1
evening,1
psrepositorysave,1
system.management.automation.confirmimpact.ﾉexpand,1
specifydiagnostics.eventlog,1
scalarvalue,1
documentation.Required,1
cimparams,1
commoncontrol.elementdescriptioncustomcontrol,1
PSSessions.PowerShell,1
skipeditioncheck,1
objectvariablesnative,1
ProcessNames,1
AnalysisCache,1
<condition>,1
clutter,1
equivalent.grouping,1
thesystem.management.automation.validatelengthattribute,1
sDRightsEffective,1
them.powershellevaluation,1
automatically.psreadline,1
PowerShellUsing,1
system.string.at,1
cmdlet.parametersinstanceproperty,1
modeapplication,1
remoting.the,1
system.collections.generic.hashtable,1
haveerroneously,1
overflowprevious,1
titlezero,1
84.3.7,1
registrynew,1
interactiveuser,1
uint32float,1
scenesstart,1
Viewview,1
controlview.customitem,1
rad151flcdrg1holtkampjs1jamesdbartlett31muzaffarnurillaew1ybeltrikov1armaanmcleod3mklement03deraeler2j0f32tabad2wwilliams692ﾉexpand,1
.5.0,1
havemultiple,1
credentialswork,1
andEmail,1
writingproxy,1
InvoiceSystem,1
recommendus,1
webthreatdefusersvc_644derequiredservices,1
StreetAddress,1
afterwrit,1
modulemanage,1
midwaythrough,1
stream.this,1
securitynew,1
owncmdlets.how,1
<tab>,1
KindPurposeIgnoreCaseEnumeration,1
matchsomethe,1
restmethodinvoke,1
about.md`metadata,1
uppercaseequivalentIn,1
RegistryName,1
install.shsudo,1
ProcessRecordThings,1
thepsobject.properties,1
negligible,1
results.progress,1
notepinn,1
Customizing,1
jsserializer.deserialize,1
otherassignment,1
debStart,1
powershell'ssubsystemmanager,1
applicationopen,1
byvalue,1
parameterscommand,1
time.what,1
applications.there,1
repository.check,1
insensitivematching.get,1
displayed.firstlineindent,1
numbertanstatic,1
20222031,1
.12.3.8,1
variable.PowerShellIn,1
.12.3.6,1
Application７,1
butvariable,1
examplethe,1
applications.these,1
Composite,1
restrictive,1
+2147483647,1
akey,1
placeholderfor,1
necessaryin,1
entry７,1
itemgo,1
jsoni,1
hklmpsprovider,1
path/to/mymodule.dll,1
configurationfinally,1
cimsession2instanceid,1
Tech,1
credentialmanagementpass,1
article.Sample,1
cmdletsOverview,1
class.PowerShellOutputTo,1
computer.caution,1
WindowsEvent,1
usersometime,1
trailingwhitespace,1
setting.if,1
BigInteger,1
fromscript,1
cmdletsto,1
MakePathprotected,1
modulemanifestparams,1
help.xml７,1
assistance,1
seemultiple,1
acceptsmultiple,1
SetupLimit,1
b.1.12,1
IndexOutOfRange,1
CmdletsWindows,1
b.1.11,1
DataFind,1
wonder,1
proceed.silentlycontinueenumerationconstantthe,1
solutions.at,1
andare,1
archivemethod.On,1
NameElement.None.None.ElementDescriptionSelectionSet,1
atPowerShell,1
json.json,1
hashtablebecome,1
called.createddata,1
internet.for,1
thesecommand,1
terminalout,1
sshgetting,1
CodeMarkdown,1
type.additional,1
interactivelyso,1
specifiedvalue.powershellwhen,1
Inv...ConvertTo,1
ContentType,1
99get,1
prefixing,1
Window.ﾉExpand,1
withstable,1
guidecreat,1
IdentityRunning,1
qualityimprovement,1
ws2_32,1
ClixmlExport,1
defensive,1
parametersparam,1
bedepend,1
IOT_POWERSHELL,1
NewPropertyDynamicParameters,1
them.PowerShellfunction,1
servicesget,1
reportedthe,1
help.xml2,1
andwaiting,1
Analyzerrules,1
formsystem.type,1
thirdpartynoticestools,1
parsingparameter,1
System.Diagnostics.Process,1
introductiona,1
insensitive.noneenumeration,1
commandnever,1
unauthorizedaccessexception,1
introductionb,1
outputting,1
propertyset.typenameofvalue,1
CodeReference,1
theUseFullLanguageModeInDebugger,1
breakpointthe,1
curlapk,1
10:33:22,1
<param name="countorindex">,1
true.Call,1
Drivercondrv,1
ProviderTo,1
ControlPanelItemShow,1
predictors.predictive,1
multitude,1
computer.powershelladd,1
am10,1
6.2enter,1
contributions@robderickson,1
options７,1
andany,1
Sets.After,1
objects.viewselectedby,1
executionctrl,1
checkpoint,1
AccessDeniedException,1
typerather,1
ArtArticle,1
parameter.powershelloutputif,1
hopby,1
cimsession.id,1
areimplement,1
tableclient,1
NETDocker,1
statically.at,1
resource.quotamerge,1
data.medium,1
Property７,1
specification.any,1
computer?settings,1
andall,1
documentation.contributing,1
AsByteStream,1
2ﾉexpand,1
variable.PowerShellIf,1
Aliases.Each,1
12/09/2025,1
exist.PowerShellThe,1
PropertyCode,1
cmdletsin,1
branch.all,1
resultsof,1
system.management.automation.validatenotnulloremptyattribute,1
example.OutputThe,1
paragraphrather,1
properties.powershelljust,1
#System,1
Feedback,1
PSSessionConfigurationFileWindows,1
previewbrew,1
</command:name>,1
stops.this,1
2024syntax,1
49line,1
readingwhat,1
modulesfinal,1
VariableColor,1
attributeCmdlet,1
WideEntryScriptBlock,1
orone,1
PowerShellPSProfileDSCResource７,1
providers.text,1
</typeparam>,1
SmartCardRoot,1
isencountered.Label,1
structurearticle,1
exePath,1
cancircumvent,1
alsounderstand,1
ConceptsWindows,1
Files.XMLThe,1
rc4,1
2025helpsee,1
trustedcommands.type,1
readable.powershelloutputthe,1
HotFixSYNOPSIS,1
breakpoints3,1
HelloWorld,1
ofwindows.windows,1
zipfldr.dllworking,1
18355,1
thesystem.management.automation.powershell.addparameters,1
forthose,1
18351,1
uniqueenter,1
Beyond,1
Object.Effectively,1
object.events01,1
openedcameronswilliamson1faricjh592new,1
afterDo,1
others.whenever,1
rcu,1
jeacommand,1
rcw,1
errors.using,1
tablepsreadlineﾉexpand,1
explorergoogletoolbarnotifier,1
<your_product_name>,1
@argsfunction,1
ObjectsSelectionSet,1
Frameworkon,1
buildtask,1
<packagesources>,1
HistoryNoDuplicates,1
rdp,1
severalvalidation,1
2025synopsis,1
expression.at,1
documentation.Azure,1
thatchange,1
thecustomcontrolentry,1
KerberosEncryptionType,1
anymethod,1
installedPowerShell,1
mistakes.this,1
suspend.start,1
matchps,1
app.configinstalling,1
txtfor,1
ren,1
<excludeassets>,1
wasteach,1
18337,1
Undefined,1
implementfour,1
toinclude,1
representeda,1
privilegeshow,1
Term,1
2022because,1
ChangeThe,1
searchmechanism,1
CodeLens,1
allversion,1
promptsinteractive,1
false.powershellthe,1
recommendedpowershell,1
TheDependentServices,1
renewdhcplease,1
ProtectedFromAccidentalDeletion,1
househelpdesk,1
ConsoleAttach,1
anyresult,1
Jobas,1
HttpKnownHeaderNames,1
37switch,1
Microsoft.PowerShell.Commands.GetItemCommandcmdlet,1
remotingStart,1
Applications,1
effortsThank,1
this.main,1
results.invokereturnasisinstancemethodobject,1
user'sscreensaver.To,1
items.powershell,1
duringinstallation,1
outputdetail,1
System.IO.FileInfo,1
openedScSurber11alexandair1bmkaiser1hyoshioka01281jpomfret1raydixon1signalwarrant1mklement08reinierk3scabon2Abdullah08202awooga2Damag3d2Fiasco1232Jasonthurston2Top,1
Name'MyJEAEndpoint,1
formatthese,1
scripts.to,1
accountsto,1
breakpointsTo,1
rid,1
system.management.automation.cmdlet.writeerror,1
ExponentThe,1
this.ondelete,1
customcode,1
localhelp,1
sdk.writing,1
AlsoFirstLineHanging,1
prosand,1
mailbox,1
ConsoleGuiTools,1
NTFS,1
LastIndexOf,1
powershellcommand.runspace,1
well!last,1
output3,1
example.outputparameters,1
asmoveitemdynamicparameter,1
ISETabs,1
XMLAlcModule.Engine.csproj,1
name.eventdata,1
session.Get,1
ones.In,1
alsoreturn,1
Strahl,1
userspace,1
message.powershellthe,1
escalation.Both,1
attribute.nounsverbsfor,1
vacation,1
CmdletsThe,1
commandcreate,1
ConfigurationﾉExpand,1
7.07.2.0,1
incmdlet,1
instead.powershellwe,1
psobjectus,1
12.3.10,1
createTimeStamp,1
12.3.14,1
itsconstituent,1
12.3.13,1
12.3.12,1
22create,1
12.3.11,1
1a8c,1
successfully.if,1
12.3.17,1
12.3.16,1
12.3.15,1
mandatory.if,1
PowerShellBesides,1
ingeneral.area,1
valuestring,1
PSDrive.PowerShellOutputIf,1
elementshelpcontenturi,1
enableversion,1
implementationdefinedcollectioninformation,1
.6.7,1
.6.9,1
information.parameterfunctionalityacldata,1
ServiceRestart,1
called.beforedata,1
surfingoldelephant34kborowinski1aberus1iron732025,1
objects.powershellonce,1
.6.5,1
.6.1,1
something.system.management.automation.verbscommonsystem.management.automation.verbscommunicationssystem.management.automation.verbsdatasystem.management.automation.verbsdiagnosticsystem.management.automation.verbslifecyclesystem.management.automation.verbssecuritysystem.management.automation.verbsothercmdlet,1
for.to,1
severalbook,1
jeaarticle,1
element.xmlwriting,1
-05-31debian,1
dscv3resource,1
Win32NT,1
lifeafter,1
SummaryReviewReferencesNext,1
Filenam,1
orplace,1
commandsto,1
view.elementdescriptiontablecontrol,1
Modified,1
wingetInstall,1
jumping,1
123.45,1
f5.context,1
false７,1
name.separate,1
rom,1
psedition,1
mandatory.no,1
localscript,1
System.Management.Automation.Runspaces,1
deserialization.serialization02,1
7preview,1
allexception,1
decimalint16,1
hostout,1
CsvImport,1
non-latin,1
SSHTelemetry,1
tableFrom,1
mechanisms.in,1
0.3,1
beindicate,1
EditorFileFirst,1
service.powershell5,1
legend,1
synchronous,1
theresolve,1
PSSessionCapability,1
1:1996,1
psitem.exception.stacktraceat,1
theobject.examples,1
PowerShell.ISEMicrosoft.PowerShell.LocalAccountsMicrosoft.PowerShell.ODataUtilsMicrosoft.PowerShell.Operation.ValidationPSScheduledJobPSWorkflowPSWorkflowUtilityPowerShell,1
1:1993,1
DataComplete,1
assystem.text.regularexpressions.regex.the,1
tocmdlets.cmdlet,1
thatexplain,1
<param name="ch">,1
PowerShellMSGraph,1
26/2018,1
system.management.automation.internal.automationnull,1
thesort,1
empty.unary,1
orBasic,1
Declaration.How,1
os.install,1
runspacelast,1
makerightarrow,1
processbyname,1
doesthis,1
exists.if,1
haveone,1
Restricted.You,1
report.parameters,1
adynamic,1
itscorrespond,1
secondscreate,1
hosta,1
overwriteany,1
becapitalizedinclude,1
017,1
Organizatio,1
install.shafter,1
https://devblogs.microsoft.com/scripting/,1
da243a,1
exsn,1
resource.propertydata,1
blocklogging,1
orautomatically,1
#Disk,1
reader.to,1
CTRL,1
platforms.aliascmdletacadd,1
VmId,1
'fabrikam.com,1
predictor.oncommandlineaccepted,1
targetof,1
instead.repair,1
11.0.100,1
y.id,1
hidesany,1
script.originalencodinginstanceproperty,1
Gallery.Within,1
settings.b,1
hostps5,1
ValueRemarksExampleView,1
platforms.PowerShell,1
all3,1
9675,1
helpTo,1
my.id,1
statement.as,1
statement.an,1
see.system.management.automation.provider,1
servicesfor,1
toreconstruct,1
FCSAMfdPHost,1
archivemethod.on,1
1.4.8.1,1
contributefind,1
rawforeach,1
TableControlWrap,1
formatting.For,1
symmetric,1
pathsdrive,1
becamemainstreamThe,1
runspace.open,1
together.Script,1
ISEand,1
PowerShellGetPowerShellOutputThe,1
systemsOther,1
asystem.management.automation.progressrecord,1
DriverHTTP,1
<hostname>,1
GitHubContent,1
cmdlets.System.Management.Automation.CmdletAttributeCmdletAttribute,1
enter.pop,1
processorssummarize,1
addeddynamically,1
SetProperty,1
CmdletAfter,1
ConsoleKey.DownArrow,1
HexTypo,1
21.6.7.1.2,1
sessions.this,1
UseDESKeyO,1
core.with,1
andsystem.management.automation.runspaces.runspacepool.apartmentstate,1
076,1
<param name="content">,1
StringPSDesiredStateConfigurationDisable,1
erroractionsilentlycontinue,1
resource.You,1
linesbreak,1
compatibilitywhile,1
microsoft.powershell.localaccounts,1
PaletteThe,1
w32time.dll,1
AliasPrefix,1
password.set,1
seeactual,1
18308,1
cmdlet.informationaction,1
andanother,1
text.substring,1
TransactionGet,1
sessions.To,1
ENTER.ﾉExpand,1
container.find,1
voidThe,1
other.I,1
1293.07,1
property.This,1
powershell02.printcollection,1
object.text,1
TrueViModeIndicator,1
PSModulePath.Not,1
element.editorial,1
block.code,1
triggersautomatic,1
codehow,1
languageAutomation,1
Techparameter,1
ExecuteNonQuery,1
demoa,1
files.any,1
recommended.if,1
examples.A,1
andsave,1
FeedbackProvider,1
seesystem.management.automation.validaterangeattribute.to,1
endexpandable,1
syntaxproperty,1
overcomplicate,1
buffersystem.management.automation.host.pshostsystem.management.automation.host.pshostuserinterfacesystem.management.automation.host.pshostrawuserinterfacelast,1
me.exitcode,1
gpc.endinvoke,1
seemanage,1
WindowsExperimental,1
#Windows,1
@skycommand,1
expression.In,1
orrun,1
Ifno,1
alreadyhandle,1
initthis,1
printcollection,1
system.io.xmlat,1
RecycleBinWindows,1
OutOfBandis,1
list.propertyname,1
monthlyusage,1
3for,1
#getprocesscommand,1
ModulesUserinstalledCurrentUserscope,1
libraryensure,1
aparameter.the,1
maximumredirection,1
Traptrap,1
executed.At,1
user.shouldprocessinstance,1
suppressthe,1
thestatus,1
importmodule,1
weoptimize,1
command'sname,1
c.to,1
alsoadding,1
profile.Types,1
writingcmdlet,1
command.referencedcommandinstanceproperty,1
san,1
@KevinMarquette,1
notall,1
retrievesthose,1
</Rule>,1
errorstatement,1
typicallyrequire,1
CommonLimit,1
System.Management.Automation.Provider.IPropertyCmdletProvider,1
line.elementdescriptiontablerowentries,1
securestringmicrosoft.powershell.psresourcegetﾉexpand,1
paramdictionary.add,1
protocol.create,1
item.system.management.automation.provider.itemcmdletprovider.itemexists,1
ControlsDefining,1
use.remoterunspace01,1
folder.don't,1
command.valuefrompipeline,1
scriptspowershell,1
days.triaged,1
RepositoryGitHub,1
argument.validaterange,1
omitted.c,1
2025supporting,1
singleparameter,1
Communications,1
unblock.prevent,1
set.referencedpropertynames,1
youmay,1
@manifestSplatSet,1
inparentheses.powershellthe,1
SetsOverriding,1
asamplepredictorclass.cs,1
ThumbPrintRemoval,1
havedifferent,1
variables.user,1
18474,1
OutputThese,1
parameters.writing,1
InputObjectParameterType,1
sed,1
thecontrol.Configuration,1
extension.area,1
providemultiple,1
seo,1
omission,1
JSONC,1
7test1,1
OutputThere,1
ofwin32_operatingsystem,1
https://packages.microsoft.com/.the,1
omitexample,1
choices.this,1
awesome,1
CimInstanceand,1
system.xml.xmlelement,1
https://packages.microsoft.com/config/ubuntu/$VERSION_ID/packages-microsoft-prod.deb#,1
console.shouldcontinue,1
sfu,1
Issue,1
charsredirection,1
variablevalue,1
oneor,1
policyoption,1
PowerShellbackground,1
thesystem.management.automation.runspaces.initialsessionstate.providers,1
PowerShellThen,1
nothing.powershelloutputif,1
SetterScript,1
punctuatorssyntaxdescription,1
noninteractive２,1
3218ps,1
GuidStep,1
SendGreetingInvokeCommand,1
webpage.for,1
inFor,1
WriteCmdlet,1
do.powershelljust,1
sha,1
data.where,1
65.24,1
FormatsToProcess,1
sectionsdescribe,1
script.For,1
GeneralCommandErrorFeedback,1
approach.powershellby,1
4syntax,1
ofsupport,1
31412,1
tomodify,1
onend,1
specified.promptdata,1
file７,1
sil,1
NamePurposeMinRange,1
january.csv,1
itmight,1
There'sno,1
object.creationtimeinstance,1
ScriptsSyntax,1
partsyntaxexpandable,1
asuffix,1
enabled5,1
generatesmore,1
anniversaryupdate,1
skeet,1
ps.haderrors,1
testsort.txt,1
NOTES.NOTES,1
nodeThe,1
Image,1
scenes.outputget,1
aregular,1
views.xmlparent,1
criticalProcess,1
exceptions.writing,1
narrowdown,1
notifyingthe,1
bottom-most,1
work.this,1
withsend.read,1
methodsnot,1
PublicPush,1
ExpressionVariables,1
row.when,1
unpacked,1
MarkdownAdded,1
classes.one,1
cesshelp,1
another.they,1
copiedcopy,1
limitedscope.when,1
literal.the,1
machine.this,1
character.left,1
service'w32time,1
anxml,1
GotoBrace,1
command.to,1
logic.powershellfunction,1
Insiders.b,1
on.get,1
smb,1
about_functions_advanced_parametersquality,1
FileWithin,1
Helmick,1
butnot,1
limit.When,1
file.control,1
AutoHotkey,1
smp,1
executionpowershell,1
containswhitespace,1
powershellhostversion,1
16622096,1
pool.serialization01,1
andmanagement,1
thesystem.management.automation.runspaces.runspacefactory.createrunspace,1
string.powershell.net,1
GlobalAssembly,1
thisconvention,1
parameters.insertdata,1
System.Here,1
errorshowever,1
executioncontext.sessionstate.languagemode,1
number.c,1
y.here,1
specificchange,1
member.powershellwhen,1
UbuntuVM1,1
thesystem.management.automation.provider.ipropertycmdletprovider.setpropertydynamicparameters,1
tests6,1
cmdletMetadata,1
ExamplesGet,1
dependenciesAnother,1
andexport,1
myhashtablesaving,1
markdownMarkdown,1
NetlogonStopped,1
arecontroll,1
2026the,1
TimeCommand,1
PropertyForSecondColumn,1
finallyblock.powershell,1
tres'ps,1
withvaluefrompipeline,1
wmiwin32_printer,1
secondunname,1
WikiRaspberry,1
StandardEventKeywords,1
TableControlCreating,1
red12345600,1
operatorspipeline,1
1..,1
1.3,1
1.4,1
parametersconfirm,1
ordersignificant.for,1
1.5,1
commands.creating,1
inhelpf1script,1
1.7,1
ireplacedash,1
1.9,1
passwordwithout,1
computer.xml,1
forversion,1
transaction.together,1
powershelldocumentation.action,1
listentry,1
open.powershell,1
state.when,1
PSDriveItem,1
ItemExistsprotected,1
isunique,1
7.4.5,1
politely,1
ModuleOnce,1
7.4.2,1
informationinformation,1
PST.The,1
7.4.4,1
definedus,1
added.powershellnotice,1
unfortunate,1
UnauthorizedAccessBefore,1
seepurposecolumncopy,1
keybindingswith,1
gridviewexport,1
examplepowershell,1
VerbsPowerShell,1
process.any,1
v6.0.0,1
errorserror,1
Restriction,1
press.the,1
forfilter,1
gmCommandType,1
valuezero,1
specifiedbase,1
methods.isinstance,1
109,1
tools3,1
easily.To,1
acomputer.powershellthe,1
OutputC,1
OutputA,1
LifecycleUnlock,1
examples.for,1
cmdlet.value,1
thanks@kborowinski,1
114,1
115,1
tableabout,1
37line,1
friend,1
PSSessionTo,1
9752,1
filelast,1
processing.if,1
SubKeyCount,1
10d,1
SynopsisHow,1
specified.overwriting,1
menujsonto,1
5.0write,1
AlsoDeclaring,1
ScriptsThis,1
horse,1
cmdlets.c,1
Newtonsoft.Json.Schema,1
127,1
AliasesSyntax,1
129,1
MethodInvocationException,1
notrelevant,1
indexofany,1
outputdir,1
managedlibrary,1
morecomplete,1
Tocreate,1
session.receive,1
primarygroupid,1
136,1
137,1
usability.powershell,1
method.powershelloutputyou,1
w32timepscomputername,1
sta...where,1
kindtypepurposethe,1
BlackHat,1
defaultrunspace,1
ENTER.Press,1
12l,1
exprinlinescript,1
140,1
141,1
openedehmiiz11crisman1deadlydog1jamesdbartlett31update,1
from'http,1
144,1
145,1
betterparameter,1
PowerShellProsConsPass,1
wmi4,1
sets.two,1
processing７,1
containinstance,1
Credentials,1
contentmany,1
smstsmgr,1
containother,1
findinstall,1
itemadd,1
directly.cspnamedata,1
scopevariable,1
OutputAnother,1
tablemembermemberkindtypepurposeattributesinstanceproperty,1
splattedhashtable.one,1
characters.stopprocesssample04,1
PowerShelldocumentation,1
powershellrelease,1
cleanup.psamsimethodinvocationlogging,1
164,1
correctlyhandle,1
system.management.automation.errorcategory,1
machine.jea,1
work.Start,1
powershell.sample,1
punctuatorsoperator,1
aspsobject,1
notequals.do,1
literalsee,1
input.handling,1
unreadable,1
0x287bf0,1
Microsoft.Samples.PowerShell.CommandsSee,1
PrincipalsAllowedToDelegateToAccountInvoke,1
process?the,1
171,1
element.None.None.ElementDescriptionTableControl,1
script.creating,1
syntaxLink,1
ServiceResume,1
missing,1
pipeline.however,1
system.runtimetype,1
stringselect,1
incontinuecconsole,1
DescriptionData,1
listcontrolcreat,1
list.you,1
ctrl+shift+d,1
184,1
arethemselve,1
singlequote,1
modelPowerShell,1
IsTrue,1
PowerShell.GuidelinesAzure,1
providercmdlet,1
used.powershelloutputuse,1
passing,1
cmdlet.If,1
object.WideEntries,1
secondargument.A,1
thisinstance.secondinstance,1
used.width,1
scripts.as,1
file.cutcuts,1
havingsome,1
193,1
ofnative,1
buttonfix,1
2021article,1
thatpage,1
beingreferenced.gets,1
EventSubscriberGet,1
SwitchParameterVerbose,1
1:3,1
1:5,1
1:6,1
sbconvert,1
followingmember,1
highernoteimport,1
LocationWe,1
ratherhave,1
youhelp,1
toSpecify,1
StepThis,1
together.now,1
Full.You,1
BatchCount,1
cmdlets.clear,1
editor.guidelinesfirst,1
whoseproperty,1
moduleImport,1
to.lengthinstanceproperty,1
cmdlet.moduleinstanceproperty,1
command.be,1
Microsoft.PowerShell.Commands.Internal.Format.FormatEndData,1
openedbl,1
thateach,1
Igor,1
typeelement,1
keygen.add,1
handle.we,1
count.powershellto,1
apassword,1
itemall,1
editorwindowLaunch,1
commandavailable,1
whenconfronted,1
accountconditional,1
Gallery.Use,1
definedby,1
telemetryby,1
contains.powershell,1
authorand,1
ItemPropertyReset,1
filei,1
agelist.count2ps,1
ugly,1
20:22:11,1
xmldocument.built,1
nuances.view,1
result.pattern,1
filea,1
usernameget,1
systemslanguage,1
18this,1
amsi,1
on.for,1
andARM32,1
Thehost,1
EventInstance,1
inVisual,1
complete.sleep,1
netmicrosoft,1
precedenceover,1
methodspowershell,1
ListIControlItemSelectionCondition,1
Remoting?PowerShell,1
mepowershell,1
andfunctionspowershell,1
obviousus,1
sdk.powershellnew,1
mode.To,1
directory.auto,1
304.32,1
refreshing,1
values.In,1
bodyfunction,1
kcbnht2due6wcggvj8hyfu1z2we4lifajxlo7qjy0y.are,1
includecmdlet,1
computersｃHOW,1
FollowRelLink,1
sdk.powershell,1
files.with,1
bytes.outputtypeinstanceproperty,1
to７,1
multi-devicemanagement,1
set.methods,1
iss.importpssnapin,1
wholefunction,1
steps.the,1
ConsiderationsJEA,1
copyitemprotect,1
tee,1
FAQ.If,1
theview.XMLWideItem,1
thislimitation.In,1
10RestrictedRegardless,1
outputdevice.wrapdata,1
configurationscriptblock,1
com.apple.quarantine,1
others.parameter,1
LifecycleDisable,1
KindTypePurposeParameterSetNameInstance,1
articlesThe,1
recommendationslimit,1
shellcommand,1
scratch,1
cmdlet７,1
tableElementDescriptionView,1
URLlink.If,1
continues.powershellbut,1
database.C,1
onlyafter,1
2025getprocesssample02,1
reordering,1
usecross,1
hang,1
available.using,1
fromsystem.management.automation.provider.drivecmdletprovider,1
application.host01,1
18595,1
usuallyunrelate,1
moresubsequent,1
multipletablerowentry,1
falsespecifies,1
upinput,1
array.powershellforeach,1
onhow,1
sc04,1
sc01,1
sc03,1
PSSessionConfigurationSet,1
sc02,1
inputthe,1
feature.updatable,1
tha,1
ContainsKey,1
ClearContentmethod,1
straight,1
Agreement,1
autodetect,1
exceptionsthrow,1
andextended,1
person.location.cityaustin,1
declaresupportsshouldprocess,1
status.invoke,1
taskswork,1
KindTypePurposeParameterSetsInstanceproperty,1
parameter.filterhashtable,1
remoting.on,1
connection.closing,1
HeroMicrosoft,1
followingWindows,1
foouser@ssh.contoso.com,1
AttacksLast,1
lockedfile,1
resolvedependency,1
apersistent,1
tid,1
06listing,1
elementsupdate,1
DirectorySeparatorChar,1
prescribedline,1
bothof,1
passwordne,1
theArgumentSet,1
corethe,1
yourshell,1
endpointsgroup,1
Experimental,1
02/12/2026,1
win32_bioslisting,1
pipeline.powershelltwothreeplus,1
frustrate,1
aside,1
RemovePropertyRemovePropertyDynamicParametersThis,1
defaultcolor,1
processesinternally,1
access.privilegedata,1
containingthe,1
successcommand,1
providea,1
WindowsPowerShell.In,1
file.expressionbinding,1
followingis,1
copy.person.name,1
prefixinformation,1
configuration.diffcompare,1
18559,1
contenthandling,1
Item.Registry,1
RequiredServicesStatus,1
user.we,1
thecommand.use,1
accessibilityThe,1
Foreach,1
thecollection.There,1
suitable,1
openedsethvs3uberkluger1migueldomingues1ﾉexpand,1
macosinstall,1
commonlyknown,1
tablemicrosoft.powershell.securityﾉexpand,1
matchcontinuepowershelloutputinstead,1
stringan,1
.8.5,1
throughMicrosoft,1
cmdlet2,1
Vehicles,1
and3,1
tmp,1
to2,1
.8.1,1
to3,1
2025changing,1
ProjectSecretManagement,1
currentcommand,1
Excel.HTML,1
orderconditional,1
thrownout,1
componentsof,1
hasa,1
98.3,1
bothlt,1
System.Management.Automation.Provider.DriveCmdletProvider.NewDrive,1
localgroupset,1
tenantid,1
0is,1
interface.this,1
customhost,1
semantics.some,1
omittingthe,1
Module.Make,1
site.this,1
0x757575,1
Ifmultiple,1
toreport.excludedata,1
view.GroupBy,1
itemhacktoberfest,1
hostthat,1
reclaim,1
PSRepository,1
anuget.config,1
2..,1
lineschange,1
2.2,1
psresourcerepositorysave,1
CommandFilter,1
set.to,1
connectingrun,1
moduleDocumentation,1
protocolsinitial,1
impersonatethe,1
ConsoleKey.RightArrow,1
7.5.6,1
classes.usually,1
7.5.3,1
one.PowerShellOutputIf,1
tab.for,1
BreakpointTo,1
clipboard.the,1
replacedthreadjob,1
DevelopmentGuidelinesThis,1
scenario1.ps1start,1
RunningWindows,1
203,1
volume.If,1
204,1
operationcontinues.non,1
2026window,1
betweencreationtime,1
table.similar,1
authorreview,1
usefulllanguagemodeindebugger.last,1
teamwait,1
MonadManifesto,1
syntax.input,1
AlsoExtending,1
remotingsessionThere,1
parameterinput,1
error.blocking,1
scripts.try,1
kicksin,1
rethrow,1
msiexec.The,1
noteshouldprocess,1
probe,1
<commandtypes>,1
product.the,1
notewmf,1
unfamiliar,1
PreviewCmdlet,1
tipoptional,1
caught,1
193.92,1
pwshthe,1
AlsoWideItem,1
<Label>,1
231,1
system.diagnostics.process.id,1
Objects.Configuration,1
powershelllisting,1
CommonRegister,1
90.79,1
readingout,1
Bothterms,1
aliasesParameter,1
server02powershellnow,1
book.ﾉexpand,1
representedby,1
ownsubdirectory,1
ReturnType,1
DriveType,1
Variablecmdlet,1
OnePS,1
0x3e7,1
testmodule.psm1,1
250,1
whyyou,1
257,1
expressionsabout_case,1
editing.adding,1
259,1
affectthe,1
switch.beginning,1
onlyjoin,1
stillsee,1
aboutattribute,1
objects.entryselectedby,1
scenariosget,1
whobelong,1
win32_gamemoderelatedprocesses,1
exception.otherwise,1
there.This,1
identifier.use,1
parameterparameter,1
Describethe,1
README,1
JEAthe,1
purple,1
select'powershell,1
KindTypePurposeDrivesInstance,1
5offsetinline,1
examples.to,1
pathsave,1
272,1
participant,1
netsh,1
removedus,1
AlsoListItem,1
redirectstandardoutput,1
ThePowerShell,1
vxsdm.log...get,1
spaceget,1
windows1252,1
anyconfigured,1
expressionarray,1
CloudPowerShell,1
PSScriptProperty,1
ultimate,1
orpowershellstandard.library.circumstances,1
specialcomment,1
ImprovementsTab,1
firstlinehange,1
whentroubleshooting,1
ProcessInvoke,1
287,1
displaysinformation,1
dscmanaging,1
multi-tenantenvironment,1
added.none.elementdescriptiontypename,1
Aliasespermit,1
itactually,1
house,1
wasn'tspecify,1
WebServiceProxyRegister,1
environmentat,1
cannarrow,1
followingcmdlet,1
powershell.microsoft,1
properlyadd,1
commands.name,1
WindowsRunning,1
#positional,1
squashed,1
itemsmove,1
started.updated,1
0x4,1
Methods.PowerShell,1
extension.you,1
thatfail,1
181.58,1
headless,1
eitherthrough,1
alias.although,1
helparticles.Get,1
GitHub.If,1
szarrayenumerator,1
requirea,1
required,1
thatbelong,1
unregister.request,1
System.Management.Automation.Provider.ContainerCmdletProvider,1
netwe,1
h2.firstname,1
alerts.The,1
AlsoDefaultSettings,1
TheCodeProperty,1
processed.essentially,1
onhis,1
repositorysudo,1
18536,1
Operations,1
PowerShell?How,1
extendedmethod,1
permissions.determine,1
happen.powershellvalue,1
ways.the,1
Dealingwith,1
modulesabout_psmodulepathwriting,1
methodPS,1
morevulnerable,1
isneeded.last,1
lifecycletelemetrymicrosoft,1
set.an,1
18546,1
PowerShellEnter,1
set.at,1
GuidNew,1
withoutdisrupt,1
about_variables,1
psnotsupportedexception,1
choosethe,1
stackin,1
bolduse,1
ContentsGitHub,1
considered.i,1
whenrun,1
issuesmvadu,1
ControlPanelItemGet,1
process.iis,1
setsIn,1
initiallytype,1
mannert,1
https://learn.microsoft.com/en-us,1
eqequal,1
isespecially,1
ExtensionThere,1
VerbDefining,1
attributes.mandatory,1
FirstNameKevinPS,1
LifecycleConnect,1
markfile,1
boundary.powershellthank,1
servername,1
returned.powershellputting,1
specified.None.ElementDescriptionWideEntry,1
detailsNow,1
returnsnothing,1
looksimilar,1
contenteverythe,1
compiledin,1
Linuxsystems,1
PSMAML,1
profileyou,1
sessionupdate,1
values.these,1
forwardwordus,1
thetroubleshoot,1
7.111-nov-202008-may-2022.net,1
objectswhose,1
array.powershellinitialize,1
things.PowerShellEven,1
samplesaccessdbprovidersample01,1
Schemas,1
markeda,1
variablesclear,1
notindetermine,1
effectiveright,1
SDKs,1
decimal.otherwise,1
thatimprove,1
theLanguagePrimitives.ConvertTo,1
topwsh,1
7:22:19,1
SinceName,1
codePSSerializeJSONLongEnumAsNumber,1
AlsoListEntries,1
YVERBOSE,1
microsoft.win32.registryvaluekind,1
format.VS,1
colleague,1
dllthere,1
featuresimproved,1
Modulesother,1
unexpectedly.powershellthis,1
finda,1
VariableOut,1
documentationOverviewRules,1
requiredif,1
setvalueexception,1
false.if,1
newhen,1
changerequire,1
theenumerator,1
false.in,1
WrapCreating,1
webeditor,1
8.0.0,1
ameaningful,1
System.Management.Automation.ActionPreference.This,1
thatprovide,1
intoyour,1
guide.publishing,1
sd04,1
sd03,1
sd05,1
sd02,1
sd01,1
thenet461,1
107.62,1
scenarios.the,1
specified.intervaldata,1
55692,1
object.powershell,1
session.powershelloutputfor,1
runspace10b,1
improvementssee,1
truewhen,1
tablepackagemanagementcmdlet,1
cmdlet.helpfileinstanceproperty,1
anunhandle,1
setsunique,1
branchsquash,1
Ifone,1
outputSuccess,1
2Understanding,1
somethingif,1
powershell.exo,1
file.script,1
psreadlineoptionﾉexpand,1
higherPowerShell,1
thisaccount,1
nohash,1
encoding.you,1
tocopy,1
statements.we,1
displaydifferent,1
sbom,1
node.the,1
psreadlineus,1
functionsclean,1
rigid,1
bothfabrikam.psd1,1
CrescendoTransforming,1
staff,1
declaringparameter,1
versions.If,1
august24,1
thatreside,1
ConfigurationControl,1
message.this,1
Youfirst,1
module.If,1
18691,1
avoidmake,1
setsto,1
SyntaxNew,1
somethingfrom,1
object.psmethod.invoke,1
settingsget,1
callssystem.management.automation.cmdlet.writeverbose.message,1
<ProviderConfigurationEntry>,1
definition.elementdescriptioncustomentries,1
JanuaryGitHub,1
KeyChar,1
powershellaz.accounts,1
classmember,1
16046,1
modulesNew,1
measure.totalmillisecondsunwrapped,1
modules09,1
inconsistently,1
graph,1
misleading,1
Attributesnot,1
PowerShellregardless,1
PowerShellforeach,1
SelectionMode,1
modules.i,1
requiredby,1
it.For,1
private.removing,1
overwhelmed,1
byeach,1
propertydevicepathmediapathunexpandedprogramfilesdircommonfilesdirproductidget,1
anavigationlink,1
Stopped.System.Management.Automation.JobStateInfo,1
theWideItem,1
.9.1,1
dynamically.fundamentally,1
Processcmdlet,1
18682,1
psstyle.formatting.tableheader,1
CommonFilesDir,1
isworse,1
thisarticle.powershellwriting,1
EventNo,1
bf6execute,1
displayed.autosize,1
NormalizePath,1
CimClassNameCimClassName,1
6.1convertfrom,1
definesexplicit,1
side.running,1
use.sizedata,1
usetransaction,1
sampledefine,1
directory.powershellto,1
object.View,1
theSystem.Management.Automation.PowerShell.EndInvoke,1
therandom,1
JobMicrosoft.PowerShell.DiagnosticsExport,1
devicepathproperty.mediapathunexpanded,1
4second,1
formatstr,1
<!--add note information here-->,1
thrown.any,1
inbacktick,1
cmdletthis,1
an?l?g,1
winword791,1
CachesDelete,1
3.6,1
3.8,1
islogical,1
exactname,1
sensitive.If,1
view.ﾉexpand,1
browser_download_url,1
windowsinvoke,1
AlsoDefining,1
get'get,1
7.6.4,1
extension.parameters,1
7.6.5,1
quotes.when,1
installthe,1
typelist,1
6.2exit,1
jeadefaultcmdlets,1
array.clean,1
ImportantAfter,1
user.In,1
302,1
Pacific,1
multiplescript,1
303,1
304,1
308,1
jobtriggernew,1
comparable,1
metadataabout,1
interactivesession,1
tointerpret,1
specialprocess,1
consolekey.leftwindows,1
#VBAll,1
overvconsole,1
parameter.powershelluse,1
filetab,1
whichWindows,1
ust,1
negotiation,1
objectselect,1
Tick,1
CorporationProductVersion,1
command.Run,1
waste,1
filetar,1
vbscript,1
thatmatch,1
computer.a,1
onlyconvertfrom,1
schedulemonday,1
scenario1.logthe,1
nonenumber,1
switch.The,1
pluszoom,1
releasesrefactor,1
packagedepend,1
Configure,1
132.72,1
twmachine,1
credentials.credentials,1
ManifestoNext,1
platformAzureWindowsExchangeSQLThird,1
youunload,1
beredirect,1
pathstart,1
1of,1
County,1
https://github.com/powershell/powershell/releases/download/v7.6.2/powershell-7.6.2-linux-x64.tar.gz#,1
ps.addargument,1
resolvealcmodule.engine.dll,1
335,1
columns.the,1
manif,1
values.remember,1
ise.select,1
acomponent,1
thoughtschoose,1
32m,1
executingTo,1
tosystem.management.automation.sessionstateentryvisibility,1
conform,1
them.arrays,1
ascriptdisplay,1
communitymicrosoft,1
keyswork,1
shallowcopy.powershellthis,1
curl,1
culturechangesIn,1
stack.to,1
stringis,1
webrequestjoin,1
33m,1
row.tablecontrol,1
0xf00syntax,1
354,1
betternarration,1
356,1
総計,1
credentialobject.the,1
repogithub,1
Folders.For,1
abreak,1
historyandpluginif,1
rkeyboard,1
Thedesktop,1
itsoperation,1
service.bashsudo,1
objectsremove,1
non-static,1
progresswrite,1
availablewhen,1
TrueCmdlet,1
mscompile,1
string.outputs,1
Inventory,1
framework.to,1
PowerShellremoting,1
documents.review,1
deeper.inside,1
schemeThere,1
lone,1
thesystem.management.automation.runspaces.cmdletconfigurationentry,1
35m,1
1cf0,1
372,1
importeda,1
forTableColumnHeader,1
abreakpoint,1
CodeThis,1
Cmdletsthat,1
it.Get,1
identifiable,1
user.Be,1
examples.To,1
postsYou,1
fileone.txtmoving,1
DriverHdAudAddService,1
castoperator,1
36m,1
wqlmodifying,1
DataLock,1
parallelimproved,1
theimage,1
measurethe,1
change.however,1
PowerShellCoreExecutionPolicy.admxSeparate,1
languagesindent,1
UninstallHKEY_CURRENT_USER,1
learnthe,1
displayed.progress,1
set.while,1
blockparallel,1
array.reverse,1
techniquemay,1
uiif,1
NoneWordDelimiters,1
thatshow,1
RoleDefinitionsproperty,1
sccm,1
keyHKEY_LOCAL_MACHINE,1
PowerShellOutputList,1
AlsoStandard,1
theSystem.Management.Automation.Provider.ContainerCmdletProvider.CopyItem,1
registryset,1
https://github.com/powershell/powershell/releases/download/v7.6.2/powershell-7.6.2-osx-arm64.tar.gz#,1
contenttroubleshoot,1
itpropose,1
stringdo,1
CommunicationsReceive,1
psreadlinethe,1
powershellapi,1
ContentGet,1
1test,1
tablePowerShell,1
moduleunderstand,1
writtencharacter,1
parameter.When,1
keycombination,1
thearray.powershellpowershell,1
10showtooltip,1
compiled.net,1
AlsoExpressionBinding,1
plusinformation,1
mergedaandb,1
GetChildNames,1
encryption.ntlm,1
02lax,1
users'computer,1
else?LinksLast,1
continuepowershellget,1
AlsoStopProcessSample04,1
AlsoStopProcessSample02,1
LanguagePrimitives,1
updateshacktoberf,1
landing,1
ignoredas,1
helphelp,1
veryhelpful,1
output.powershellhowever,1
nconfirmare,1
TabsScript,1
logicthat,1
developmentenvironment,1
specialcharacter,1
primaryfunction,1
approaches.powershellthe,1
18653,1
-4682-bd53-ccce1e24aecbcomputername,1
2test1,1
compatibility.powershell,1
toolbar.paste,1
filter.powershellthis,1
registrylocationsThe,1
-9223372036854775808,1
pscustomobject.length1,1
PSRemotingcmdlet.PowerShellOutputIf,1
likelythat,1
val,1
callto,1
lifecycledocumentation.this,1
article.system.management.automationand,1
argument.powershelladd,1
profile.powershellthe,1
WindowsAddToHistoryHandler,1
standarddeviation,1
website.Run,1
forlistentryspecify,1
dmatch,1
mathematicalcomputation,1
table.the,1
showyou,1
PowerShellpwshManually,1
conditionwithin,1
isdisplayed.configuration,1
setsit,1
VistaOut,1
string.for,1
out.debuggingtaskdescriptionhow,1
runspacesif,1
sequence.powershellfor,1
checklike,1
methodinvocation,1
getprocesscommand.support,1
information.getting,1
dynamicparameters.c,1
asecurestring,1
functions.write,1
thethrow,1
functionality.system.management.automation.cmdlet.endprocessing,1
10.0.22621,1
referencedocumentation,1
f0.zip,1
callingsystem.management.automation.pscommand.addparameter,1
contenttotally,1
Wscript.Echo,1
delineation,1
assembly.the,1
107.13,1
2026overview,1
orinput,1
version.For,1
getprocesssample05folder,1
mistakesmake,1
Testing,1
isbest,1
documentationtype,1
vet,1
groupsare,1
SENS,1
Microsoft.PowerShell.UtilityMicrosoft.WsMan.ManagementWindows,1
syntaxensure,1
PowerShellOutputCopy,1
methodsused,1
writeunnecessary,1
theSystem.Management.Automation.VerbsCommon,1
an.externalhelp,1
InformationWhat,1
usersneed,1
SplattingParameters,1
withassociate,1
writeone,1
specified.syntax,1
Member.There,1
seeget,1
method.A,1
andmaximum,1
session.invoking,1
vhd,1
object.powershellnow,1
stack.it,1
PowerShellOutputLanguage,1
Controlsof,1
16197,1
sufficiently,1
system.array.type,1
ob.name,1
16193,1
beenupgrade,1
withConvertFrom,1
besingular,1
samecommand,1
onlyunprotect,1
testcmdlethelp.dll-help.xml,1
elements.the,1
Displayed.Child,1
ListControlListItems,1
null.while,1
aredisplayed.wrap,1
scriptlast,1
2do,1
2f1,1
ScriptInvoke,1
2f3,1
allavailable,1
AliasesParameter,1
powershelldatafileclose,1
completionssupport,1
individually.PowerShellIf,1
typeaccelerator.powershelloutputpowershell,1
constrainedrunspace.requirementsdemonstratesexamplethis,1
accessnew,1
stringname,1
Theplatform,1
FileGet,1
andthis,1
filenameinclude,1
LocationYou,1
andforeach,1
available.the,1
80742787,1
updateswhat,1
typeskerberosntlm,1
samaccountname,1
sessionsupdate,1
modulesIn,1
2020.3.0,1
x.m,1
started.lots,1
first.suppressing,1
x08,1
sectioninto,1
cmdlets.with,1
statehhosthost,1
you!makovec,1
ComputerRestart,1
16165,1
GuidelinesDerive,1
x0d,1
unusab,1
outermost,1
16134,1
VBNotice,1
collection.powershellthe,1
process.for,1
1snickler1vinian1zeekbrown1brianary2mklement02plastikfan2Top,1
finely,1
2if,1
element.none.elementdescriptioncontrols,1
dc01many,1
executables.the,1
17018add,1
andthey,1
filesin,1
about_pssessions,1
users/username/src/powershell/src/powershell-win-core/bin/debug/net6.0/win7-x64/publish/pwsh.exe,1
both.customcontrolname,1
containfunction,1
colorof,1
directories.powershelleach,1
BeginProcessingClass,1
RobbinsUserPrincipalName,1
myfeedbackprovideroutputthe,1
tx'checking,1
things.powershell,1
ostype,1
performs.how,1
ViewFirstLineIndent,1
type.you,1
characters.powershell,1
bothpowershell,1
4.2,1
4.3,1
KindTypePurposePasswordInstance,1
loaded.wldp_can_execute_require_sandbox,1
4.8,1
ParameterSetNamein,1
name.c,1
ishttp,1
PowerShellpipeline,1
systems.powershell,1
matching.c,1
yourcontribution,1
forTableRowEntry.For,1
thearguments.For,1
applications.referencing,1
7.7.4,1
7.7.5,1
ReadOnlyPSMemberInfoCollection,1
CmdletParameters.WildcardOptions,1
core.if,1
unit.syntax,1
boxes.next,1
codepaths?In,1
ComputerMachinePasswordWindows,1
andoperation,1
AlsoTableHeaders,1
operation.This,1
samplesremoting,1
core.in,1
available.PowerShellOutputIn,1
RejectDeploy,1
409,1
4.x,1
contentabout_error_handlingspecial,1
inthread,1
elementsｃHOW,1
daysarea,1
StringSelect,1
ArgumentLength,1
methodfor,1
5.0７,1
objects.filesystem.format.ps1xml,1
scenario4.ps1start,1
returnfor,1
microsoft.powershell.managementcommands,1
drivestype,1
bedangerous,1
everytime,1
Makesure,1
parameter.providercmdlet,1
thanks@johnlbevan,1
installationdirectory,1
Invokereturns,1
context.configuration,1
9:43,1
withinparenthese,1
tablecontrol,1
can.if,1
features.PSES,1
outputfor,1
ubiinformation,1
forolder,1
psmemberset.tostring,1
domain.the,1
platformspolicyfind,1
indicateprocess,1
viewprovide,1
clientsMSI,1
PipelineInputOne,1
helpfileabout_pipelines,1
twoperspective,1
42d,1
mode.app,1
sensitive.if,1
types.here,1
440,1
operation.beginning,1
allowtarget,1
tableall,1
serviceget,1
2ps,1
reg_sz,1
referencejust,1
mimickingwhat,1
system.management.automation.powershell.endinvoke,1
input.if,1
450,1
Thesuggestion,1
noobject,1
Syntaxrange,1
Record,1
transcriptionps,1
instructionsMajor,1
folderswork,1
commentstart,1
greatlyimprove,1
control.copy,1
members.psnativecommandargumentpassing,1
onanother,1
NoteVirtual,1
12filtering,1
objects.event01,1
f1displaysthe,1
UpdateOn,1
2025scriptblock,1
tableview.configuration,1
<!--add parameter information here-->,1
month.copy,1
app6,1
-23-3456warning,1
StringChar,1
ComputerRestorePointWindows,1
system.environment.at,1
monitoring,1
CliXmlAdded,1
Nieto124kevinCefaluKevin,1
VisibleAliases,1
theMaxRange,1
alsosystem.management.automation.validatescriptattributewriting,1
attribute.although,1
wmiabout_wmi_cmdletsabout_wqlcimcmdlets,1
StandardEventLevel,1
newpssessionconfigurationfilesplat,1
itself.Import,1
madden1paaspaas001ninmonkey11o,1
movingthe,1
helpfileabout_preference_variables,1
2025more,1
5.00,1
MaxEvents,1
FAQmacOSAlpine,1
nameseparate,1
47m,1
NoElement,1
contentadd,1
492,1
window.powershellthe,1
anotherencoding,1
BrowserRunning,1
497,1
inturn,1
#aliasnames,1
pipeline.powershellin,1
NewDriveNewDriveDynamicParametersThis,1
software.because,1
condition.elementdescriptionexpressionbinding,1
name.PowerShellOutputPowerShellOutput７,1
filesus,1
PROFILE.AllUsersAllHosts,1
myModulePowerShellYou,1
2x2,1
yoursystem.cmdlets,1
jobs.the,1
diagnosticsthe,1
notlogical,1
calculatorapp,1
featuresmake,1
onlyexception,1
Tochange,1
thetext,1
System.Management.Automation.Provider.NavigationCmdletProvider,1
whatobject,1
aregenerally,1
NamePurposeRegexString,1
tablecharactername,1
InFile,1
calledparse,1
Gallery.Cmdlet,1
itscore,1
aredetermine,1
higher.powershelloutputthe,1
withwrite.acquire,1
expressionb,1
2025view,1
Microsoft.PowerShell.Commands.Internal.Format.GroupStartDataName,1
bookWhen,1
PrimaryGrou,1
objectabout_foreach1245,1
fieldt,1
andmuch,1
notpresent,1
helpcontenturi,1
serializesthe,1
R2Reduced,1
andsub,1
module.PowerShellOutputIf,1
impose,1
5.55,1
fahrenheittocentigradeexport,1
directories.hiddenenumerationconstantthe,1
ifboth,1
owntype,1
greet,1
CodeWhile,1
alsocolumnnumber,1
tabexpansion2,1
winmgmt,1
scope.you,1
Usethis,1
modulesalmost,1
howwe,1
dismget,1
IsPrimitive,1
definition.each,1
case.PowerShellLee,1
options.powershell,1
ProcessWrite,1
branch.changes,1
set.list,1
mistakenlybelieve,1
16113,1
assemblies.NET,1
difficultto,1
LoadFromAssemblyPath,1
input.to,1
ClassesExamplesSee,1
#requirementsdemonstratesexampleusing,1
TemporaryFileNew,1
<version>,1
dscconfigurationremove,1
supportcompliant,1
them.first,1
setsmember,1
VersionString,1
sessionscustom,1
enumerationreturn,1
localgroupremove,1
parametertypeparameter,1
immediatelyobvious,1
#last,1
simulated,1
namespecify,1
class.Parameter,1
necessaryEnter,1
itemsfor,1
isproduced.examples,1
console.show,1
inremote,1
values.for,1
classbase,1
aHyper,1
denial,1
yml.github,1
samplescode,1
differentparameters.for,1
568 14 2164 4972,1
ManifestIndicating,1
keycertissuernamedata,1
feedb,1
declaresparameter,1
SystemAMSI,1
5.83,1
enclosingiteration,1
system.Users,1
runtimeenvironment,1
<firstname>,1
HostA,1
sets.when,1
withdcom.powershelloutputone,1
linktextelement,1
18755,1
Help.Notice,1
HostRegister,1
powershelloptionally,1
18758,1
18763,1
dscconfigurationdocumentrestore,1
certificatepath,1
#full_name,1
anglesinhstatic,1
AlsoNaming,1
VerifyDeny,1
canbypass,1
differencesbetween,1
valueswhose,1
mightoverride,1
topof,1
module.In,1
eventfor,1
16108,1
theseevent,1
updates.the,1
18731,1
TableLast,1
7History,1
4ae9fd46,1
they'recreate,1
Member.In,1
basedprerequisites７,1
characters.get,1
withHide.Display,1
Application.To,1
fileson,1
18735,1
2025fontcache,1
2trueps,1
onlylooks,1
openedehmiiz55bubbletroubles1jamesdbartlett31not,1
<add key="nuget.org" value="https://api.nuget.org/v3/index.json" />,1
calendar.split,1
https://go.microsoft.com/fwlink/?linkid=855962,1
18748,1
aninputobject,1
InDismount,1
module.examples,1
defaultwould,1
18746,1
page.for,1
remoting.In,1
updatesrewrote,1
methodget,1
alsoconfigure,1
2026optimizing,1
displayingone,1
aremeasured.countinstance,1
matchingbracectrl,1
stack.It,1
severalmethod,1
above.filesystem,1
18717,1
membersadapt,1
PowerShell.Start,1
12:00:00,1
expressionaccording,1
Propertiesproperties,1
LifecycleRemove,1
psdrivename,1
<param name="scriptcomment">,1
control.customcontrol,1
null.otherwise,1
issue.stringbuilder,1
e23tb,1
ofoutput,1
18726,1
CimIndicationEvent,1
sql02'if,1
reduction,1
<command:parameter required="true" globbing="true" pipelineinput="true (bypropertyname)">,1
adgroupmember,1
changing.The,1
sets.a,1
cmdlets.windows,1
powershell'the,1
isloaded.In,1
reasonwhere,1
cmdlet.PowerShellPowerShell,1
infinitytype,1
synchronously.runspace09,1
<see cref="feedbacktrigger.commandnotfound"/>,1
#RegexString,1
defined.moduleinstanceproperty,1
tablethere,1
stores.dotnettypes.format.ps1xml,1
actuallybe,1
theHelp,1
finder,1
driver...get,1
redesign,1
about_signing,1
followingelement,1
automatically.this,1
value.examples,1
allterm,1
solution.the,1
prove,1
PiRaspberry,1
resultantassembly,1
intellisensepsreadline,1
HasShutdownStart,1
identifier.c,1
arg1arg,1
set.In,1
sudden,1
length.The,1
PowerShellMicrosoft.PowerShell.CoreAdd,1
attack.you,1
decryption,1
encoding.note,1
onlywindow,1
you.PowerShellOutputhelp,1
changeschange,1
box.On,1
interface.the,1
DataAddedEventArgs,1
PowerShellDeploy,1
topic.Examples,1
orig.person.namecopy,1
delimiter.singlelinethis,1
states.undo,1
PowerShell.While,1
PSObjectTypeDescriptor,1
truepowershellthis,1
PSCoreRelease,1
findit,1
affirm,1
ComputerRemove,1
article.there,1
startto,1
thatdeclare,1
methoddo,1
FileCatalogTest,1
wql７,1
specified.widthdata,1
arrayanything,1
versionsone,1
agelist.alex,1
acover,1
anotherrename,1
theListItem,1
typing.To,1
likeNew,1
AcosStatic,1
tochoose,1
documentit,1
typicallyus,1
namePS,1
marker.to,1
GitHub.We,1
propertyindicate,1
KindTypePurposePSSnapInInstanceproperty,1
509,1
5.x,1
pssessionconfigurationfileadd,1
ofcritical,1
Kerberosscenarios,1
Thefeatures,1
stillrequire,1
output.since,1
objectbase,1
WhatsNewFixed,1
diving,1
snapcraft,1
outputstream,1
PrerequisitesArticle,1
application.backspace,1
modulesee,1
outconvertto,1
GuidanceDebugging,1
article.conceptual,1
condition.elementdescriptionlistitem,1
zippublisher,1
CompatiblePSEdition,1
platforms.for,1
BodyThe,1
beta24,1
bevett,1
typesystem.management.automation.pathinfo,1
reader.endofstream,1
a-z0-9,1
parameters.these,1
alteration,1
inwrite,1
developer.for,1
file.To,1
multilineso,1
dlocal,1
ElementsAttributesElementDescriptionExpressionBinding,1
profileinvoke,1
FileHow,1
setsxmlabout,1
thepowershellget,1
MarkdownOptionAdded,1
versionsInstall,1
expressionfile,1
functionalities.for,1
Diagram,1
540,1
3ps,1
work.Installation,1
subexpressionoperator,1
bediscovery,1
github.com/powershell/powershell/releases/download/v7.6.2/powershell-7.6.2-1.rh.x86_64.rpmpowershell,1
powershell.experimental,1
defined.getnewclosureinstancemethodscriptblock,1
limitationschange,1
win32_operatingsystemname,1
Get...Set,1
actedupon,1
name.getprocesssample04,1
555,1
ContentAdded,1
justat,1
modulesif,1
wsmanconnection,1
window.runspace02,1
onlysolution,1
begininvoke,1
ofsupportincludedwindow,1
environment.an,1
script.scriptcontentsinstanceproperty,1
toamsi.powershell,1
560,1
configurationscmdlet,1
warningsoutputthis,1
intlist,1
describedin,1
stablerelease,1
pagesa,1
FeaturesPSLoadAssemblyFromNativeCode,1
ItemsleepStart,1
madden2shyguycreate1ryanperrymba1jp2images1mklement02update,1
functionsdocument,1
cloned.we,1
Bossman127ThomasNietoThomas,1
commandremove,1
green'true,1
them.It,1
theimage.Alternate,1
moduleswindow,1
IsGreek,1
GitHubreleases,1
servicemandatory,1
them.In,1
astimprove,1
CABfile,1
configurationsget,1
hotfix?view,1
markekraus,1
OpenedApple,1
thesystem.management.automation.provider.navigationcmdletprovider.moveitemdynamicparameters,1
eachenumeration,1
loaded.powershell,1
moreprecise,1
dependingon,1
engines.For,1
membersets,1
nodewithin,1
arguments.powershelloutputnow,1
runtime.psansirenderingfileinfo,1
them.By,1
sentences.use,1
nounget,1
defineaction,1
@sharedParams,1
2024this,1
GetLengthInstanceMethod,1
Lifecycle.The,1
proga,1
inevitable,1
computers.last,1
Low.You,1
parameterargument.writing,1
CommandInfo,1
full_name,1
array.powershell７,1
18829,1
CredSSP.For,1
theMSIX,1
Redo,1
objects.ﾉexpand,1
ninvoke,1
certificateyou,1
commentary,1
characterﾉExpand,1
youprovide,1
seed,1
pipelinedescription,1
IncludedWindows,1
can'tedit,1
implicitlytry,1
asystem.componentmodel.typeconverterattribute,1
Rege,1
MicrosoftSurface,1
to.the,1
sets.In,1
ModuleMembercmdlet.You,1
Methodsprotected,1
don'taccidentally,1
transcripts.Set,1
tokenlist,1
Append,1
NotesLast,1
HelpInfoUrikey,1
class.override,1
topic.users,1
oldBg,1
msixbundlelat,1
commandinteractive,1
PassThru.The,1
MultilineThis,1
similarguidelines.by,1
nextstatement.press,1
oruse,1
SSHJust,1
transactions.cmdlets,1
maywant,1
kbarticle,1
manypreexisting,1
alinux,1
manner.the,1
duringit,1
0000ps,1
solutions.a,1
Regx,1
asystem.management.automation.runtimeexception,1
note.differences,1
microsoft.powershell.sdk,1
Laveur1StephenRoille1Top,1
Nameelement,1
2019with,1
window.this,1
formattinggithub,1
opendocument,1
killapplication,1
non-windowsplatforms,1
-7.4.16-osx-arm64,1
withReceive.Put,1
to.nameinstance,1
subdivision,1
signuse,1
them.An,1
job.start,1
considerationsadd,1
andtwo,1
alpinedebianrhelslesubuntuto,1
7.8.3,1
7.8.4,1
ShoudProcess,1
TickTockTickTockWhen,1
ordirectly,1
Thisdefault,1
system.diagnostics.process.processnameproperty,1
bar.to,1
followthis,1
scripting.a,1
functionalityto,1
displayed.open,1
withJoin.SeparateStep,1
FilesnoneNo,1
18894,1
manyutility,1
PSSessionConfigurationRegister,1
pwshurl,1
nwill,1
necessaryremove,1
systemsRaspberry,1
typeargument,1
alsoinvestigate,1
shows.outputupdate,1
deeply,1
ofinterest,1
Cre...Get,1
</disabledpackagesources>,1
about_Objectsabout_Propertiesabout_MethodsGet,1
indentthe,1
crlchecking,1
conclude,1
whiledebuggingTo,1
method.run,1
<dataaddedeventargs>,1
dowith,1
moreobscure,1
identifier.pathdata,1
condition.writing,1
string.i,1
CouldNotStopService,1
</script>,1
key.the,1
class.system.management.automation.validatecountattributehow,1
System.Management.Automation.PSEventJob,1
nstopp,1
CommonSkip,1
11.0.2,1
redirectthem,1
myobject.name,1
locationsA,1
hostapplication.runspace01,1
andtry,1
parameter.typically,1
tokencolor,1
PowerShellpaths,1
issue.The,1
trainingin,1
benamespace,1
startof,1
Thiscan,1
<command:parameter required="false" globbing="false" pipelineinput="false" position="named">,1
shell?many,1
labeling,1
andthat,1
ofpowershell.for,1
11:23:57,1
datetimeformat,1
11:23:58,1
yet.To,1
CommandTypeInstanceproperty,1
resources.combine,1
gpscommand.endinvoke,1
LocalizationThis,1
prop5,1
prop4,1
prop3,1
prop2,1
prop1,1
configurationsfor,1
string'Hello,1
eachexecution,1
ended,1
architectural,1
cmdlet.Import,1
parameter.arguments,1
typicallyoccur,1
systems.ecma,1
havejust,1
SetThis,1
Leanpub,1
content.Review,1
credentialsYou,1
userset,1
thrown.If,1
xif,1
ConfigurationRunning,1
notattempt,1
BadLogonCount,1
xin,1
listedin,1
largeamount,1
CustomCustomControl,1
locationof,1
roleand,1
istypically,1
theoutput.powershell,1
warningwhen,1
Repo,1
PublicationServiceType,1
alternatesession,1
CrescendoChoose,1
SSHConnectionInfo,1
ofregular,1
cre...out,1
TipsIf,1
file.if,1
5enable,1
environmentwhile,1
hero,1
user.OutputTo,1
beforesubmitt,1
closingvisualize,1
xmladd,1
viaother,1
platforms.there,1
pagePowerShell,1
18837,1
VersionEnd,1
withUnprotect.Encrypt,1
openedaspenforester1codaamok1dianakuzmenko1mikeybronowski1poshdude1robcmo1sertdfyguhi1stampycode1new,1
orSystem.Management.Automation.CustomPSSnapIn,1
GenerateFullPaths,1
18842,1
false.for,1
constrainedtab,1
TopicsLast,1
GetPropertyDynamicParameters,1
calledpspossibleincorrectcomparisonwithnull.powershellbecause,1
theresource.lognamedata,1
winvm1,1
statusadd,1
platforms.these,1
theListItems,1
18849,1
Updatefor,1
helpfileabout_objects,1
preventsrunn,1
PositiveInfinity,1
folderinclude,1
name.powershellhaving,1
<singularnoun>,1
itassume,1
class.If,1
pbpetabyte,1
statementfunction,1
psinvalidcastexception,1
people.kevin,1
available.this,1
ProcessRecordCALLING,1
WinHttpAutoProxyS,1
PSParallelPipeline,1
filesagainst,1
parameter.system,1
theinternal,1
clipboard.PastePastes,1
lineeditorial,1
Module_Name,1
ConsoleHKEY_CURRENT_USER,1
0ServerName,1
PowerShellDiscover,1
function.most,1
PowerShellStore,1
Windows７,1
26uppercase,1
iexplorethe,1
PowerShellOutputCmdlet,1
6.3,1
scriptavailable,1
about_automatic_variables,1
6.6,1
pagescommunity,1
propertiesus,1
AuditSuccess,1
386.08,1
2012reference,1
ModuleManifest.Here,1
SecurityPublish,1
TotalPhysicalMemory,1
it.Add,1
do.PowerShellWe,1
HelpFileabout_Session_Configuration_Files,1
indexes７,1
2025validateset,1
editor.rendercontrolcharacters,1
finds.pressing,1
openedsethvs4beedellrokejulianlockhart1chemerevsky1claudioessilva1davidhaymond1davidmetcalfe1dharmatech1kozhemyak1mcawai1naridal1nicicalu1sdarwin1seansaleh1new,1
Stati,1
arg1,1
5:10:16,1
insideexpandable,1
linkstoarray,1
HTMLThe,1
thepsstandardmember,1
theinternet,1
start.month,1
berepeat,1
memberoutput,1
etype,1
618,1
propertieswe,1
orwide,1
nolimit,1
-80000-00000-aa175,1
table.text,1
seeabout_redirection,1
modules.supporting,1
VerbNounCommand,1
paramstatement,1
TypeColor,1
initializerspowershellwhen,1
<param name="entries">,1
methodcreate,1
evaluated.powershell,1
namei,1
parametersremarkssystem.management.automation.validatepatternattributewriting,1
xangle,1
namea,1
included.the,1
ExtraPromptLineCount,1
environment.AppLocker,1
6.113-sep-201828-sep-2019.net,1
632,1
anunlabele,1
processes.selectobject,1
635,1
x509certificate2,1
tothrow,1
639,1
entry.powershelloutputto,1
MayTop,1
ansiescape,1
xvf,1
AccountEx,1
cmdletssynchronously,1
Library?Why,1
thebin,1
result.c,1
false.None.None.ElementDescriptionDefaultSettings,1
newparameter,1
specified.waitdata,1
ComputerStop,1
ParameterSets.NameName,1
onmacos,1
circuit,1
AliasesCmdlet,1
<accountnumber>,1
whiledebuggingﾉexpand,1
securitygroup,1
AcknowledgmentsFurther,1
regexi,1
FalseLineNumber,1
todayunixcommandnotfound,1
Syntaxparameter,1
method.anythingxmldocumentconverts,1
validatesetattribute,1
topics.these,1
PaneTab,1
coversthe,1
adresourcepropertylistmember,1
exports.the,1
ProviderProvider,1
risksdescribe,1
sensitivehelp.the,1
whileactively,1
a-thoneventsarticle,1
difference.before,1
Microsoft.PowerShell.Commands.GroupInfo,1
stringconvertfrom,1
bold.property,1
error.ErrorDetails,1
passesit,1
fewdetails,1
ProgressAction,1
waspass,1
ways.solutions,1
propertiesto,1
<help content>,1
terminatesall,1
nameda,1
frominvoke,1
matches.cc,1
bytes.powershelloutputlast,1
psstyle.formatting,1
Nonehelp,1
locateselect,1
equally,1
havenumerical,1
previewinstall,1
actuallyall,1
times.powershellwe,1
CannotCastObjectToString,1
issystem.collections.generic.stack,1
401920,1
oftheir,1
independentlyfrom,1
typicallyuse,1
system.icomparable,1
linechoosing,1
dependenciessudo,1
exposed.value,1
ElementChild,1
system.management.automation.cmdlet.writeerror.writing,1
iscontinued.If,1
script.Click,1
both.None.SchemaSyntax,1
functiondefine,1
object.powershellmember,1
newkey,1
7664,1
merged201520162017201820192020202120222023202420252026tocommunity8189452468321165101134117951601722matt9ucci1578030162nschonni14138101kiazhi2579121alexandair57724211sethvs14220110621doctordns532207951surfingoldelephant585ehmiiz2214ariehein1825yecril71pl2133changeworld322skycommand13361414dan1el4220nreilingh2133it,1
listitemcreat,1
ContributorGuide,1
ismet.labelwaiting,1
shared.dependency.dllthrough,1
in.for,1
gcmcommandtype,1
installmethod,1
error.i,1
statementdata,1
GridViewWindows,1
topic.SEE,1
a.id,1
measure.totalmillisecondswrapped,1
provider.PowerShellSpecifies,1
accessed.path,1
psdrivenew,1
easier.because,1
addomaincontrollerpasswordreplicationpolicy,1
TheKeywords,1
elseeverythe,1
installedpowershell,1
performanceerrorscrashesit,1
developer11,1
getsclutter,1
3switch,1
0.48new,1
hasparameter,1
error.A,1
protected.the,1
10:12:14,1
readingTroubleshoot,1
aconfiguration,1
propertiesif,1
2036handle,1
GreaterThan,1
Windows.Spreadsheet,1
NETCore,1
tracesource,1
platform.in,1
separately,1
likesyntaxsyntax,1
NestedModules,1
performingadministrative,1
buildingcommand,1
files.show,1
only.session,1
usesmember,1
Beginningwith,1
18947,1
18944,1
updatesTop,1
libssl3,1
alsohost04,1
type.run,1
array.powershellif,1
notexist,1
sshd.serviceInstall,1
longersupported.prior,1
100throw,1
stringbuilder.tostring,1
list.If,1
package.If,1
PowerShellfor,1
renderingCheck,1
aredesign,1
runspace.requirementsdemonstratesexamplec,1
p.powershellthe,1
SessionStateAliasEntry,1
itadd,1
modulescontain,1
headersfor,1
string.basichtmlwebresponseobject.baseresponse,1
psreadlinekeyhandlerlast,1
xxx.ps.commands.the,1
System.MathName,1
canprovide,1
PowerShellGroup,1
shownbelow,1
commandsallow,1
modules.OutputCommandType,1
line.exposes,1
message.powershelloutput3810,1
System.Management.Automation.PSMemberInfo,1
LessThan,1
onlypop,1
ShortcutTab,1
ofcreat,1
nonresponsive,1
file.previously,1
options.The,1
morereturn,1
passthrustatus,1
textproperties.when,1
AlsoRunspace,1
18902,1
modulesTab,1
improvementsnew,1
themwith,1
ApplicationControl,1
eachend,1
InitializeLifetimeServ,1
visualpresentation,1
openeddoctordns1fatherjack1goforgold1jonathanweinberg1kvprasoon1skycommand1springcomp1themichaelbender1toddryan1mklement013setpeetrike2New,1
sorting,1
pr.if,1
ShouldContinueshould,1
datafor,1
overriddenby,1
asdistinct,1
theissue.Similar,1
7.8.4.1,1
7.8.4.2,1
7.8.4.3,1
exist.If,1
array.countps,1
ServicePackMajorVersion,1
besimple,1
definitionsand,1
module.powershellwe,1
tocapture,1
16355,1
IoTLinux,1
array.powershellso,1
Gast112thedavecarrollDave,1
cmdlet.PowerShellOutputThe,1
thesection,1
class.Alias,1
PowerShellBoth,1
deletion,1
@nohwnd,1
CultureInvariant,1
WindowsC,1
Alpine.Debian,1
policy.powershellpowershell,1
whosedata,1
5at,1
thehistory,1
body.powershellwhere,1
help.you,1
array.powershellto,1
toolbar.buttonfunctionnewopens,1
MovePropertyMovePropertyDynamicParametersItem,1
maketroubleshoot,1
0Host,1
EnumerableExpansionParent,1
COMobject,1
18992,1
variable.powershellthe,1
modulemanifest.PlatyPS,1
gzsudo,1
apiswindow,1
thesystem.management.automation.runspaces.initialsessionstate.commands,1
service.recycleresume,1
pipelinefunction,1
orrequire,1
cabfile,1
printerdevice,1
lines.at,1
2005-12-15,1
theSerialNumber,1
x.id.compareto,1
desiredconfigure,1
processing.override,1
use.operator,1
nameto,1
16348,1
ptestname@winvm1s,1
pre-existing,1
18972,1
message.powershelloutput,1
CsvExport,1
1234.56,1
iconshighlight,1
levelif,1
10.5677782,1
caching,1
back.so,1
MoveItemprotected,1
Windows.With,1
objects.in,1
ｐCONCEPTOverviewPrerequisitesJEA,1
thearg,1
pscustomobject.foreach,1
more.snap,1
linksexample,1
topicbefore,1
functions.Just,1
blocked.for,1
anyname,1
pr.to,1
andpotentially,1
limitthe,1
positionalparameter.powershellyou,1
developers.powershell,1
7705find,1
performance.the,1
wildcards.c,1
CommonSplit,1
ping.you,1
vmmemWSLMemoryMB,1
targetslabeling,1
pane.how,1
endpointsfor,1
theapi,1
drivesRemove,1
furtherincome,1
LifecycleInstall,1
insystem.management.automation.these,1
18955,1
stop.when,1
stepsChapter,1
computer.powershellyou,1
2025validatesetsee,1
PowerShellMost,1
dateset,1
contentget,1
otherlarge,1
anddouble,1
zeros.the,1
andmerged.avoid,1
FreeOSType,1
LiveSearch,1
forconstructor,1
RenamePropertyRenamePropertyDynamicParametersThis,1
5if,1
returned.value,1
DComputeraccountWhen,1
musthave,1
NoteUsers,1
privilegedlocal,1
CommandName,1
state.erase,1
providerrather,1
thatexpect,1
maxoccur,1
GroupsPowerShell,1
properties.getterscript,1
typicallyundertake,1
higherpsdesiredstateconfiguration.invokedscresourcerecommends,1
derivefrom,1
asemicolon,1
listsdo,1
EmployeeNum,1
allowexample,1
14.75,1
featuresonly,1
action.markdown,1
Itexecutes,1
remotessh,1
PSSessionConfigurationFileThe,1
conductnext,1
hotfixesGet,1
aspossible.the,1
locationIf,1
propertiesadding,1
falsewe,1
VariableTo,1
forissuesupdate,1
WorksThis,1
operationstop,1
thesystem.management.automation.powershell.addscript,1
another.c,1
robust.add,1
typeless,1
server02outputthe,1
objwmiservice.execquery,1
inaugural,1
Traditionalprocedural,1
26.65,1
PSNotSupportedException,1
auditingviewing,1
evaluated.powershelloutputthe,1
parameter.value,1
justmycode,1
LogonWorkst,1
ismade,1
operationsthe,1
maintenancemajor,1
contentabout_ansi_terminalsabout_pscustomobjectcontent,1
0x00bfff,1
typeSystem.Text.EncodingChange,1
710,1
715,1
viewThe,1
benefits.you,1
upstream,1
archiveenter,1
Novemberand,1
PowerShellhas,1
name.some,1
thereof,1
26.46,1
<St ring>,1
del...convert,1
728,1
canlimit,1
16498,1
propertyvalue,1
PSPathPSPath,1
ofsupportyesinclude,1
retirement.these,1
ListItemScriptBlock,1
specifiedproperty,1
nulllist,1
732,1
737,1
lsin,1
examplesuse,1
installpowershell.last,1
objects.an,1
forlarger,1
moduleuse,1
PSCommandNotFoundSuggestionPSCommandWithArgsPSModuleAutoLoadSkipOfflineFilesThe,1
configurationsarray,1
asit,1
Themodule,1
csptypedata,1
740,1
firstenable,1
node.xml,1
Secure,1
5ps,1
somescript,1
debuggerWhen,1
thereis,1
directory.sparsefileenumerationconstantthe,1
non-white-space,1
cimparams.credential,1
successivecharacter,1
falseps,1
contents.the,1
2023article,1
SBOMs,1
754,1
errorsystem.management.automation.errorrecord.categoryinfo,1
object.powershelleven,1
substring.certrequestfiledata,1
checkingit,1
stepspowershell,1
translationc,1
type.when,1
tosimultaneously,1
Extension.OUTPUTS,1
Byte,1
docsThe,1
jsserializer,1
error.When,1
toserverb,1
toserverc,1
myswitch,1
berecursive,1
node.here,1
file.unless,1
CimSystemProperties,1
8.4.2,1
RequestorDependentServices,1
adcomputerdistinguishedname,1
8.4.3,1
8.4.1,1
aboutsett,1
thread.it,1
twovariant,1
wsmanwindows,1
aboutthese,1
command.create,1
example.outputmost,1
784,1
securityThe,1
upstreamcmdlet,1
areeither,1
callsexit.verifying,1
script.set,1
isassumed.the,1
platformthe,1
policyNew,1
well.the,1
<!--add detailed description here-->,1
computer.runspace02,1
matchingprediction,1
accelerate,1
supplementary,1
modularization,1
system.io.streamreader,1
directoryspecify,1
PowerShell.PowerShellVerify,1
MarquetteEverything,1
z_0,1
psstyle.foreground.red,1
s_dependencydirpath,1
column.elementdescriptionconfiguration,1
Import.Extract,1
ncurse,1
inputthat,1
Hotel,1
DescriptionFor,1
nocharacter,1
advise,1
values.ignorecase,1
tableElementDescriptionSelectionSet,1
usingstructured,1
typesystem.collections.generic.dictionary,1
asql,1
certainly,1
allbreakpoint,1
MarkdownIt,1
object.where,1
SIPolicy.p7b７,1
singleset,1
lexicalorder,1
word.powershell,1
@typedatayou,1
Syslog,1
ctrl+breaks,1
LabelToDisplay,1
asystem.object,1
areconvert,1
thenotepad,1
exist.in,1
drivepowershellhowever,1
scenarios.one,1
SupportsTransactions,1
easilychange,1
errorsinitialization,1
namingconvention,1
definedshould,1
COERCIONMANDATORY,1
45line,1
pressed.powershellget,1
theencode,1
Concepts,1
Imirrored,1
thereby,1
20160710144736Username,1
debuggingdebugging,1
WrapTables,1
testbinarymodulecmdlet2command,1
tosave,1
thesettercodereference,1
macosupdate,1
used.Examples,1
issueshe852100,1
Whileit,1
thereca,1
dockstyle.fill,1
cannotmeaningfully,1
language.A,1
isoptional.the,1
ScriptHelp,1
화,1
StartRange,1
data.mediumenumerationconstantthe,1
localuserrename,1
class.system.management.automation.validaterangeattributewriting,1
network.once,1
state.last,1
evolve,1
contentfor,1
setsdeclaring,1
false.syntax,1
ofdata.configuration,1
enginecall,1
supportswildcard,1
loop.we,1
onlyreturn,1
moduleoption,1
used.lwhen,1
Manag,1
isMicrosoft.PowerShell_profile,1
feedback.use,1
results.powershellget,1
default７,1
tests.NET,1
expandedparameter,1
exhaustive,1
methods.provider,1
remoteconnection.this,1
noneremove,1
Operators,1
operatorand,1
betreat,1
PropertyOverriding,1
DataMount,1
View.This,1
accountYou,1
files.you,1
canuse.none.elementdescriptionenumerableexpansionelementoptional,1
<disabledpackagesources>,1
scriptmodule.the,1
scripting.filesystemobjectcreating,1
arguments.PowerShellThe,1
referencesan,1
salvage,1
consolekey.rightwindows,1
formatPowerShellThe,1
overuse,1
functionsGet,1
installdependency,1
data.NoneEnumerationconstantDo,1
JSONIf,1
-2147483649,1
MarkdownAt,1
FameLearning,1
falsein,1
ones.powershelloutputthe,1
topprocess'functiondefinition,1
assemblies.publishing,1
falseis,1
onbackspace,1
whichpowershell,1
falseif,1
theinvoke,1
sessionThe,1
issuesjuvtib,1
ConvertPSObjectToCSV,1
thesystem.management.automation.provider.cmdletprovider.writeerror,1
AccountLo,1
commutative,1
cmdlet.function,1
ADClaimTransformLink,1
#example,1
20266198323167232syntax,1
content.powershell,1
encountered.configuration,1
labelspriority,1
SignatureTypes,1
80７,1
editorto,1
seeremove,1
andlowercase,1
contributions.use,1
aworkflow,1
toactivex,1
Turkey,1
NullArrayIndex,1
bepartition,1
cmdletsaliase,1
avoidAdd,1
dpupdchkdwm,1
information.cmdlet,1
ps.streams.error,1
thesystem.management.automation.pscmdlet.invokeprovider,1
libstdc,1
itempropertyﾉexpand,1
c.yes,1
checkingthe,1
platformsremove,1
ways.you,1
documentsmust,1
toctrl,1
zipfiles,1
thisdocument.contributing,1
kevmarif,1
rank.an,1
System.Management.Automation.Provider.NavigationCmdletProvider.GetParentPath,1
commonmarkspecification,1
modules.Another,1
8line,1
<schema elementformdefault="qualified" targetnamespace="http://schemas.microsoft.com/powershell/help/2010/05" xmlns="http://www.w3.org/2001/xmlschema">,1
controls.powershellthis,1
appearance,1
pointof,1
conditionif,1
yourparameter,1
TestsGetting,1
System.Management.Automation.PSCustomObjectName,1
anyerrors.there,1
aliasnew,1
modulesSee,1
CimSessionGet,1
list.ps,1
IDisposable.Dis,1
candidatemethod,1
PSDrives,1
abouttheir,1
uint16uint64,1
preserved.if,1
FSysAgentFwcAgentSee,1
folderin,1
PSStandardMembersmember,1
16438,1
specialcomponent,1
inStop,1
shell.ETS,1
Pane,1
markdownavoid,1
speaker,1
syntax７,1
scalablesolution,1
gutter７,1
beignore,1
http://www.unicode.org/standard/standard.html.windows,1
screen.pressing,1
advice,1
conceptbefore,1
ItemPropertyClear,1
arereport,1
SoftwareName,1
ECDSA,1
feedback.to,1
gamedvr_dxgihonorfsewindowscompatible,1
neoperator,1
quantity,1
thepriority,1
AddStatementC,1
position.If,1
namechange,1
class.to,1
providerrequest,1
JSONSchema,1
length4custom,1
10.0.6,1
PubkeyAuthentication,1
applications.how,1
remotely.powershellinvoke,1
5the,1
objector,1
bracket.when,1
copythe,1
dependenciesIn,1
actionsback,1
fullyqualified,1
Pass,1
50as,1
aremirror,1
shareinvoke,1
templateonce,1
alcmodule.enginepush,1
only.an,1
False.All,1
URL.This,1
Includingboth,1
image.this,1
unlikely,1
passthrusl,1
froma,1
thathave,1
localadministrator,1
@the,1
easier.The,1
objectof,1
localaccountsthe,1
assistancefor,1
Sav...Format,1
809,1
cmdletget,1
NormalViewand,1
1221commandstovalidatescriptblockargument,1
shouldprocess.powershellfunction,1
coolthe,1
about_logging_non,1
profilesee,1
zsh,1
exportedRemove,1
FwcAgentSee,1
TipPowerShell,1
wild.while,1
projectdotnet,1
retire,1
microsoft.samples.powershell.providerssystem.management.automation.provider.itemcmdletprovidersystem.management.automation.provider.containercmdletprovidersystem.management.automation.provider.navigationcmdletproviderdesigning,1
profileset,1
provider.writing,1
pathcreate,1
referencesupdate,1
Fedora,1
distributor,1
section.for,1
Acontinue,1
pwshpwnd!use,1
eventhough,1
spacebar.powershellthe,1
Russian,1
privatemethod,1
hasboth,1
class.modules,1
profile.currentuserallhostsall,1
tableoperatordefinition,1
coulduse,1
securitySee,1
package.to,1
mikefrobbins.com,1
objectto,1
PSModulePath２,1
xattr,1
privilegesstart,1
binarydate,1
ofwrit,1
apowerful,1
set.defining,1
editorha,1
globbing.Windows,1
instructions.winget,1
False.A,1
runspacepool.getavailablerunspaces,1
implementedby,1
variables.If,1
ExperimentalFeature,1
pssessioncmdlets.use,1
logging4,1
logging9,1
it.some,1
refers.parametersinstanceproperty,1
codesigningcertdir,1
compression.continuousdata,1
runspacenameget,1
andAcceptNextSuggestionWord,1
restrictioninteractive,1
scripting.dictionarynew,1
parameter.writing,1
https://learn.microsoft.com/powershell/scripting/community/community-supportedit,1
ownerget,1
cmdlets.moduleinstanceproperty,1
PowerShellRemotingThe,1
PowerShellStartName,1
content.change,1
folderimport,1
attackssecure,1
attributesattribute,1
scriptfilePrivateGlobal,1
red20,1
monthwe,1
Monad!PowerShell,1
PowerShell.Each,1
theaz.tools.predictor,1
rolearrays,1
tested.the,1
location.asterisk,1
remoteregistryvaluefunction,1
namescommand,1
configurationa,1
7To,1
PSObjectobject,1
Overview.Using,1
SetsDeclaring,1
65535,1
credentials.BetterCredentialsAzure,1
nameexcept,1
2test,1
remember.parameters,1
specialization,1
occurred.a,1
updatesSee,1
stepscontent,1
10list,1
examplecmdlet,1
supported.at,1
specified.none.elementdescriptioncustomentries,1
PSModulePathC,1
Windows.In,1
asbackslash,1
processlist.txtget,1
mesupport,1
cmsmessageunprotect,1
errorto,1
keysadd,1
applicationprogramming,1
tableElementDescriptionTableColumnHeader,1
remote.to,1
optional.to,1
transcripttranscript,1
hasmore,1
AvailablePowerShellOutputThe,1
PSDiagnostics,1
assembly.writing,1
InvokeDefaultActionDynamicParameters,1
from７,1
Resourcecatch,1
pertain,1
Limitations,1
sametype,1
usecmdlet,1
ofdebian,1
errorsa,1
beingwritten,1
alignindentation,1
helpThis,1
thanthat,1
both.consider,1
version.microsoft,1
versions.by,1
previewwhat,1
ToggleBreakpoint.Or,1
adaccountexpiration,1
SaveAs,1
Statesinclude,1
border,1
guidelines.nounname,1
nicmaintenance,1
Linuxcomputers,1
<xmlhelpfilepath>,1
cmdletassembly,1
countersyntactic,1
output.you,1
a-cef,1
server2016,1
0.disable,1
names.avoid,1
0.26foreach,1
SampleCmdlet,1
there.Unlike,1
<supporteduicultures>,1
fromobjecteventregistrationbase.cmdlet,1
programmingfeature,1
alias.define,1
hpserviceIdle,1
support.supported,1
up.i,1
HexList,1
fifteen,1
elements.pay,1
specificview.customcontrol,1
set.elementdescriptionselectionsets,1
cmdletthrough,1
execution.When,1
purpose.labelissue,1
usingdesire,1
GlossaryThis,1
themember.nameinstance,1
characters.except,1
AzSubscription,1
errors7,1
resource.statedata,1
up.a,1
expressionswitch,1
includesparameter,1
formally,1
parametersupdate,1
shif,1
askedquestions.Windows,1
scriptfunction,1
ClipboardGet,1
docsetPowerShell,1
shouldt,1
file.powershellfrom,1
16514,1
ofinformation,1
definedattribute,1
directoryon,1
powershell.download,1
linksearch,1
ofdigit,1
addriveconfiguration,1
stream.powershell,1
forobject,1
non-unicodebehavior,1
it'ssystem.management.automation.commandinfo.visibility,1
50664845312get,1
encodingtest.ps1'try,1
concisely,1
whoseargument,1
lease.releasing,1
powershell.your,1
bytecode,1
cmdlet.You,1
cornerof,1
Con...Export,1
itsleft,1
withoutactually,1
scriptscope,1
HighlightDay,1
spreadsheet,1
alsoaccessdbprovidersample04thi,1
andinteger,1
multiplelanguage,1
PowerShellOutputAlso,1
falseDo,1
password.powershellalternatively,1
changebut,1
areaccept,1
descriptionobjectsnameinstance,1
totoo,1
gatekeepercheck,1
listing.normalenumerationconstantthe,1
cmd.exeshells,1
16504,1
areaccess,1
tothi,1
challenging,1
ConfigurationScriptBlock,1
expanded.powershellthe,1
entryget,1
AlsoCommon,1
netdifference,1
types.powershelloutputi,1
enforcementpowershell,1
shellps,1
https://www.powershellgallery.com/packages,1
true.parameterpurposeif,1
powershell.core,1
Into,1
theconstructorc,1
ProvidersProvider,1
isunspecified.When,1
releaseadd,1
ps1.for,1
10.0.10586,1
tovalidate,1
allcmdlet,1
shellor,1
providerpowershell,1
ItemYou,1
JeaEndpoint,1
CommonShow,1
clause.a,1
ViewSpecified,1
configuration3,1
consolehost,1
version.github,1
thestrings.powershellthe,1
level7.3,1
triggerqualify,1
labelmay,1
tablelifecycle,1
disappear,1
setthi,1
pizza,1
location.open,1
reviewabout_profiles,1
thetablecolumnitem,1
thepipeline.There,1
possible.yes,1
WriteProgress,1
hereperforms,1
reviewers.If,1
microsoft.powershellif,1
NuGetrepository,1
learner,1
a28b,1
resource.diagnose,1
errorif,1
anenclose,1
issuesmdorantesm,1
APIswritten,1
Microsoft.PowerShell.Securitymodule,1
httpscorrect,1
actionenable,1
environmentsother,1
AllowUnprotect,1
statusfor,1
here.the,1
property.In,1
DoesNotReq,1
specified.Cmdlet,1
contextnetwork,1
defaultproperty,1
platyps.last,1
PackageReference,1
visionand,1
SessionsIn,1
changesexample,1
featuresmeet,1
xunit,1
only.if,1
code.assembly.loadfrom,1
win32_logicaldiskclass,1
deploypackage,1
ISE.How,1
evaluatedindependently,1
integerpower,1
noteonce,1
DNSHostName,1
settle,1
literally.the,1
referencethe,1
orrequiredversion,1
System.Management.Automation.SwitchParameter.An,1
runspacepool.open,1
case.i,1
thewin32_localtime,1
System.Runtime.Loader.AssemblyLoadContext.NET,1
DSC.GitHub,1
comespreconfigure,1
configurationsadd,1
performancessh,1
ignored.In,1
MikeLastBadPasswordAttempt,1
everythingwithout,1
totwo,1
powershellhow,1
ElementsThere,1
anothercommand.for,1
RegistryPowerShellPath,1
notunderstood,1
non-compliant,1
cumbersometo,1
iduse,1
stopped.note,1
language.The,1
<collection>,1
code.Script,1
baseddocument,1
AlsoPowerShell,1
view.elementdescriptioncustomcontrol,1
Maximum,1
rootmodulepath,1
stepsadditional,1
action.PowerShellThis,1
PSResourceGet?about,1
takenverbatim,1
7is,1
isunspecify,1
specialized.many,1
shto,1
requiresthe,1
ofother,1
ModuleSupporting,1
RunningThe,1
needingto,1
inputcreating,1
powerfulfeature,1
expand.compactconvert,1
functionmembermemberkindtypepurpose,1
9.2,1
methodslinuxｅoverviewlinux,1
erroneous,1
9.5,1
optional.an,1
9.6,1
9.7,1
9.8,1
particularclr,1
sql02get,1
Server.Out,1
refactoringthere,1
remotinginvoke,1
powershellcommands.add,1
items.imagine,1
powershell.invocationstatechanged,1
MyObject,1
exportmodule,1
individualerror,1
0.110.00,1
packageset,1
increases.here,1
learningthese,1
AｂGET,1
cmdlet.here,1
erroran,1
theMicrosoft.PowerShell.Commands.JoinPathCommand,1
16545,1
alwaysreturn,1
affiliate,1
plane,1
callssystem.management.automation.cmdlet.beginprocessing,1
yourscript,1
clickable,1
beused?PowerShell,1
documentation.the,1
ContentNew,1
keywordskeyword,1
processproblem,1
processorarchitecture,1
displayed.groupby,1
boxesselecting,1
tablefunction,1
ps.endinvoke,1
CountThis,1
helpgithub,1
accurately,1
ChannelCommunity,1
vmicshutdownServicesDependedOn,1
Verbs.For,1
plant,1
ProcessRecordClass,1
Alertcommand,1
cre...set,1
actionschecklist,1
it.powershelli,1
buttonsfeedback,1
project3,1
orderspecify,1
42invoke,1
third.key,1
specified.casesensitivedata,1
91m,1
scenario.however,1
about_windows_powershell_compatibility,1
theselectionset,1
CoreGeneral,1
designedto,1
betterunderstanding,1
NewItemNewItemDynamicParametersThis,1
aUniform,1
hosts.psremoteuser@winvm2,1
Intune,1
exit.some,1
is.For,1
TypeRemoved,1
function.PowerShellOutput,1
KindTypePurposePositiveInfinityStatic,1
Docs.Issues,1
data.typically,1
typesneed,1
cmdlets.dynamic,1
2025test,1
helptopic.dynamic,1
onlysee,1
System.Management.Automation.CompletionResult,1
preview.use,1
Menu.By,1
ScriptLineNumber,1
executablesyou,1
conflict.dependency,1
otherproperty,1
team2022,1
userpolicy,1
itscapacity,1
the.help.txt,1
HelpWrite,1
2022remote,1
InitializeDefaultDrives,1
anydocumentation,1
26086,1
ParameterNames.The,1
loaded.last,1
listsFor,1
displayed.take,1
there.The,1
26081,1
data.txt,1
SectionBackground,1
ParameterAttribute,1
974524,1
</firstname>,1
TheNOTES,1
stringsThe,1
keyget,1
config.openpublishing,1
ciminstancemanipulate,1
hyperlinksdocumented,1
optional.there,1
awritable,1
26050,1
openednschonni10Top,1
p.once,1
NoneHistoryPluginHistoryAndPluginManaging,1
view.wideitem,1
arm64raspberry,1
OutputTypeAttribute,1
cmdletparameters.a,1
Names.Windows,1
netplatform,1
itskip,1
terminated.the,1
name'remove,1
96m,1
item.powershellpowershell,1
explicitlyadd,1
see'how,1
26066,1
membersadd,1
prompting.powershellthis,1
multiplevalues.powershelloutput,1
ObjectsYou,1
resolves.In,1
assemblyload,1
characters?logname,1
row.entryselectedby,1
DscDebugGet,1
server02.corp.fabrikam.comrun,1
andversion,1
acceptsinput,1
workflow.ﾉexpand,1
canperform,1
PowerShelllets,1
693function,1
individualformat,1
script.stop,1
thetime,1
changeremoved,1
false.c,1
MaxRange,1
stepsSamples,1
synccheckpoint,1
filewrite,1
zoneoc.dll,1
currentprocess,1
objectsthis,1
system.windows.forms.datagridviewcontrol.this,1
valuesﾉexpand,1
aresource.fromdata,1
element.Name,1
false.C,1
utilitythe,1
variations.,1
system.diagnostics.eventlog.storing,1
ControlSystem,1
ofnewtonsoft.json,1
false'invoke,1
Enterprise.To,1
thecomment,1
inexception,1
pwsh.To,1
5332,1
ps.begininvoke,1
available.displaying,1
traditionally,1
entries.powershelloutputthe,1
differentaction,1
attribute.general,1
colbios,1
lastmodify,1
Retrieval,1
operator.operatordefinition,1
powershellspecify,1
LoadFromAssemblyName,1
thisoptimization,1
parameters.parameterfunctionalityalldata,1
invoked.c,1
commands.follow,1
contentﾉexpand,1
links.github,1
Othercommon,1
Per...Get,1
matchingpattern,1
toTest,1
policylegacy,1
5338,1
toexecute.C,1
use.powershelloutput,1
module'sdirectory,1
conversionconsideration,1
inputformat,1
ForPowerShell,1
supportaccessibility,1
ause,1
system.c,1
module.strongly,1
psise.options,1
PowerShellｃHOW,1
scriptYou,1
synthetic,1
here.struggling,1
there.powershell,1
benearly,1
remarks.use,1
Overfl,1
Props,1
AlsoKeyboard,1
object.ETS,1
store.brew,1
rulescontent,1
viable,1
thenrepeat,1
returnedby,1
TOCMoved,1
MemberMemberKindTypePurposeCurrentInstanceproperty,1
userintervention.prosconskerberos,1
social,1
propertiesPS,1
−2008,1
cleanup.for,1
view.xmlview,1
application.powershell01,1
Authenticode,1
error.,1
acknowledge,1
buildPowerShell,1
Windowsdomain,1
Construct,1
error1,1
break.powershell,1
processesget,1
NoteGood,1
testedcorrectly,1
encodingtherefore,1
do.check,1
property.an,1
Servicedoes,1
stringthese,1
paragraphcmdlet,1
object.ﾉExpand,1
usingsource,1
semicolons.This,1
incrementallywhen,1
GroupByRightIndent,1
<PSCredential>,1
install.sh,1
onmacOS.Make,1
julycontent,1
propertiesIn,1
PowerShellGetting,1
issystem.management.automation.psvariableattributecollection.this,1
outputsupport,1
minimumtest2,1
noteadditional,1
ModuleSYNOPSIS,1
jobs.you,1
SampleDefine,1
followingformat,1
terbindingexception,1
LineInput.Here,1
byMicrosoft,1
view.viewdefinitions,1
callingthemselve,1
functionact,1
Statement.Last,1
PSCmdlet.To,1
path.powershellallow,1
packagesourcecmdlet,1
defaultprecedence,1
match.powershelloutputhere,1
ViewSelectionCondition,1
Manifest７,1
operatorsadditive,1
TotalSpaceGB,1
thanone,1
variableslater,1
powershell.pubkeyauthentication,1
pwsh.exeon,1
systemIn,1
intervene,1
invalidor,1
theprovidera,1
<psinvocationstatechangedeventargs>,1
oftablerowentry,1
output.linking,1
languageus,1
Modern,1
scopewith,1
ProcessﾉExpand,1
CAThumbprint,1
object.choose,1
Programs,1
UseTransaction.System.Management.Automation.ParameterAttributeCmdlet,1
doublenatural,1
sink,1
platforms.A,1
setuid,1
viewsuse.you,1
hint,1
theseshell,1
data.the,1
PipelineStopToken,1
format.the,1
ServiceNew,1
myobject.namewhile,1
tobleed,1
soyou,1
computers.powershellget,1
the.FORWARDHELPTARGETNAME,1
defaultcommandprefix,1
third.keyis,1
mergedhold,1
PrinterWindows,1
addsto,1
pwd.path,1
ViewWideItem,1
MessageFramework,1
pathtoformattingfileupdate,1
externalclose,1
lines.we,1
validatingscriptblock,1
It'savailable,1
anassignment,1
myfirstjearole.psrc,1
Snippetscan,1
wayto,1
views.creating,1
exectution.you,1
26036,1
thesethread,1
themicrosoft.powershell,1
correctnesssee,1
2performing,1
PackmarkdownlintReflow,1
PSProviderName,1
InitialSessionStateCreating,1
itempropertydebug,1
path.powershelland,1
cmdlet.writeerror,1
ServerWith,1
property.in,1
DSCDSC,1
SupportConstrained,1
causeside,1
mode.Using,1
6.2Enable,1
denygrant,1
it.PowerShellI,1
methodchar,1
DevicePathDevicePath,1
notalready,1
thecommandline,1
jobdisable,1
2003out,1
enabled.configuring,1
object.powershell７,1
characters?the,1
sensitivei,1
dscconfigurationset,1
dscconfigurationstop,1
WSManInstance,1
SecondValue,1
growquickly,1
contentmoved,1
scriptupdate,1
schemarequire,1
2025there,1
feedbackfeedback,1
2026using,1
servicesworking,1
you'respecifically,1
github'sautoclose,1
log?to,1
reading.net,1
theelement.The,1
systems.name,1
Octopus,1
thisTime,1
policyPowerShellThis,1
investigationwait,1
includesextra,1
executing.the,1
wayof,1
powershellstarting,1
powershellhandle,1
repository.In,1
Guidelines.Avoid,1
theSystem.Management.Automation.ErrorCategory,1
InteractiveScripting,1
repository.If,1
themaximum,1
shouldinstall,1
ofpowershell.after,1
computing,1
InformationDefining,1
not.powershellyou,1
fe80,1
includeparameter.last,1
thesystem.management.automation.provider.ipropertycmdletprovider.getpropertydynamicparameters,1
seesystem.management.automation.validatesetattribute.to,1
andfeedback,1
more.attributes,1
pshostprocessadd,1
-8186-07f910774cb8,1
project.some,1
defaultAlc,1
mymodule.csproj,1
NotACommand,1
GUIDEViewing,1
characterB,1
psresourceset,1
thescript.You,1
#initialsessionstate,1
called.param,1
theArgumentCount,1
supporteddistributions.support,1
powershell.runspacepool,1
ExecutionPolicyReturns,1
methods.C,1
UseDESKeyOnly,1
AliasesWriting,1
commandsthe,1
ParametersTo,1
asecurity,1
falseignorecase,1
ComponentsWide,1
singlevalue,1
ofresource,1
is.otherwise,1
pathredirect,1
themanif,1
methods.a,1
buildformatt,1
PowerShell.System,1
anticipaterunn,1
followingscenario,1
https://go.microsoft.com/fwlink/?linkid=141553,1
errormessages,1
about_group_policy_settings,1
andabout_signing,1
contentno,1
literalbefore,1
class.void,1
MarkdownWhere,1
elect,1
markdowninclude,1
server01.corp.fabrikam.com1033,1
empty.powershelloutputdrilling,1
commandssuccessfully,1
not.because,1
jpeg,1
DataWhen,1
variablepowershellthe,1
issuesqt3m45su0najc7,1
charactera,1
value.even,1
PrincipalsAllowedToDelegateToAccountCommandType,1
toweb,1
required.if,1
supportseparate,1
@MathiasMagnus,1
magnitudeslower,1
istreat,1
GetFileShares,1
required.in,1
permitted.the,1
2024command,1
locally.To,1
RecordsSee,1
version.A,1
used.outputnamingget,1
planting.hashtable,1
Domainconcept,1
2560handle,1
through.the,1
PowerShellOutputLast,1
PowerShellor,1
here.while,1
PowerShellon,1
GridViewCharacter,1
MicrosoftHKEY_CURRENT_USER,1
lowercaseuse,1
activedire,1
thisby,1
betweeneach,1
ObjectsThe,1
implications.change,1
string.if,1
atime.multiple,1
thesystem.management.automation.providerintrinsics.content,1
cases.Use,1
displaycalendar.trimend,1
go.because,1
bool.otherwise,1
LifecycleInvoke,1
WinRM_VA_1_contoso_alice,1
Assemblies,1
controlview.typename,1
contentis,1
SLES,1
adcomputerserviceaccount,1
ElementDescriptionExpressionBinding,1
thestart,1
StatusDisplayName,1
conditions.cmdlets,1
objbios,1
windows11,1
collectionsthat,1
footprint,1
featurespowershell,1
areavailable.format,1
powershell.exeopens,1
sameproject.i,1
ItemPropertycmdlets,1
string.powershell,1
file.powershellyou,1
CopyItemCopyItemDynamicParametersThis,1
outstep,1
isabsent,1
Operation.Pressing,1
currentactive,1
typesps,1
mactripledesripemd160this,1
ExampleSystem.Management.Automation.CmdletSystem.Management.Automation.PSCmdletSystem.Management.Automation.Cmdlet.ProcessRecordSystem.Management.Automation.Cmdlet.WriteObjectCmdletAttribute,1
charactersescap,1
view.elementdescriptionwideentry,1
use.In,1
Microsoft.PowerShell.D,1
theSystem.Management.Automation.SessionStateCategory,1
precompile,1
servicestop,1
Microsoft.PowerShell.Standard.Module.TemplateThe,1
GuidelinesFollow,1
typesof,1
add.clear,1
PowerShell.ISEMicrosoft.PowerShell.LocalAccountsMicrosoft.PowerShell.ODataUtilsMicrosoft.PowerShell.Operation.ValidationPSScheduledJobsudo,1
system.management.automation.verbsdiagnostic,1
wsmanget,1
typesor,1
links.for,1
thesystemtype,1
conversiont,1
files.creating,1
a40e,1
DeclarationLearning,1
ThreeUpdating,1
server.there,1
aliasesexport,1
levelpri0highestpri1highpri2mediumpri3lowproject,1
module.install,1
thanks@bdeb1337,1
objectsshould,1
CommonSend,1
12/01/2025,1
getservicecommand.runspacepool,1
prompt.powershelli,1
PowerShellif,1
remotecomputer.computers,1
compiledcode,1
cmdlet.fulldetailedexamples,1
separatestatement,1
Code.Usage,1
dependencyconflict,1
commandus,1
form.introducing,1
true.powershelljust,1
3.02,1
loop.like,1
theLiteralPath,1
dscchecksumcmdlet,1
tar.gzpackage,1
wellWrite,1
feedbacknew,1
failing.next,1
PowerShelltab,1
later.Requires,1
method.By,1
3.11,1
3.10,1
typesthat,1
designedby,1
servicingfix,1
3.07,1
state.System.Management.Automation.JobStateEventArgs,1
importantto,1
runtime.the,1
supportａdownloaddigital,1
licenseuri,1
change.biosserialnumber,1
AlsoShowError,1
TableRowEntryfor,1
theDefaultDisplayPropertySet,1
AliasesDefining,1
requiredmodule,1
pssc.get,1
squareand,1
areallow,1
provideprogrammatic,1
extension.some,1
PowerShellsupport,1
dependencyresolution,1
view.enumerableexpansions,1
3.17,1
DSCUser,1
callthe,1
callthi,1
followingmethod,1
elementsattributesnone.elementdescriptioncustomitem,1
PSConsoleFile,1
3.33,1
IntoExit,1
configurationslot,1
3.31,1
collection.powershellthis,1
restrictionconstrainedlanguage,1
on.It,1
unixmode,1
PowStatic,1
sortingget,1
Edge,1
theadditional,1
theyattempt,1
view.You,1
system.combining,1
importantwhen,1
collectionsare,1
converterconstructor,1
takesless,1
processes.c,1
defaultsmanually.outputspecific,1
typesfor,1
OptionDescriptionCultureInvariantIgnores,1
initialsessionstateobject.powershell02,1
needed.ﾉExpand,1
moduleget,1
ListItemfor,1
caret,1
operators.powershell,1
Specifiedthat,1
3.55,1
AlsoRunspace11,1
value.specifically,1
nounus,1
expected.PowerShellOutputBe,1
extension.powershellif,1
-6980-3916-0512-6608-8243-13version,1
therigid,1
labela,1
powershell.instead,1
Extension.a,1
localizeddataimport,1
computer?invoke,1
4where,1
cohesive,1
modecannot,1
ElementViewDefinitionsXMLThe,1
cmdlet.Modules,1
cmdlet.parametersetsinstanceproperty,1
ValidateSet.For,1
thefew,1
isnormal,1
stopping...restart,1
fortask,1
System.IO.FileStream,1
namedmypsscript.psm1,1
includingdistribution,1
item.powershelloutputbreak,1
fromgithub.latest,1
thetable.Configuration,1
stopprocesssample03folder,1
theverb,1
forGroupByEnumerateCollection,1
shell.a,1
ParametersDefaultParameterSetName,1
stringsat,1
name.powershelli,1
variablepowershell,1
thrown.this,1
2026experimental,1
modulegit,1
system.Windows,1
PropertyForFirstColumn,1
location.add,1
31.3720576298701,1
PowerShellExplained.com.Conditional,1
cmdletstart,1
role.you,1
<yourproductname>,1
NoThe,1
ConfirmConfirmAre,1
203912880128,1
involved,1
background.the,1
ofsensitive,1
programmaticallyinvoke,1
cmdlet.parameter,1
9fi,1
console.however,1
thestack,1
fixedhard,1
loadingmodule,1
runspace.create,1
cmdletverb,1
thing.powershellwhat,1
PowerShellprocess,1
51108,1
example.outputpropertiesget,1
Inv...New,1
confirm.powershellforeach,1
home.by,1
theloop.PowerShellOutputA,1
followingset,1
listuse,1
processesare,1
GuideUpdates,1
charactersyntaxtype,1
ownunique,1
GetValue,1
infeasible,1
Considerations,1
providedfor,1
contributions@ehmiiz,1
parameterignorecase,1
inttype,1
TheCmdlet,1
servicedatabase,1
commandin,1
commandis,1
Gallery.PSDesiredStateConfiguration,1
gettingbetter,1
jobtriggerenable,1
txtThe,1
PSReadLineGet,1
stream.windows,1
thesystem.management.automation.provider.idynamicpropertycmdletprovider.newpropertydynamicparameters,1
InvalidType,1
work.enter,1
eachside,1
Library７,1
screenread,1
drivesRun,1
26165,1
localusermicrosoft.powershell.hostﾉexpand,1
table.tablerowentries,1
multipledebug,1
resultspowershellthese,1
TransactionDisable,1
updatesinstall,1
#verbname,1
processdisplay.powershelloutputhandles,1
021:7,1
stringsor,1
ElementsElementDescriptionControls,1
carefully.assembly,1
object.dynamically,1
equalitycomparison,1
USAF,1
ReleaseWhat,1
deeperexamples.the,1
key.keychar,1
requiredsystem,1
importantin,1
26140,1
HasShutdownStartedFalseDoing,1
26141,1
CommonParameter,1
26144,1
sb.appendline,1
system.versionclass,1
theCmdletBinding,1
mentioning.once,1
onimprove,1
describescommon,1
name.powershellthere,1
valueforeach,1
size.tiddata,1
26118,1
WmiInstanceShow,1
Manufacturer,1
errors.PowerShellOutputThis,1
bindingIf,1
orparameterize,1
methods.cmdlet,1
14140,1
thencheck,1
definitionsroledefinition,1
manyerror,1
remarkssystem.management.automation.validatesetattributewriting,1
shelldsc,1
variablesget,1
tableElementDescriptionConfiguration,1
itwould,1
specifyan,1
functionswithin,1
regex.the,1
theSystem.Management.Automation.ParameterAttribute,1
anupstream,1
themselvesa,1
alternately,1
transcript.pass,1
exceptionseverythe,1
standpoint.using,1
service.in,1
realliteral,1
servicesPS,1
ConfigurationManagerCan,1
awakecode,1
powershelltype,1
14116,1
PSTypeConverter.ConvertTo,1
whereyou,1
objectImplement,1
settingsinclude,1
orsetvalueexception,1
problems.there,1
websession.maximumredirection,1
FileSystemProvider.CreateDirectory,1
andmay,1
above.currently,1
systemssee,1
26100,1
gallery11,1
linersget,1
rtpug,1
thesystem.management.automation.provider.idynamicpropertycmdletprovider.renameproperty,1
runs.parameterbindings,1
number.For,1
Theidea,1
PSHOMEYou,1
uint64.boolean,1
tool.although,1
subcommand,1
telnet,1
error.this,1
table.tablerowentry,1
openedavrumfeldman1benmccallum1bitdeft2brainstinct01diddledani1doctordns1gravitional1homotechsual1imba,1
performsome,1
ArgumentRange,1
ofmessage,1
mentionedearly,1
commandresemble,1
errormessage.supportstransactions,1
pairat,1
StdRegProv,1
computer.however,1
co-exist,1
client.since,1
functions.powershellbecause,1
SupportJust,1
acceptswhether,1
GetCodeReference,1
CustomPSSnapIn,1
ispositional.all,1
acalling,1
ashashtableimport,1
Avalue,1
boundto,1
overview10,1
importantbe,1
Dailey'foreach,1
PowerShellshould,1
addonly,1
error.PowerShellI,1
commandinside,1
datatrueps,1
view.xmlconfiguration,1
thatspecify,1
PavlovDisplayVersion,1
therepository,1
ExitCodeDisplaying,1
contentabout_calling_generic_methodscontent,1
supersede,1
objectstart,1
481.exampleget,1
compilationavoid,1
matching.security,1
results.notice,1
CmdletParameter,1
reappear,1
type.to,1
withmount.unmount,1
string.If,1
inedash,1
markdownillustrative,1
implications.because,1
Declaration.To,1
orsupply,1
470:60,1
theusual,1
allfunction,1
2025accessing,1
PSReadLine.The,1
digitsin,1
type.sh,1
ser...get,1
Parameters.Support,1
#note,1
powershelllast,1
GitHubrepository,1
version.your,1
AsCustomObject,1
serviceset,1
articles.avoid,1
outputselect,1
moduleport,1
hkey,1
context.department,1
releasesmacOSｅOVERVIEWInstall,1
noteenabling,1
user.a,1
ProvidersLast,1
Displayed.The,1
TempGet,1
valueparameter.dword,1
lastlogontimestamp,1
modulecommandtype,1
featurespscommandnotfoundsuggestion,1
-4399-9ed0-ff4e453bc2a2samaccountname,1
block.powershellthis,1
progresssomeone,1
instanceof,1
TrueHistorySavePath,1
#your,1
issuewhere,1
changes.The,1
parameter.previously,1
awql,1
RepeatCount,1
valuescan,1
thesystem.management.automation.host.ihostsupportsinteractivesession,1
it.Watch,1
normalizerelativepathprotect,1
FilterEvent,1
theNavigationCmdletProvider,1
typesPS,1
fileswith,1
Distance,1
conceptswrit,1
thatelement,1
Wideabout_Aliasesabout_Providersabout_Comparison_Operatorsabout_ArraysIn,1
thebuilt,1
ElementPropertyCountForTableShowError,1
andtrap,1
ospowershell,1
KindTypePurposeValueInstance,1
thencopy,1
registeringthe,1
NewItemDynamicParameters,1
blockpipeline,1
profilesetting,1
falseindicate,1
tointeract,1
times.default,1
PrimaryResult,1
NameNotFound,1
class.System.Management.Automation.Provider.ContainerCmdletProvider,1
feature?do,1
class.this,1
tableActionKeyboardShortcutUse,1
PSBoundParameters,1
first.failing,1
Az.Tools.Predictor.The,1
AliceRunAs,1
batchscript,1
5572,1
webpagecopy,1
Declaration.If,1
file5388311zockanmichael,1
colBIOS,1
2025platyps,1
470:10,1
stack.You,1
ForwardHelpTargetName,1
list.best,1
ConfigurationDefining,1
scenario3.log1245path,1
youuse.Since,1
<m1>,1
theconnection,1
aregenerate,1
associative.syntax,1
higher.Windows,1
<param name="success">,1
tableactionkeyboardshortcutsuse,1
drivespecify,1
documentation.Beginning,1
fileOne.txt.PowerShellThe,1
CoreEach,1
statementLike,1
thatprivilege,1
detail.If,1
editor.run,1
TrueNew,1
<m2>,1
contentcontribute,1
time.In,1
yesRestart,1
functionality.the,1
unavoidable,1
statementslabele,1
#Adding,1
WSMan.For,1
youreditor,1
arraywith,1
System.Management.Automation.ModuleType.This,1
<m3>,1
ubiquitous,1
AvailableEnter,1
0xe50000,1
existingerror,1
connection.start,1
services.PowerShellThe,1
7shif,1
pwsh.profile.dsc.resource.json,1
parentheses.powershellit,1
op_implicit,1
details.i,1
displayed.if,1
CurrentVersion.Using,1
resources.ci,1
object.methods,1
modulenameThis,1
CmdletInclude,1
scope.notice,1
support７,1
dscchecksumpublish,1
LifecycleRevoke,1
computergiven,1
thanks@abishekponmudi,1
avoidBackup,1
yourchange,1
4.00000,1
likewdac,1
user'scomputer,1
tabcreate,1
ServerC.There,1
properties.this,1
thisdoc,1
stick,1
inparticular,1
pruse,1
paralleldescription,1
algorithmstatic,1
specified.notifyaddressdata,1
orhave,1
GroupByCustomEntries,1
shortname,1
scenarios.Just,1
LoadInitialize,1
thisreason,1
getprocesssample05,1
templateLink,1
affected.for,1
displayed.this,1
theValueFromPipelineByProperty,1
window.To,1
March,1
getprocesssample04,1
getprocesssample03,1
occurred.StopEnumerationconstantThe,1
specified.if,1
byteIn,1
CommonMeasure,1
assignto,1
instancesof,1
anyinformation,1
renewal,1
subsetof,1
JSONcmdlets,1
2025background,1
ShouldContinue.This,1
PSLoadAssemblyFromNativeCode,1
command'shelp,1
SMTP,1
typesif,1
leftmost,1
computers.when,1
verbparameter,1
PowerShellthe,1
NETError,1
filesScript,1
func.powershellvisiblecmdlets,1
https://aka.ms/powershell-release?tag=previewdependenciesit's,1
pre-calculating,1
value.when,1
usingpersistent,1
core.a,1
framework.parameter,1
bbackspace,1
System.Management.Automation.PSCmdlet.GetResolvedProviderPathFromPSPathSystem.Management.Automation.PSCmdlet.GetUnresolvedProviderPathFromPSPathSystem.Management.Automation.PathIntrinsics.GetResolvedProviderPathFromPSPathSystem.Management.Automation.PathIntrinsics.GetUnresolvedProviderPathFromPSPathIf,1
output.c,1
6powershell,1
includemetadata,1
checkwhether,1
ItemsThe,1
theset.If,1
variableshow,1
fooscript,1
LockWorkStationLogging,1
statusget,1
experimentalfeatureget,1
languageprimitives.with,1
featuresdeploy,1
verbosepipeline,1
exclude.length,1
7.5ConvertTo,1
FalseValueFromPipelineByPropertyName,1
ofenable,1
met.selectionsetname,1
subsystem.c,1
featuretransactionhow,1
16828,1
<scriptmethod>,1
tosystem.management.automation.cmdlet.shouldcontinue.system.management.automation.cmdlet.shouldcontinue,1
articlefixing,1
DCOM$,1
sudodirectly,1
mainreason,1
own.the,1
wasuseful,1
onlymicrosoft.powershell.psresourcegetnew,1
CommunicationsA,1
apartial,1
terminal.powershellthe,1
out.updating,1
anothermove,1
names.powershellget,1
asadministrator.64,1
bindingarticle,1
15falsepowershelloutputthe,1
collaborative,1
thrown.PowerShellThis,1
vmickvpexchange,1
Perl,1
addsa,1
dll.To,1
andexperiment,1
AlsoTableRowEntries,1
ChannelThe,1
reg_multi_sz,1
onlyprotect,1
statementfor,1
unneeded.when,1
classic.content,1
versionsgithub,1
versionCheck,1
content66,1
same.these,1
jobmanagement,1
logarithmic,1
EnablePowerShell,1
Marks,1
openedealmonte321hananyajacobson1marcchasse1melvin,1
statementan,1
CDXMLOptimize,1
ins.however,1
OverVConsole,1
26252,1
difference.i,1
Namesort,1
system.management.automation.provider.navigationcmdletprovider.moveitem,1
psstyle.foreground.brightwhite,1
necessary.there,1
non-digit,1
returnseverything,1
TestEndProcessingClassTemplate,1
Parameters.A,1
26269,1
Modulesallow,1
pack4,1
versions.compressdata,1
namethat,1
placeyou,1
Examplesof,1
voice,1
cmdletsabout_Functions_Advancedabout_Functions_CmdletBindingAttributeabout_Functions_Advanced_MethodsCompiled,1
ApplicationAccessing,1
26235,1
pm...tipssort,1
ascriptlist,1
exceedthe,1
content.a,1
ObjectsIn,1
openedsurfingoldelephant133ariehein10changeworld4deadlydog2piedquance4new,1
compress.explode,1
person.firstname,1
script.OpenOpens,1
input.C,1
attempted.if,1
ht.keys,1
processinvoke,1
chdir,1
too.powershellindexspecial,1
contenttabexpansion2github,1
withFilterHashtableThis,1
thisGist,1
operator.PowerShellThis,1
typesby,1
automationContent,1
lowercasethe,1
zipfiles.count,1
extensionus,1
primarygroup,1
support.for,1
importantformatting,1
ContentCrescendo,1
parameter.PowerShellExtra,1
notespowershell,1
CommandsPowerShell,1
delegationhigh,1
servicesps,1
releaseWhat,1
Completers,1
thatrarely,1
openedxtqqczze21kilasuit11davidseibel1doctordns1jhoffmann2711kevinmarquette1klitztuch1markojorge1perjahn1schuelermine1jsilverm7mklement05cam11702justingrote2peetrike2new,1
seestandardeventkeyword,1
content15,1
fixedbefore,1
microsoft.public.windows.powershell,1
system.management.automation.powershell.begininvoke,1
LinuxUbuntuQ,1
outputextensible,1
MessagesSummarize,1
psobject.nullnon,1
voidT,1
PowerShellto,1
PSInvocationStateChangedEventArgs,1
08-nov-202108-nov-2024.net,1
TransactionAvailable,1
shell.you,1
errorwrite,1
versionsett,1
Munro,1
https://go.microsoft.com/fwlink/?linkid=89597,1
runspaces.each,1
computer.because,1
AssignmentStatementsand,1
catchclause,1
example.powershellps,1
mayor,1
bereduce,1
System.Boolean.A,1
wqlus,1
vbfor,1
turn.introducing,1
thatgenerate,1
worksonly,1
nameinvolve,1
7.6.2.0,1
displayed.common,1
it.PowerShellIn,1
<command:name>,1
ofapproved,1
cmdlet.passing,1
certificates.format.ps1xmlfile,1
users.these,1
CmdletOverrides,1
isesnippetcmdlet,1
variablecompare,1
myobject.psobject.properties.remove,1
messages.greeting,1
runassimpler,1
doesn'tinclude,1
fixes.to,1
repository.reference,1
updatesFix,1
TableRowEntriesXMLThe,1
jscript,1
ShellIds,1
unspecified.this,1
time.to,1
name5.1noteconfigurationdisable,1
types.errors,1
theSystem.ServiceProcess.ServiceController.ServiceName,1
clixmladd,1
command.powershellnow,1
table.you,1
multithreading,1
Helpcontent,1
theenumeration,1
files.however,1
ParameterNamePurposeHelp,1
5false5,1
it'seasy,1
oneimportant,1
written.examples,1
runspacedebugget,1
parameter.syntaxsince,1
8doubler,1
beoverwritten,1
GuidelinesCode,1
element.windows,1
parallelfor,1
weappreciate,1
JSONWhen,1
notmatter,1
any.parametersetname,1
isstore,1
notexist.at,1
InoRpcInoRT,1
securityof,1
ContinuationPromptColor,1
whichitself,1
PowerShellpipelines,1
appears.output7,1
wordis,1
<tasks>,1
writtento,1
keysvaluesinstancepropertyimplementation,1
2013window,1
orlook,1
links.remove,1
AlsoView,1
anywhereexcept,1
predictionsupport,1
youadd,1
processing.for,1
24/2018,1
drives.this,1
StopWrite,1
inconsistency,1
use.for,1
endianness,1
thecmdlet.C,1
AliasGet,1
policy8,1
importantcontainer,1
TipSome,1
parametershould,1
byMicrosoft.If,1
types.a,1
CodeSigningCertHere,1
alist.surround,1
pssession.yes,1
versiontarget,1
indirectway,1
thepipeline.powershellsyntax,1
onwindows.powershell,1
networkin,1
yourcursor,1
policya,1
console.refresh,1
AUTHORITY,1
andrecurse,1
appears.outputadding,1
januarypowershell,1
300m,1
APIs.You,1
nodes.nothing,1
toyou,1
restrictionus,1
Directdatacenter,1
RunAsFor,1
occasions.compiled,1
tommymaynard5naveensrinivasan2rikurauhala1joshua6point01rhorber1raton,1
membersconceptually,1
unlock.restrict,1
produceoutput,1
notrealget,1
#Add,1
specified.helpmessagebasename,1
servicesthis,1
objects.powershellthis,1
zeros.PowerShellWe,1
PATHenvironment,1
workloads.however,1
System.Reflection.BindingFlags,1
2026accessallowed,1
CategoryView.Cmdlet,1
GitHub.There,1
associatedby,1
parallel.the,1
atypename,1
alladapter,1
alc.engine.dll,1
changesinclude,1
PSDebugSet,1
outbound,1
PowerShellRegex,1
positiona,1
processname...get,1
documentation.area,1
Withrespect,1
representation.expand,1
variable.powershellnow,1
</eventdata>,1
capabilityfile,1
commands.an,1
Cre...New,1
theremove,1
services.in,1
archivethe,1
warning.publishing,1
<dynamicparameters>,1
Itbuilds,1
theopen,1
anaccess,1
WithCommand,1
processedbefore,1
eithernormal,1
pipelinewhile,1
thewideentry,1
key.powershellyou,1
ofitems.streamdata,1
experimentalfeatureenable,1
WmiEventSet,1
expressionmember,1
respective,1
listthe,1
DocsMicrosoftDocs,1
result'wednesday'assign,1
SystemSometimes,1
fromdisplay,1
system.management.automation.powershell.addscript,1
falseswitch,1
uint64decimal,1
Support.After,1
7migrate,1
tableremarksexamplexmlalignment,1
Howell11mdowstMatthew,1
providersitem,1
TableRowEntryScriptBlock,1
order.except,1
alongthe,1
configurationpress,1
ternary,1
valuesallowed.maxlength,1
AnalyzePing,1
property.powershelloutputthe,1
get...debug,1
more.powershellthe,1
readabout,1
ywarning!the,1
argumenttransformationmetadataexception,1
message.how,1
shownby,1
DataConvertFrom,1
='d,1
propertiesthe,1
notrequired.xmllast,1
option.for,1
asystem.management.automation.pipelinestoppedexception,1
HideUpdate,1
XMLYou,1
mwendia1chwarr1new,1
ListValueFromPipeline,1
subprocess,1
MrComputerNameTo,1
system.management.automation.cmdlet.writeprogressmethod.cmdlets,1
findalcmodule.engine.dll,1
access.introductionhelp,1
contextthat,1
onShows,1
point.the,1
type.as,1
names.outputget,1
2005-10-01,1
useragent,1
Ifexpression,1
onlyexport,1
thattemplate,1
moresyntax,1
MarchNew,1
conflictswhen,1
0servicepackminorversion,1
nameGet,1
andLessThanOrEqual.PowerShellVariations,1
NameParameterType,1
orheader,1
it.choose,1
newwhat,1
@JustinGrote,1
trackedby,1
theSession,1
objectdesignate,1
FavoriteNumber,1
viewthat,1
16951,1
andexperienced,1
targetobject,1
thisstatement,1
Itcan,1
anentity.savecreddata,1
commands.it,1
dscconfigurationget,1
thiscommand,1
16963,1
commands.in,1
2026specifying,1
parameter.xmlthe,1
args.The,1
nearly,1
<scriptmodule>,1
valuereturn,1
55c8,1
helpfileabout_methods,1
progressinformation,1
VisibleProviders,1
HelpTopic.Here,1
JavaScript,1
updatesﾉexpand,1
completion.if,1
window.PowerShellAdd,1
isconditionally,1
typedecimal,1
onlypsreadlinenew,1
moduleguid,1
helpinfo.xmllast,1
mystatus,1
validsingle,1
resourcescode,1
webpage.Code,1
concision,1
experienceusing,1
explicitlywhen,1
<!--add name and synopsis here-->,1
consoleand,1
337920,1
lengyel1msklv12024,1
butis,1
orswitch,1
technique.if,1
completewithout,1
PowerShellpost,1
delayoccur,1
in.there,1
muchmore.If,1
object.stopprocesssample02,1
securerandomadd,1
microsoft.powershell.commands.copyitemcommand,1
PowerShell.It,1
matches.switch,1
alsooptimize,1
rulesformatting,1
sentence0,1
basepistatic,1
setupps,1
duringsearch,1
CimCmdletsCommandType,1
iscorrect,1
system.uint16,1
pathundo,1
pipelineGet,1
topic.help,1
credrun,1
Karunan,1
beyondcompare4_is1publisher,1
dscpowershell,1
GUIDEMaking,1
cmdlettake,1
of.because,1
ShouldContinueInstance,1
cmdlets.valueinstanceproperty,1
ItemCommandType,1
System.Management.Automation.PSModuleInfo,1
theextended,1
duplicatetype,1
synopsis.synopsis,1
Acontainer,1
elements.none.elementdescriptioncustomcontrol,1
specified.repairdata,1
Marquette11ﾉExpand,1
function.powershellyou,1
butdo,1
folderget,1
ModulesBinary,1
HomeDirectory,1
exitingbreakpoint,1
dsc12,1
parallelstarting,1
inotindash,1
sdk.getprocesssample01,1
specific.cmdlet,1
scenario4.ps1transcript,1
guid.sometimes,1
bothprovide,1
identifier.choose,1
ServiceSuspend,1
DeclarationA,1
aPSCmdletThis,1
2005-10-23,1
PowerShellruns,1
element.Provides,1
list.configuration,1
thesevalue,1
areadded.c,1
session_key,1
aspositional,1
sourcesUpdate,1
runbook,1
Objectpipeline,1
once.the,1
INPUTValueFromPipelineByPropertyName,1
SelectionSetSpecifies,1
WdiDiagnostic,1
LinuxTo,1
thebind,1
anylength.consider,1
run.better,1
Linux.shPowerShell,1
guidelines.the,1
different.it,1
PowerShell.org,1
interfaceYou,1
typestoprocess,1
documentation.there,1
applicationiinput,1
tovalue,1
ListControlListEntry,1
ayourname.commands,1
topics.how,1
jea.roledefinitions.getenumerator,1
wascall,1
networkadapter,1
documentation.these,1
dummyHKEY_CURRENT_USER,1
scriptblockThe,1
computers.for,1
IsGettable,1
ContentSet,1
system.collections.arraylist,1
SampleCmdletSYNTAX,1
thelist.PowerShellIn,1
subdirectory.In,1
UserNameparameters,1
thesystem.management.automation.runspaces.initialsessionstate.createdefault2,1
new.directoryconfirmthe,1
PSReadLineOption.You,1
WinHttpAutoProx,1
ConflictingCommand'The,1
Thatis,1
completerfunction,1
NounNameAll,1
36Reading,1
.4.2.6.4,1
syntacticanalysis.a,1
emptyif,1
allowyou,1
script.use,1
notes.labelrelated,1
ayou,1
initialsessionstate.creating,1
#hacktoberfesthacktoberf,1
archiveuse,1
processwait,1
system.management.automation.powershellsystem.management.automation.host.pshostsystem.management.automation.host.pshostuserinterfacesystem.management.automation.host.pshostrawuserinterfacelast,1
confirmation.these,1
validonly,1
18-mar-202614-nov-2028.net,1
Dependency.Library,1
jobreceive,1
forboth,1
documentationOfficial,1
facedwith,1
jeaoverview.if,1
server.the,1
85.62,1
thatappear,1
true.https,1
skills.This,1
Better,1
odataendpointproxythis,1
psresourcerepositoryget,1
sheppard_ra,1
withUnix,1
definedcollectionthe,1
environmentMike,1
output.powershelloutputwe,1
neededfor,1
machine.powershell,1
happenedwrite,1
script.modulenameinstanceproperty,1
andHost,1
updatereorganize,1
editor.tabcompletion,1
failuredure,1
meaningful,1
208.10.6,1
faxdisplayname,1
searchresultBacktick,1
orunderstand,1
kevin'this,1
NoteMicrosoft,1
36.72,1
collectionps,1
files.application,1
anyWindows,1
code.When,1
CmdletThis,1
https://api.github.com/repos/powershell/powershell/releases/latest,1
Linuxcomputersudo,1
function.moduleinstanceproperty,1
liner.additionally,1
trustedadministrator,1
body.before,1
imagesSubmit,1
Experiencein,1
36.74,1
AssemblyResolve,1
configurationAuthor,1
stringsps,1
actions.The,1
specify.selectioncondition,1
followingtwo,1
MyDynMod,1
string.isnullorwhitespace,1
onlinegallery,1
trouble,1
code.The,1
restrictionschild,1
PowerShellOnce,1
pscommandnotfoundsuggestionpscommandwithargspsfeedbackproviderpsloadassemblyfromnativecodepsmoduleautoloadskipofflinefilespsnativewindowstildeexpansionpsprofiledscresourcepsredirecttovariablepsserializejsonlongenumasnumberpssubsystempluginmodelpsdesiredstateconfiguration,1
-8037-43ef-9072,1
calls.remarksthe,1
transcriptsIf,1
output.powershelloutputto,1
additionallocalization,1
start.Windows,1
#attempting,1
true.attribute,1
CmdletHelpPaths,1
processingfunction,1
highlighting.avoid,1
itstype,1
remotesession.when,1
intimidating,1
bold.powershell,1
opensrc_powershell,1
IsSettable,1
bar.Increases,1
-7.7.0-preview,1
Administratorsgroup,1
consumption.there,1
prompt.powershellfor,1
DigPowerShell,1
ConfigurationsA,1
suffix.for,1
enabled.Instances,1
FavoritePetFor,1
psitem.exception.messageexception,1
ContainsValue,1
HelpWriting,1
numberatanstatic,1
tostderrMake,1
AlsoInput,1
new.if,1
chord.OutputFor,1
themoduletoprocess,1
ElementAutosize,1
thepropose,1
thewin32_class,1
endpoint.powershellfind,1
end.year,1
modernize,1
andterminology,1
removedGitHub,1
additionalproperty,1
extension.the,1
label.if,1
configurationfile,1
process.getprocesssample05,1
above.PowerShellThis,1
outputdo,1
Delimiter,1
2025validaterangevalidatesetsee,1
businessContact,1
yourrunspace,1
issuemust,1
commentsdiscuss,1
tablekey,1
AlcModuleResolveEventHandler,1
articlespowershell,1
bestore,1
ordecimaluint16,1
digits.a,1
thereplacement,1
computer.outputto,1
12.3.9,1
guidelineswill,1
occurred.InquireEnumerationconstantThe,1
GroupBySelectionCondition,1
manyopen,1
escapectrl,1
3166,1
Azure.Azure,1
12.3.2,1
CurrentHost,1
12.3.6,1
pwsh.exe.Changed,1
12.3.4,1
updates.area,1
default.however,1
content.powershellusing,1
csvcommands.cs,1
diagnosis,1
credentialcontinued,1
passingthe,1
dynamicparameter.XML,1
bypipeline,1
you'reready,1
rightoperand.In,1
AlsoRunspace06,1
AlsoRunspace07,1
AlsoRunspace08,1
AlsoRunspace09,1
AlsoRunspace02,1
AlsoRunspace03,1
AlsoRunspace05,1
ineach,1
pipelinebypropertyname,1
idictionary,1
parameterincluded,1
filessm_configureprogramsname,1
thesystem.management.automation.provider.containercmdletprovider.renameitem,1
andsystem.management.automation.provider.containercmdletprovider.getchildnamesdynamicparameters,1
definition.typename,1
backend,1
DesignInterpreting,1
program.running,1
ENTER.ActionKeyboard,1
output.txtcommandtype,1
remotecomputers.windows,1
tools.basic,1
failslast,1
andabout_psmodulepath.4,1
pssessionexit,1
InstallationPolicy,1
configurethe,1
PowerShellWindowsCompatible,1
resource.diffcompress,1
onworkstation,1
learn.microsoft.comverify,1
bereview,1
ComponentsList,1
pipeline.last,1
w32topl.dll,1
converttext,1
srcmode,1
system.idisposable,1
gerous.ps1,1
pwsh.exepowershellcopyright,1
below.The,1
AddScript,1
RegisterObjectEventCommand,1
<element name="uiculturename" type="language" minoccurs="1" maxoccurs="1" />,1
intermediatelanguage,1
notvalid,1
thatindicate,1
erroridentifier.error,1
providers.how,1
Member.PowerShellYou,1
mehere,1
LifecycleJoin,1
splatThe,1
docorrectly,1
startautomatically,1
commandback,1
SyntaxGet,1
withUnpublish.Deploy,1
modepsreadline,1
StringColor,1
panda1jaykul1juvtib1przmv1mklement02new,1
tocontribute,1
26424,1
workbest,1
issue.naming,1
FaxWrite,1
ofremote,1
CommonProtect,1
improvementsRemove,1
DLL.I,1
partially,1
8and,1
onlyone,1
dependentserviceschange,1
trustworthiness,1
youcould,1
upgradedto,1
awareness,1
subdirectory.to,1
7063:28,1
job.stop,1
satisfactory,1
PowerShellSince,1
TopicsYou,1
applications.learn,1
it.PowerShellWe,1
this.getprocessesbyinput,1
subfolder.for,1
Cand,1
platformuse,1
myobject.id,1
GetValueInvocationExceptionexception,1
commands.this,1
outputof,1
v2.4.4,1
System.IO.DirectoryInfo.Each,1
expression.description,1
sentout,1
Names.To,1
WhatIfsupport,1
truerunasvirtualaccountgroups,1
variable.However,1
ofsystem.management.automation.provider.drivecmdletprovider,1
vertical,1
jea_lev2,1
localuserenable,1
matched.here,1
malware.exe'you,1
trystatement,1
StringDataConvertTo,1
thecmdlet.domaindata,1
disconnect.join,1
macos.use,1
assignedwhich,1
Replace,1
inputif,1
types.Name,1
system.files,1
time.Windows,1
other.powershell,1
mostoptional,1
sensitive.new,1
this.buffer.insert,1
notneed,1
basiccustom,1
group.the,1
contentto,1
about_remote_variables,1
dashan,1
subdirectory.PowerShellTo,1
methodschapter,1
taken.a,1
DockerSummarize,1
manager.also,1
eventwe,1
PropertyToDisplay,1
workbench.activitybar.visible,1
2025control,1
libssl,1
beforedelet,1
flagspowershell,1
bypassconfiguration,1
Carl,1
setsname,1
Uninstallation,1
expressionforeach,1
AssemblyLoadContextsPowerShell,1
3the,1
properly.from,1
objwmiservice,1
powershell.exectrl,1
pathjoin,1
helpfileabout_parallel,1
TrustedToA,1
JEAsession,1
editor.the,1
failure.with,1
space'switch,1
to.typenameofvalue,1
service.By,1
parameters.Consider,1
Theexception,1
ArrayLiteralAst,1
tools.last,1
2222powershell,1
remainingbit,1
understandingwhat,1
types.pscleanblock,1
thanks@matejkafka,1
nullinformation,1
andconclude,1
andserver,1
number.This,1
propagationfunction,1
DeleteMeCopy,1
codesigningcertget,1
services.C,1
shouldn't.the,1
youchange,1
ascript.the,1
doubleany,1
operand.if,1
26479,1
HelpMessageResourceId,1
26472,1
edition.http,1
26474,1
ControlｅOVERVIEWUsing,1
supplied.use,1
Naur,1
SPDX,1
Itis,1
Animplementation,1
justpotentially,1
provide.powershelladd,1
settings.adds,1
thepredictionsource,1
orproperty,1
beconfirm,1
cmdlets.powershellthe,1
stringcreate,1
2025installing,1
26483,1
26482,1
anAlt,1
26487,1
ContentSDK,1
saveyour,1
CodeMemoryMB,1
whichcommand,1
</noteproperty>,1
PositionalParameterNotFound,1
Microsoft.PowerShell.Commands.FileSystemProvider.GetContentWriter,1
withoutsudo,1
26457,1
message.dontshow,1
about_telemetryimproved,1
26454,1
namespace.namespace,1
TheOnline,1
itemsnew,1
spacing.xmllast,1
control.PowerShellThe,1
PasswordNotRequired,1
server.windows,1
26469,1
CommonUninstall,1
26460,1
dllso,1
26463,1
usedmore,1
Total,1
makepr,1
withelevated,1
string.markdowncomplex,1
CopyItemDynamicParameters,1
easilyshare,1
outfind,1
connection.running,1
assemblyPath,1
ecmapublication,1
functiona,1
items.If,1
jobs.System.Management.Automation.JobState,1
predictor.In,1
investing,1
formats.use,1
viewdefinition.elementdescriptiontablerowentry,1
valuesthis,1
system.management.automation.runspaces.runspacefactory,1
YourFirst,1
memberlast,1
bitunicode,1
101cpu,1
module.dllps,1
RunSKC,1
settingsYou,1
doesn't.confirmimpact,1
opened201520162017201820192020202120222023202420252026toclamb12314tabad112thomasnieto3243trollyanov111laurentdardenne3252liturgist111252jsilverm84carlotoso11vors1621uberkluger172matt9ucci2521o,1
macosexample,1
iTerm.app,1
Help.PowerShell,1
<param name="readcount">,1
GuidelinesStrongly,1
calendarhow,1
displaysa,1
2024parameter,1
commonname,1
PowerShellDelete,1
tablebreakpoint,1
CommandLineproperty,1
feature.available,1
3too,1
releaseGitHub,1
furtherrefine,1
invokingcommand,1
currentlocation.when,1
displayed.viewdefinitions,1
TableRowEntryelements,1
textthat,1
updated?can,1
bechange,1
wildcardexpansion.adding,1
TieringEngineService.exe,1
AddStatementPowerShell,1
system.management.automation.verbssecurity,1
PathNotFound,1
parameters.override,1
11/14/2023,1
furtheraction.a,1
preview.shorshpowershell,1
2023ﾉexpand,1
errorssupport,1
messagewrite,1
beforecommitt,1
interrupted.powershellby,1
object.linesinstance,1
AutoSizeand,1
usagecreate,1
documentsappear,1
azvm,1
UpdatesContributor,1
confirmimpact.high,1
documentation.anonymous,1
computermake,1
objectsgenerated.createstatic,1
ListEntryList,1
instead.powershell,1
anotherfunction,1
alsorunspace04,1
machineVS,1
OSType,1
alsorunspace01,1
Muchof,1
PaneMaximized,1
policy.remotesigned,1
colorsare,1
errorrecord.exceptions,1
notes.windows,1
understanding.chapter,1
AlsoGetProc,1
infinitypositiveinfinitystatic,1
remotecomputer.for,1
acontrol,1
dword,1
running.If,1
invokedvia,1
lines.powershellthere,1
script.powershell,1
onlineparameter,1
apropertyname,1
usernamegetting,1
runprofile,1
system.io.filestream.init,1
panelThe,1
fordirect,1
fullGitHub,1
Magazine,1
output.In,1
operations.multi,1
SearchGet,1
slightlywrong,1
RenewDHCPLease,1
docset.if,1
answers.the,1
gbgigabyte,1
thoseshortcut,1
Remoting.PowerShell,1
1Output,1
CimType,1
0x10gb,1
comments.powershellthe,1
newgroup.label,1
debugging.remove,1
arguments.The,1
files.windows,1
PowerShell.Support,1
higher.don't,1
eitherversion,1
themember.pscodemethod.membertype,1
14623,1
enter.all,1
powershellUninstall,1
codethat,1
executionThe,1
HandleControlC,1
panedo,1
use.controls,1
defaultis,1
WINLOGON,1
returned.parametersetname,1
zerotwothreeps,1
cmdlet.validatecount,1
TransactionUse,1
EightDotThreeFileName,1
AlsoAdvisory,1
signing.cerimport,1
on.cmdlet,1
DefinesParameter,1
3280,1
rightWe,1
releasemajor,1
Brotli,1
process.use,1
limitations.The,1
WmiObjectReset,1
.7.1.9,1
3284,1
svchost716,1
datethursday,1
cmdlet.displaying,1
powershell.working,1
PowerShell.Users,1
ServerStopped,1
tasksfind,1
ToCharArray,1
AccountLockoutTime,1
TypeData,1
powershellexplained.com.commonparametersusing,1
openedb,1
theSelectionSet,1
10.13.37.3,1
items.To,1
waschange,1
s.can,1
powerfloorstatic,1
PatternThis,1
alsomake,1
commands.For,1
sets.xmlyou,1
SQLPS.SQLPS,1
propertymust,1
help.xmlthe,1
leftout.PowerShellI,1
Exploreror,1
chief,1
properties.powershell,1
SecretStoreTop,1
authorwhere,1
DESCRIPTIONThis,1
matchswitch,1
non-defaultswitch,1
DataUnregister,1
Tableresizes,1
toinvoke,1
shown.c,1
Ifthat,1
documentationabout_calculated_propertieswriting,1
modules.InstallScopeWindows,1
ProviderHow,1
methodsprotect,1
displayed.output,1
ContentCreate,1
sequence.bypass,1
parameters.clear,1
guide.Build,1
mrparametervalidationcmdlet,1
26552,1
macoslinux,1
userAccountControl,1
practicefilter,1
differences.you,1
26565,1
method.use,1
coerceelementtypeusing,1
improvementsOther,1
Strcmdlet,1
services.addparameterpowershell.create,1
26564,1
cmdlets.because,1
moveonto,1
aren'tmeant,1
viewdefinition.elementdescriptionwideentry,1
adprincipalgroupmembership,1
arecreate,1
theinterval,1
declaringthe,1
Windowsoperating,1
14550,1
characteristics.first,1
later.if,1
xoroperator,1
1.5393162788864,1
NoteSupport,1
detailsto,1
about_arrays,1
14553,1
characters.xmlcreating,1
completerspowershell,1
viewscombination,1
bytes.nameinstanceproperty,1
2.remove,1
scriptsrunn,1
table.comparison,1
managingbreakpoint,1
theusefulness,1
RightToLeft,1
followingclass,1
DeleteMeConfirmThe,1
isspecify,1
namespacescopemodifierwithin,1
newsession,1
doesn'ttypically,1
onlyEnter,1
12/7/2017,1
26512,1
26515,1
26514,1
Objectcmdlet,1
products.windows,1
subsyste,1
costtotal,1
i'mreferring,1
keepauthorization,1
runtimealso,1
SelectionColor,1
zeroand,1
documentsThe,1
jobﾉexpand,1
VariablesArticle,1
pipeline.cmdlets,1
matchingarticle,1
machines.you,1
tablepowershellget,1
objectitself.alignment,1
results.powershell,1
higher.If,1
thecasesensitive,1
theStart,1
ShouldProcessParameters,1
time.because,1
cmdletand,1
helpfileabout_ws,1
remotely?for,1
noToAll,1
variableselect,1
zeros.systemenumerationconstantthe,1
14513,1
processwill,1
state.replicate,1
Cmdlet.ThrowTerminatingError,1
value.i,1
first.there,1
elements.type,1
a7d7,1
defaultTo,1
Volatile,1
Object.PowerShellOutputThe,1
repeatedlyuntil,1
type.area,1
@gregsdennis,1
SetsMember,1
output.To,1
PowerShellcmdlets,1
-123-0.12340,1
2ec1get,1
reportingcmdlet,1
sametime.none.schemasyntax,1
Usingthe,1
hashtables.last,1
theright.leftindent,1
twice.the,1
modules.users,1
intermediateserver,1
aboutarraysarray,1
mergethe,1
ofhklm,1
JEA.When,1
valuesthan,1
doublenanstatic,1
utilityshell,1
met.configuration,1
Ifthis,1
missing.You,1
performed.RedoPerforms,1
frommicrosoft.e,1
methodthrow,1
Get...New,1
psmodulepathseparate,1
TrueThe,1
tablesget,1
defaultsessionstate.commands.removeitem,1
directlyFor,1
psresourcenew,1
SymbolicLink,1
quickstartto,1
ParameterType,1
thesetter,1
shouldn'tmodify,1
thisinitiative,1
Fixes,1
VariablesNew,1
member.powershell,1
PSSessionConfigurationGet,1
psmodulethe,1
eachtopic.The,1
MachineNameproperty,1
filesｃHOW,1
system.management.automation.verbscommonsystem.management.automation.verbscommunicationssystem.management.automation.verbsdatasystem.management.automation.verbsdiagnosticsystem.management.automation.verbslifecyclesystem.management.automation.verbssecuritysystem.management.automation.verbsotherfor,1
joinps,1
DSCMicrosoftDocs,1
andtransfer,1
processlist,1
SmbShare,1
itsdiameterabsstatic,1
system.management.automation.cmdlet.invoke,1
worldwide,1
1debugging,1
not.this,1
theresponse,1
range.close,1
operatingsystemsﾉExpand,1
RanGen,1
nextbreakpoint,1
whenconvert,1
2025everything,1
asmbyte,1
forsystem,1
PowerShellexpandable,1
protocolinvestigate,1
System.Security.Principal.SecurityIdentifier,1
Microsoft.PowerShell.Management.Get,1
RootModuleparameter.It,1
tableelementdescriptiontablecolumnheaderelementdefine,1
NetFirewallServiceFilter,1
PSVersionFunction,1
soap,1
macos.ps1,1
significant.None.ElementDescriptionSelectionSet,1
14596,1
usercontextdomain,1
overrideit,1
inherently,1
26571,1
untrusted.net,1
mark'single,1
26572,1
valuewith,1
10x20x30,1
cmdletoperation,1
Hyperlinks,1
shortcutpinn,1
win.ismatch,1
System.IO.DirectoryInfo,1
run.turn,1
containinga,1
expression.back,1
GetSourceObjectEventName,1
modulemay,1
DetailedThe,1
DataSearch,1
commandscript,1
linehelp.the,1
tableAliasCmdletrmRemove,1
save.once,1
options.this,1
ProtectedF,1
locationfor,1
AlsoRemote,1
ElementTableColumnHeaderWidth,1
with.powershelloutputmany,1
permissions.restart,1
verMicrosoft,1
exceptionsfor,1
win32_logonsessiongetting,1
PeekSend,1
thingsWhat,1
seecmdlet,1
Host'pwnd,1
raised.Examples,1
file2.txt,1
loaded?jon,1
themove,1
computers.to,1
selected.If,1
adomain,1
typedictionary,1
methodgenerate,1
integral,1
operatorstype,1
cmdletonly,1
hierarchydirectly,1
sharedparams,1
providedifferent,1
HKEY_CURRENT_USERName,1
OlderThan,1
currentprocess.encodedcommand,1
thesupport,1
numbers.PowerShellWe,1
ithas,1
cmdlet.XMLThe,1
namedsystem.guid.format.ps1xml,1
PowerShellOutputFor,1
script.While,1
forlocal,1
italicsfollow,1
Thecreated,1
onlysplit,1
accountany,1
EventLogClassicGet,1
fornavigation,1
agencyd559a586669b08f46a30a133f8a9ed3d038e2ea8,1
output.if,1
about_jobs,1
AuditFailure,1
3316,1
4001628The,1
it.powershellclone,1
colorset,1
SmartcardLogonRequired,1
CurrentPSTransaction,1
leless,1
arecurrently,1
TrustedForDelegation,1
objects.Specify,1
guideNew,1
timezonewindows,1
characterseither,1
you.Last,1
soit,1
immediate,1
5985,1
IsScreenReaderActive,1
exceptionstarted.If,1
forEnumerableExpansionOptional,1
HashtablesArticle,1
ExamplesGitHub,1
alias.you,1
3336,1
thanidiomatic,1
empty.A,1
management.winrm,1
help.there,1
throughoutthi,1
sort.If,1
owner,1
Markdownfiles,1
693get,1
lines.the,1
areplacement,1
names.Here,1
views.xmldefining,1
argumentoption,1
<commandinfo>,1
usetry,1
TrueGivenName,1
displayssome,1
andselect,1
butwithout,1
officepowershell,1
ProviderSamples.The,1
txtif,1
ofuser,1
OSLast,1
violationsfix,1
SymbolDescriptionRelative,1
MacData,1
about_ModulesREMARKS,1
ImplementationdefinedGets,1
anyinstance,1
psitem.exception.innerexceptionmessagethe,1
enter.stepping,1
ParenExpressionAst,1
domaincontroller,1
answers.see,1
unexpanded,1
wheneverit,1
status2026,1
rulesavoid,1
structureMoved,1
quit...get,1
methods.outputget,1
predictiveintellisense,1
PowerShellImport,1
table4,1
GitHubCodespaces,1
credential.getnetworkcredential,1
labelelement.none.none.elementdescriptiongroupby,1
lastwritten,1
@roboadding,1
German.This,1
itthrough,1
pwshget,1
theShowError,1
GalleryArticle,1
parameterssome,1
macOSPowerShell,1
persist.one,1
svgThe,1
inconsequential,1
types.although,1
CurrentVersionitself,1
splitdash,1
preferencevariable.if,1
addmicrosoft.powershell.sdk,1
optional.For,1
topics.except,1
FileLoadException,1
computer.even,1
system.management.automation.scopeditemoptions.outputtype,1
about_PSModulePath.７,1
object.using,1
338a,1
capabilities.drive,1
cmdlet.powershellif,1
theparent,1
messagepoint,1
cmdlet.powershelloutputfunction,1
Pink,1
start.year,1
afterdeployment,1
operatorscontainment,1
description.the,1
Microsoft.PowerShell.Managementmodule,1
KindTypePurposeLengthInstancePropertyint,1
forlistitem,1
gamedvr_fsebehaviormode,1
system.management.automation.runspaces.initialsessionstateobject,1
thematch,1
fixes.github,1
ParametersImplement,1
NoProfileLoadTime,1
takai517purdo1713bergmeister13311211markekraus111exchange12rocks731hrxn2225github,1
@CIMParamsMultiple,1
UniformResource,1
narrator,1
commands.running,1
r2full,1
<xml help file>,1
accessedthrough,1
uint64long,1
theSystem.Management.Automation.Cmdlet.BeginProcessing,1
14692,1
baseprovider,1
Activity,1
ps.powershellother,1
contributeprepare,1
modulelot,1
property.Collections,1
objectkillstop,1
adaptationan,1
readcan,1
howa,1
error.cmdlets,1
yourexist,1
24025,1
Servicecmdlet,1
re-wrap,1
CancelSubmit,1
featuresexperimental,1
yourcomputer,1
12048,1
types.for,1
0.log,1
run.create,1
locationthat,1
used.ﾉexpand,1
forreplacement,1
#ERR,1
socheck,1
controlsystem,1
alsosupport,1
AppLockerExecution,1
found.In,1
BowserRunning,1
endpoint.powershellsingle,1
accordance,1
Microsoftrepository,1
pssessionconfigurationupdate,1
wsmanaction,1
26669,1
26668,1
DscConfigurationStatusGet,1
iconvertiblet,1
system.management.automation.applicationinfo.this,1
257cpu,1
2026psworkflow,1
2022.5.0,1
tokensignature,1
toinstall.powershell,1
contributorguide.links,1
read.put,1
gitset,1
rules.how,1
andrun,1
scopeUsingImplementation,1
modules.dynamic,1
equivalent.Code,1
sensitive.editorial,1
stringspecify,1
handlerexist,1
26649,1
PowerShellPSWorkflowPSWorkflowUtilityThe,1
github.com/powershell/powershell/releases/download/v7.5.7/powershell-7.5.7-1.rh.x86_64.rpmpowershell,1
thesevariable,1
theclipboard,1
singleline.regexmatchuse,1
host.privatedata,1
seethi,1
GuideGitHub,1
26618,1
youavoid,1
otheroperand,1
booladvance,1
Gallery.PowerShell,1
notebecause,1
isreference,1
asneeded.new,1
openedsethvs2guilhermgonzaga1new,1
editor.Prerequisites,1
theGetValue,1
expressionhash,1
time.creating,1
script.moduleinstanceproperty,1
PipelineProcess,1
dotnetframeworkversion,1
share.module,1
aprefix,1
DriveName,1
servercget,1
ideas.powershell,1
retrieved.issettable,1
<element name="helpcontenturi" type="anyuri" minoccurs="1" maxoccurs="1" />,1
sameposition.only,1
AlsoTableControl,1
ISE.In,1
AdministratorKerberos,1
octal,1
msedgewebview2memorymb,1
bystatement,1
prfill,1
functions.setting,1
formed.some,1
guidelinescoding,1
securedriveconfiguration,1
#connect,1
1/24/2020,1
0prompttext,1
notturn,1
value.powershelloutputcommandtype,1
deserializing,1
currentexception.PowerShellWe,1
youreceive,1
getsevaluate,1
them.I,1
arguments.maxlength,1
jsonconfigure,1
typedatawait,1
averagecount,1
us.the,1
them.A,1
first?Was,1
orraise,1
defineyour,1
versioni,1
name.powershellvariations,1
-27367.8,1
macosrunn,1
confirmation.a,1
keyand,1
locationthis,1
PowerShell.GetProc,1
nullreceive,1
sensitive.left,1
PowerShell.Custom,1
fontssupport,1
24075,1
whenrespond,1
BusinessDefense,1
violate,1
code.import,1
thedocument,1
recurseexecuting,1
editorialrequirements.several,1
secAttrs,1
mind.use,1
24086,1
language.examples,1
output.we,1
elementsselectioncondition,1
win32reg_addremoveprogramsclass,1
file.firstlineindent,1
displayed.powershell,1
overridden,1
tight,1
ansiescapetimeout,1
referencesthe,1
providersPowerShell,1
system.uri.avoid,1
representthe,1
producesone,1
PowerShellAuthoring,1
replacemethod?format,1
decoder,1
instance.monthinstance,1
onekind,1
Acmdlet,1
24065,1
switch.One,1
serverinstance,1
thedevice,1
parametertterminating,1
caseOnly,1
PowerShellUpdatable,1
extensionUseful,1
1.0.1.0...get,1
deviceset,1
3.37measure,1
cmdlet.quietdata,1
paragraph.fenced,1
seeabout_module_manifests.3,1
26692,1
pandoc,1
wqlconnect,1
ControlRemoting,1
3redgreenblueredgreenblueredgreenbluea,1
Jeffrey,1
mrpsversion'summary1,1
topic.these,1
WmiObjectWindows,1
24047,1
myfile.csvhypertext,1
interfacesand,1
24041,1
languagethe,1
beexpose,1
PowerShell.Command,1
5:40,1
wm_settingchange,1
5:44,1
amd64,1
column.writing,1
22.612,1
below.beginning,1
andpassword,1
implementan,1
problemwhen,1
language.Tokens,1
data.In,1
system.io.file.internalreadalltext,1
encodingchoice,1
methodsof,1
CurrentVersionName,1
isimplied.the,1
verbsprovide,1
lookWhen,1
RecordsYou,1
endinvoke,1
terminatorif,1
SMBIOS,1
defaultAcceptNextSuggestionWord,1
eachdatatype,1
Markdown.GitHub,1
CmdletStart,1
interactivecommand,1
thatlett,1
code.You,1
jobsrunn,1
itemback,1
encoding.also,1
pipe.commands,1
againstremote,1
powershellupdate,1
loop.the,1
exploremodern,1
article.powershellearlier,1
signify,1
Tutorialdefines,1
preventyou,1
user.host,1
EntryType,1
ShouldProcessConfirmAre,1
loosely,1
eventscontent,1
platforms.supported,1
342d,1
executing.a,1
modules.guidelinesuse,1
owncommands.writing,1
2025stopprocesssample01,1
structure.once,1
lineseparations.the,1
psrcextension,1
InputPS,1
FrameworkEnable,1
experimentalfeaturenew,1
objectpathinstance,1
nametest1,1
youAnything,1
TypeProfile,1
S4U2proxy,1
contentsand,1
requirementssudo,1
SumProperty,1
powershellhostname,1
amend,1
7.1get,1
selectionf8stopexecutionctrl,1
3452,1
tofulllanguage,1
CommonExit,1
objects.The,1
Mandatorykeyword,1
resolvealcengine,1
1..3,1
browserretire,1
policyFor,1
parametersFix,1
Forceand,1
system.mathgetting,1
methodsto,1
user.some,1
2025runspace10,1
hashtable?most,1
class.powershellshutting,1
historynew,1
1.01,1
modulenew,1
openedshriharshmishra1a,1
hostprogram,1
drivemountuserdrive,1
red`tblue`ngreen,1
files.find,1
free.capturing,1
neverOpen,1
ComputerSecureChannelWindows,1
onewindows,1
NETFramework,1
tableescapedcharactermean,1
andimplementationFor,1
AccountNotDelegated,1
utf32,1
nowinteract,1
expressionrange,1
list.scriptblock,1
expressionunary,1
OpenSSHserver,1
1.13,1
newtonsoft.json.conflicting,1
request.the,1
providername,1
itsave,1
1.09,1
1.08,1
view.displays,1
1.06,1
accountonly,1
system.management.automation.errorrecord.exception,1
onlyise,1
collectively,1
2025tablecolumnheader,1
elementcontain,1
ListItemLabel,1
configure.Works,1
1.21,1
drive.protected,1
AutoHotkeyPublisher,1
stilluse,1
CatchThe,1
odds,1
Codespaces.Available,1
onWindows.You,1
operateagainst,1
split.combine,1
runspaceaddcommandpowershell,1
DscConfigurationStop,1
doapply,1
version.what,1
3496,1
1.30,1
results.txtwhich,1
PSRemoteUserThe,1
pathitemexistsdynamicparametersthis,1
1.25,1
includeusername,1
input.powershellthe,1
PowerShellAdded,1
group.valuesinstance,1
prsdoctordn,1
pipeline1,1
BadEnumerationforeach,1
andcontinuing,1
2022powershell,1
anotheruser.cmdlet,1
spot.when,1
marchhow,1
makesno,1
<data name="library">,1
modulestake,1
1.52,1
comparison.powershell,1
26822,1
characterThe,1
2025outputtype,1
1.48,1
script.retrieving,1
dnsconfiguration,1
toother,1
Con...Get,1
PowerShellprovider,1
asequence,1
non-name,1
movement,1
MethodsCmdlets,1
PSFObject,1
base.endprocessing,1
accessoperator,1
helpabout,1
anemployee,1
2025closing,1
it.Module,1
powershellselect,1
computation.the,1
viewconfiguration,1
directory.assembling,1
CommonApprove,1
IsPublic,1
implemented,1
andconstrain,1
26804,1
1.71,1
binarymoduleus,1
myobject.psobject.typenames.insert,1
specified.exactdata,1
1.78,1
1.76,1
itimpose,1
tablenew,1
LogonRunning,1
methodusing,1
functionsfilter,1
GetValueInvocationException,1
baselog10static,1
ErrorCategory.InvalidData,1
prupstream,1
PowerShellfunctionsThis,1
123false,1
youexecute,1
textrecord,1
ProcedureName,1
guidelineslabelling,1
resumed.workflows,1
CimInstanceWindows,1
InstallRestore,1
Repositoryconfiguration,1
processeson,1
PowerShellEarlier,1
3.0.Get,1
whatifsupport,1
analogy,1
adependable,1
prediction.using,1
exception.powershelli,1
beingenforce,1
user.PowerShellIf,1
wout.ismatch,1
Houston,1
processes.powershelltesting,1
theSystem.Management.Automation.Provider.ContainerCmdletProvider.GetChildItems,1
#save,1
minusyou,1
andsystem.management.automation.provider.setitemdynamicparameters.setitemdynamicparameters,1
uniqueget,1
PARAMETER.PARAMETER,1
object.basenameinstanceproperty,1
occursdisplay,1
MicrosoftOffice,1
26791,1
tableElementDescriptionTableRowEntry,1
identity.if,1
name.When,1
process.a,1
object.powershellthe,1
running.to,1
host.host02,1
3010falsered,1
array.idictionaryhash,1
users.By,1
192.168.1.0,1
24115,1
asWindows,1
itscommand,1
loaded.You,1
MiniRedirector,1
present.the,1
cmdletsthat,1
operator.Further,1
broaden,1
automationUse,1
happening.the,1
thepackage,1
conformance,1
26785,1
action.these,1
powershell.additional,1
differentnew,1
troller,1
allowedfor,1
lastnew,1
toremotesign,1
outputthe,1
pipelined,1
of50,1
conductclose,1
examples.The,1
constrainedlanguage,1
operator.powershellthe,1
psrolecapabilityfile,1
view.xmlwithin,1
equivalents.you,1
FScript,1
isshow,1
problem.the,1
februaryupdate,1
forlistentryoptional,1
Positionkeyword,1
WindowsEngine,1
itemsset,1
tableretire,1
pre-process,1
requests.winrm,1
languages.a,1
specified.repairstringdata,1
memberselect,1
TableRowEntrySpecifies,1
thereand,1
overlap,1
IdentifierWhen,1
@Ryan,1
myscript.ps1rulename,1
df3d,1
sowill,1
users.In,1
platforms.In,1
distro,1
.7.4.7,1
días,1
thesystem.array,1
element.None.None.ElementDescriptionEnumerableExpansionElementDefines,1
anotherexcellent,1
AttributesArticle,1
usesan,1
CustomEntryﾉExpand,1
@modulemanifestparamsdefining,1
thelocation,1
addruntime,1
Microsoft.PowerShell.PowerShellAdapter,1
SomeObject,1
thetask,1
https://github.com/powershell/powershell/releases/download/v7.4.16/powershell-7.4.16-linux-musl-x64.tar.gzuse,1
whenback,1
attribute.classdata,1
PSSessionConfigurationFile.You,1
example.powershell,1
@typedata,1
debuggingYou,1
pathconvert,1
ExampleTo,1
provideuser,1
areunicode,1
formatting.parsing,1
GetProcessesByInput,1
shell.This,1
jobtriggerget,1
anchortop,1
communicatorcrypserv,1
WriteAllBytes,1
SetItemDynamicParameters,1
script1.ps1,1
security.principal.windowsbuiltinrole,1
Thanksgiving,1
Theexchange,1
session.PowerShellYou,1
PowerShelldotnet,1
https://packages.microsoft.com/config/rhel/$majorver/packages-microsoft-prod.rpm#,1
withinformatting,1
documentation.site,1
a.NET,1
highersee,1
manpage,1
application.extensioninstance,1
any.net,1
types.Providers,1
separatesearchable,1
tests11,1
thensave,1
sticky,1
excessive,1
property.PowerShellThe,1
system.management.automation.runspaces.runspace.apartmentstate,1
progressto,1
pagerspecify,1
AlsoConfirmation,1
expanded.typename,1
</schema>,1
strings.a,1
24192,1
24194,1
threadjobcmdlet,1
packageunregister,1
anindividual,1
onlydisconnect,1
contributorstranscription,1
interface.you,1
@mklement0,1
SkipLast,1
psworkflowexecutionoptionnew,1
poweruserd,1
FunctionalityCmdlet,1
parameterxmlhere,1
pssecurityexception,1
Itemcmdlet.In,1
definethe,1
found.at,1
#This,1
customsnap,1
filesaving,1
IntroductionAbs,1
conceptually,1
48148,1
theSupport,1
features.we,1
ofinput,1
Microsoft.PowerShell.Commands.ObjectEventRegistrationBaseneed,1
ScriptF3Script,1
pattern.powershellthe,1
homefolder,1
classcalled,1
table.powershell,1
7.3new,1
reference７,1
NoteIf,1
values.other,1
backup.inputobjectdata,1
example.vbyou,1
thatdetermine,1
copiesit,1
99you,1
ofcommands.There,1
forpublication,1
afree,1
numberofcmdlet,1
andpowershell,1
pseudobinding,1
contribute.To,1
tabstitle,1
guidedocument,1
h.lower,1
tablemicrosoft.powershell.threadjob,1
ordinarydirectory,1
Valueelement,1
scriptThis,1
selectend,1
Wai...Clear,1
views.powershellcore.format.ps1xml,1
disclosureand,1
firstcheckbox,1
CommandPowerShellOutputYou,1
trust.changing,1
scriptinternationalization.A,1
Guidelines.The,1
exception.create,1
userif,1
setreference,1
member.members,1
notemore,1
honored.there,1
checkif,1
programmanager,1
naturetypeless,1
sql$,1
Robocopy.exe,1
anissue,1
small.the,1
properties.conversiontype,1
DataCopy,1
addparameterpowershell.create,1
clear.This,1
appearsin,1
use.by,1
permitted.name,1
ways.briefly,1
completed.if,1
test01parameter,1
ABC,1
infsett,1
method.if,1
Reportingto,1
name.powershelloutputwhat,1
RecordsCmdlets,1
februaryrelease,1
generated.PowerShellI,1
topics.updatable,1
PowerShellnon,1
successfully.creating,1
newhacktoberfest,1
value.you,1
PowerShellnow,1
outputwarning,1
ACR,1
valuematch,1
Year,1
sourcescript,1
diagnose,1
02/24/2026,1
fixes.app,1
02/24/2025,1
domain.before,1
arrays.positional,1
DataPush,1
filedelete_me_to_disable_consolehost_telemetry,1
theselabel,1
psadapt,1
ADI,1
wouldplace,1
DivesPowerShell,1
session.test,1
2025runspace,1
unescapedwhite,1
runspaces.C,1
addsthe,1
toavoidblock,1
AES,1
sessionrunning,1
commonparameter,1
sendingoutput,1
indicatesthe,1
ToArray,1
arrayslater,1
useror,1
ofhost,1
projectscall,1
methodwill,1
ofwrite,1
use.if,1
#execute,1
intint,1
cmdletcontinue,1
alsotutorial,1
types.ps1xml.for,1
platforms.putting,1
3592,1
RegisteredUser,1
0x008080,1
windows.keybindings,1
Thanks@iSazonov,1
happen.when,1
CachesSystem,1
prompt.PowerShellOutputJEA,1
users3,1
users2,1
CLRVersionPSVersion,1
block.clear,1
administratorscomputeraccountmember,1
theProcess,1
improved,1
ListControlProvides,1
shells.some,1
TimeOutputThe,1
levelexpression,1
contentUpdates,1
blocks.when,1
restrictiontype,1
ModulesWindows,1
myobject.tohashtable,1
EmailAddress,1
parallel.workflows,1
thesystem.management.managementobject,1
ie.document.body.innertextthe,1
statement.a,1
samaccounttype,1
buildps,1
MicrosoftUpdate,1
exclusively,1
specified.searchformat,1
recordsError,1
writing.how,1
thewhole,1
viewer,1
someexample,1
numbersthe,1
conditionfix,1
andreference,1
set.This,1
structureus,1
member.membertypeinstance,1
Sensitive,1
themicrosoft.powershell.core,1
14953,1
badPasswordTime,1
00330,1
objects.addrange,1
true.examples,1
WideItemParent,1
value.IntegerSystem.EnumConverts,1
tableparameterpurposeparam,1
191.56,1
formatted.similar,1
Dhami,1
AM$,1
computer.psremoting,1
ALG,1
powershellpwshuninstallation,1
environmentwhere,1
returnthe,1
server01ye,1
office,1
machine.a,1
method.by,1
use.on,1
psdriveremove,1
SectionReferenceSee,1
Helpand,1
ssh.about_remoteabout_profilesabout_pssessionsabout_remote_jobsabout_remote_variablesinvoke,1
AMD,1
STARTEDAlternate,1
26928,1
Convert.ConvertTo,1
aSystem.Management.Automation.PSModuleInfo,1
discretion,1
RegistrySecurityOther,1
displaynameﾉexpand,1
26929,1
operationvalidationinvoke,1
runspacesallow,1
passwarning,1
compatiblepsedition,1
ModulesMicrosoftDocs,1
oneelement.plural,1
archiveupdate,1
123.8,1
aguideline,1
testsee,1
string.pscodemethod.codereference,1
PSPossibleIncorrectComparisonWithNull,1
script.you,1
expression.consider,1
powershell.exe.powershell.exe,1
inmust,1
testuser@ubuntuvm1s,1
remotingcross,1
PowerShellComputer,1
constraineddelegationHow,1
functionpowershellfor,1
anditem,1
documentationfeedback,1
elementsrunspace,1
ComponentOutputIf,1
policy.turn,1
HTTP.No,1
stateconfiguration,1
usingeach,1
thatencryption,1
System.Management.Automation.Provider.IContentCmdletProvider,1
format.maml,1
27607.7.2,1
7operation,1
theproviderHelp,1
documentationWelcome,1
age9ps,1
andupdate,1
APT,1
pscallstackget,1
dynamics,1
thesecurestr,1
variablesload,1
HostServiceType,1
Microsoft.PowerShell.Commands.NewItemCommand,1
element.however,1
connectionsget,1
RenameItemDynamicParameters,1
userfor,1
bracketedtype,1
pathwithout,1
configure.must,1
runspace.looked,1
conditioni,1
2warning,1
8.10.3,1
8.10.4,1
kb4533002installedby,1
stopsexecuting.the,1
24236,1
HKEY_CURRENT_USERThird,1
shell.iterm2,1
Commandcmdlet.Doesn't,1
true.XMLYou,1
-7.6.2-osx-x64,1
NameName,1
choosingparameter,1
alsolisted.powershellthis,1
appear.to,1
ie.navigate,1
cal...out,1
directory.you,1
24245,1
deps,1
OpenSSHManaging,1
byproperty,1
records.system.management.automation.cmdlet.beginprocessingsystem.management.automation.cmdlet.endprocessingsystem.management.automation.cmdlet.processrecordsystem.management.automation.pipelinestoppedexceptionsystem.management.automation.cmdlet.throwterminatingerror,1
7After,1
@corbob,1
breakpointsset,1
method.system.management.automation.cmdlet.shouldprocess,1
featuresthe,1
again.you,1
types.xmldefining,1
openfor,1
dest,1
Win32_OperatingSystemSystemDirectory,1
toproperty,1
PowerShellconsole,1
printersperforming,1
higher.if,1
CacheImport,1
Itreturns,1
AUR,1
psscriptanalyzer,1
extension７,1
toserver,1
theprocess.If,1
typenull.nullnullable,1
articleavoid,1
powershellchapter,1
givenargument,1
</getscriptblock>,1
24228,1
Accessdatabase,1
NetlogonDependentServices,1
SpecifiedSee,1
Writingthe,1
bashpassing,1
desc,1
runtimes.Microsoft.PowerShell.SDK,1
acceptedsuggestion,1
moduleimportant,1
incomingobject.if,1
thesystem.management.automation.pscmdlet,1
pagethrough,1
theenable,1
itself.Similarly,1
extension.a,1
logic.either,1
filesample,1
removed.also,1
attacheddrive,1
formatch,1
andStop,1
isusually,1
systemmeta,1
enablefuture,1
stone,1
9.79166666666667,1
extension.xml,1
runspaceslast,1
anytype,1
separatethe,1
advertise,1
method.on,1
WSMANprotocol,1
21748handle,1
returnspowershell,1
exposethe,1
methodrun,1
FahrenheitToCentigradeExport,1
cmd.exe.setting,1
matchedYou,1
centigradetofahrenheitexport,1
computerdcom,1
items.an,1
crescendocommandpowershell,1
<ModulePath>,1
ValidateRangeattributes,1
commandinvocationintrinsics.invokescript,1
hasstopp,1
member７,1
Class.Last,1
youtype,1
system.last,1
-42-generic,1
set.none.none.elementdescriptiontypes,1
processdirectly,1
doCmdlet,1
decimalint,1
cimsession1instanceid,1
andabove,1
Authoritythat,1
CredentialEnter,1
vary.now,1
PSRP.Security,1
versioned,1
hyperlinksadded,1
topic.A,1
abouttransactions.to,1
105.25,1
System.Environment.The,1
AccountNot,1
Mathias,1
helpAdding,1
cmdlets.GetProc,1
sectionsyntax,1
psuiculture,1
breading,1
toship,1
PSSessionConfigurationImport,1
overexecute,1
CommonFormat,1
itlook,1
HTML,1
escalate,1
arrayoutput,1
CharacterﾉExpand,1
com.openssh.sshdsudo,1
domain?you,1
UsingAssembly.LoadFile,1
completionvalue,1
JSON.NET,1
Equality,1
IContentWriter,1
svariable,1
parameter.powershell,1
ansystem.management.automation.errorrecord,1
first.For,1
extendan,1
userds,1
AutoHandles,1
samplepredictor.csproj,1
script.nameinstanceproperty,1
3608,1
toshow,1
memberadd,1
ThreeNow,1
ModulesDSC,1
CommentColor,1
suggestionacceptnextsuggestionword,1
use.at,1
methodallow,1
requirementsOverview,1
platforms.at,1
differenceson,1
endprocessingps,1
powershellreturn,1
property.powershellthen,1
toindicate,1
typedataremove,1
argumenta,1
file.txtPowerShellYou,1
anextend,1
executes.expressionsswitch,1
ConfigurationText,1
extension2,1
responsive,1
Sets.When,1